"grid","cell","lat","area_km2"
"ISEA aperture 4, res 6","30722",-90,12452.7849675668
"ISEA aperture 4, res 6","30786",-88.9836727170165,12452.3610891508
"ISEA aperture 4, res 6","30658",-88.9836721183597,12452.3611467384
"ISEA aperture 4, res 6","30723",-88.8866387258912,12452.9968228922
"ISEA aperture 4, res 6","30787",-88.8866389996198,12452.9968228831
"ISEA aperture 4, res 6","30659",-88.1800024454554,12452.785058998
"ISEA aperture 4, res 6","28643",-88.1800029501401,12452.7850590272
"ISEA aperture 4, res 6","30851",-88.1800029477762,12452.7850590212
"ISEA aperture 4, res 6","28641",-88.886638724603,12452.9968228865
"ISEA aperture 4, res 6","28642",-88.8866390009083,12452.9968228455
"ISEA aperture 4, res 6","28640",-88.1800024430912,12452.7850589473
"ISEA aperture 4, res 6","28576",-87.7736775382072,12452.7849842552
"ISEA aperture 4, res 6","30852",-87.7736778137595,12452.7849842656
"ISEA aperture 4, res 6","28578",-87.7736778150535,12452.7849843
"ISEA aperture 4, res 6","30850",-87.9674995607526,12452.7844908484
"ISEA aperture 4, res 6","28577",-88.0211594516797,12452.7850990948
"ISEA aperture 4, res 6","30788",-88.0211594516797,12452.785099087
"ISEA aperture 4, res 6","30915",-87.2693260905835,12452.7265674941
"ISEA aperture 4, res 6","30724",-87.7736775395011,12452.7849842661
"ISEA aperture 4, res 6","30660",-87.1578555614671,12452.8435814542
"ISEA aperture 4, res 6","28512",-86.9901636169131,12452.7851727264
"ISEA aperture 4, res 6","30853",-86.990163719011,12452.7851727569
"ISEA aperture 4, res 6","28639",-87.2693255300274,12452.7265674665
"ISEA aperture 4, res 6","30595",-87.2693255326522,12452.7265674731
"ISEA aperture 4, res 6","30916",-87.1578559910915,12452.8435814952
"ISEA aperture 4, res 6","30530",-86.9516345155358,12452.7843130609
"ISEA aperture 4, res 6","28579",-87.1578559931177,12452.8435814787
"ISEA aperture 4, res 6","30789",-86.9901636173943,12452.7851727136
"ISEA aperture 4, res 6","28575",-87.1578555594411,12452.8435814594
"ISEA aperture 4, res 6","30914",-86.9516351141928,12452.7842362312
"ISEA aperture 4, res 6","28513",-86.990163719492,12452.7851727718
"ISEA aperture 4, res 6","28511",-86.6608229424179,12452.7850516024
"ISEA aperture 4, res 6","28514",-86.6608232197804,12452.7850515914
"ISEA aperture 4, res 6","28645",-86.3028035283812,12452.7852078881
"ISEA aperture 4, res 6","30531",-86.3028029488619,12452.7852077889
"ISEA aperture 4, res 6","28447",-85.9171513668179,12452.7849673064
"ISEA aperture 4, res 6","30917",-86.6608232184804,12452.785051602
"ISEA aperture 4, res 6","30596",-86.3562191009138,12452.7863117749
"ISEA aperture 4, res 6","30979",-86.3028035256693,12452.7852078847
"ISEA aperture 4, res 6","30854",-86.0479991079151,12452.7861674652
"ISEA aperture 4, res 6","30981",-86.0846252336207,12452.7845456993
"ISEA aperture 4, res 6","30661",-86.0846248431342,12452.7845456852
"ISEA aperture 4, res 6","28580",-86.3562196058589,12452.7863118117
"ISEA aperture 4, res 6","30466",-85.9362327778804,12452.7839675783
"ISEA aperture 4, res 6","28449",-85.9171515183322,12452.7849672664
"ISEA aperture 4, res 6","30980",-86.3562196034901,12452.7863118015
"ISEA aperture 4, res 6","28446",-85.5477458157529,12452.784878943
"ISEA aperture 4, res 6","30918",-85.9171515176194,12452.7849671918
"ISEA aperture 4, res 6","30982",-85.5477460922947,12452.7848789511
"ISEA aperture 4, res 6","28638",-86.3028029461498,12452.7852078554
"ISEA aperture 4, res 6","31044",-85.4667423851862,12452.922672431
"ISEA aperture 4, res 6","28450",-85.5477460936014,12452.7848789644
"ISEA aperture 4, res 6","28573",-85.4667418441545,12452.9226723912
"ISEA aperture 4, res 6","28637",-85.3153311253833,12452.7858984916
"ISEA aperture 4, res 6","30597",-85.3529080451147,12452.6495636342
"ISEA aperture 4, res 6","28516",-85.3529085077879,12452.6495636634
"ISEA aperture 4, res 6","28581",-85.4667423877229,12452.9226724463
"ISEA aperture 4, res 6","30467",-85.3153311281326,12452.7858984697
"ISEA aperture 4, res 6","30532",-85.4667418466911,12452.9226723933
"ISEA aperture 4, res 6","30919",-85.0366323833786,12452.7868182934
"ISEA aperture 4, res 6","28451",-84.9926331096791,12452.7827517594
"ISEA aperture 4, res 6","28646",-85.3153317160339,12452.7858985177
"ISEA aperture 4, res 6","28448",-86.047999107915,12452.7861674575
"ISEA aperture 4, res 6","30662",-84.9926327409348,12452.7827517387
"ISEA aperture 4, res 6","28445",-84.9926327391935,12452.7827517306
"ISEA aperture 4, res 6","30855",-85.0366323215326,12452.7868182747
"ISEA aperture 4, res 6","28383",-85.0366323212373,12452.7868182776
"ISEA aperture 4, res 6","31046",-84.9926331079378,12452.7827517775
"ISEA aperture 4, res 6","30402",-84.9214473224654,12452.7830576935
"ISEA aperture 4, res 6","28517",-84.5282297800701,12452.7908382161
"ISEA aperture 4, res 6","28572",-84.5326546020235,12452.7970266991
"ISEA aperture 4, res 6","30726",-85.5477458170596,12452.78487895
"ISEA aperture 4, res 6","31109",-84.5282297776969,12452.7908382239
"ISEA aperture 4, res 6","30533",-84.5282292750161,12452.7908381763
"ISEA aperture 4, res 6","28508",-84.5282292726429,12452.7908381714
"ISEA aperture 4, res 6","30598",-84.306354706591,12452.7729971103
"ISEA aperture 4, res 6","30468",-84.5326546046492,12452.7970266972
"ISEA aperture 4, res 6","31107",-84.3183275427449,12452.7876104615
"ISEA aperture 4, res 6","28647",-84.3183275455122,12452.7876105047
"ISEA aperture 4, res 6","30920",-84.0798899882253,12452.7904175947
"ISEA aperture 4, res 6","28319",-84.0798899882253,12452.7904176056
"ISEA aperture 4, res 6","30727",-84.4340717016242,12452.7857197546
"ISEA aperture 4, res 6","28320",-83.9905490446796,12452.7849054382
"ISEA aperture 4, res 6","28444",-84.3063547045516,12452.7729971122
"ISEA aperture 4, res 6","31108",-84.5326551626006,12452.7970267454
"ISEA aperture 4, res 6","28384",-85.0366323836737,12452.7868182758
"ISEA aperture 4, res 6","30983",-84.8278898076304,12452.7852422866
"ISEA aperture 4, res 6","28452",-84.3063551388532,12452.7729971528
"ISEA aperture 4, res 6","31047",-84.4340719772932,12452.7857198076
"ISEA aperture 4, res 6","30534",-83.5311167862887,12452.4117518214
"ISEA aperture 4, res 6","31172",-83.5739578288092,12452.7944047278
"ISEA aperture 4, res 6","28381",-84.4340717003099,12452.7857197519
"ISEA aperture 4, res 6","30403",-84.318326953228,12452.7876104168
"ISEA aperture 4, res 6","28636",-84.3183269504606,12452.7876104206
"ISEA aperture 4, res 6","28387",-83.8912884464827,12452.7809905956
"ISEA aperture 4, res 6","28318",-83.990548941353,12452.7849054219
"ISEA aperture 4, res 6","30469",-83.6472859024881,12453.1680962037
"ISEA aperture 4, res 6","28507",-83.6472858999936,12453.1680962045
"ISEA aperture 4, res 6","31173",-83.6472864314759,12453.1680962558
"ISEA aperture 4, res 6","28583",-83.5739578314859,12452.7944047302
"ISEA aperture 4, res 6","31112",-83.3193686039702,12452.7857207456
"ISEA aperture 4, res 6","30599",-83.2358721391522,12452.7746064756
"ISEA aperture 4, res 6","28453",-83.5311172616722,12452.4117518715
"ISEA aperture 4, res 6","31171",-83.3165908252545,12452.7876564175
"ISEA aperture 4, res 6","31111",-83.8912884448083,12452.7809905744
"ISEA aperture 4, res 6","28571",-83.5739572566864,12452.7944046711
"ISEA aperture 4, res 6","30921",-83.0780963103553,12452.7896426141
"ISEA aperture 4, res 6","28255",-83.0780963550815,12452.7896426163
"ISEA aperture 4, res 6","30404",-83.5739572593632,12452.7944046704
"ISEA aperture 4, res 6","30663",-83.8912880932715,12452.7809905488
"ISEA aperture 4, res 6","30984",-83.9905490441886,12452.7849054368
"ISEA aperture 4, res 6","28379",-83.2358721372111,12452.7746064629
"ISEA aperture 4, res 6","28518",-83.6472864339703,12453.168096255
"ISEA aperture 4, res 6","31170",-82.8943371797522,12452.7827947904
"ISEA aperture 4, res 6","28253",-82.9245411588904,12452.7833124669
"ISEA aperture 4, res 6","28388",-83.2358725491077,12452.7746065237
"ISEA aperture 4, res 6","28519",-82.7311575209544,12452.9017725323
"ISEA aperture 4, res 6","28254",-83.0780963101402,12452.7896426169
"ISEA aperture 4, res 6","28648",-83.3165908280308,12452.7876564267
"ISEA aperture 4, res 6","30339",-83.316590233182,12452.7876563595
"ISEA aperture 4, res 6","28252",-82.6272598905545,12452.7850017578
"ISEA aperture 4, res 6","31175",-83.2358725471666,12452.7746065259
"ISEA aperture 4, res 6","30857",-82.9245411595214,12452.7833124762
"ISEA aperture 4, res 6","31238",-82.6958653839718,12452.8162403367
"ISEA aperture 4, res 6","31239",-82.4979666890124,12452.6435227426
"ISEA aperture 4, res 6","31113",-82.6272601004213,12452.7850017871
"ISEA aperture 4, res 6","28258",-82.2031295246032,12452.7849250054
"ISEA aperture 4, res 6","31236",-82.6008202349003,12452.7870543929
"ISEA aperture 4, res 6","30535",-82.4979662396083,12452.6435226787
"ISEA aperture 4, res 6","31177",-82.2031295232709,12452.7849249919
"ISEA aperture 4, res 6","28251",-82.2031292455586,12452.7849249389
"ISEA aperture 4, res 6","28389",-82.497966691147,12452.6435227429
"ISEA aperture 4, res 6","28257",-82.6272601014292,12452.785001789
"ISEA aperture 4, res 6","30664",-82.7840224953415,12452.7784790758
"ISEA aperture 4, res 6","31049",-82.9245412901384,12452.7833124915
"ISEA aperture 4, res 6","31240",-82.1503269194617,12452.7873236058
"ISEA aperture 4, res 6","28570",-82.6008196554627,12452.7870543318
"ISEA aperture 4, res 6","30470",-82.6958648813693,12452.8162402804
"ISEA aperture 4, res 6","28634",-82.3125273517008,12452.7887333152
"ISEA aperture 4, res 6","30341",-81.7923056016442,12452.8149881687
"ISEA aperture 4, res 6","28569",-81.6189043708892,12452.7871844431
"ISEA aperture 4, res 6","28191",-82.0476643180639,12452.7820222598
"ISEA aperture 4, res 6","30210",-81.8823150554148,12452.7832197263
"ISEA aperture 4, res 6","30922",-82.0476642400586,12452.7820222403
"ISEA aperture 4, res 6","30665",-81.6721427550223,12452.7874077889
"ISEA aperture 4, res 6","28189",-82.0476642396804,12452.7820222311
"ISEA aperture 4, res 6","28377",-81.7003086287274,12452.1097107088
"ISEA aperture 4, res 6","31303",-81.700309110779,12452.1097107719
"ISEA aperture 4, res 6","30406",-81.8196957895959,12453.4785514291
"ISEA aperture 4, res 6","31235",-82.3125279481746,12452.788733383
"ISEA aperture 4, res 6","28190",-82.1162170678133,12452.8022875479
"ISEA aperture 4, res 6","30858",-81.8455924268932,12452.7829270937
"ISEA aperture 4, res 6","31234",-81.8823156540746,12452.7832194779
"ISEA aperture 4, res 6","28188",-81.8455924261564,12452.7829270923
"ISEA aperture 4, res 6","28187",-81.5199136544937,12452.7861894315
"ISEA aperture 4, res 6","31300",-81.618904955226,12452.7871845203
"ISEA aperture 4, res 6","28193",-81.5199138748595,12452.7861894766
"ISEA aperture 4, res 6","31301",-81.7923061594117,12452.8149882452
"ISEA aperture 4, res 6","28194",-81.0847525294785,12452.7791275045
"ISEA aperture 4, res 6","28259",-81.6721430891251,12452.7874078331
"ISEA aperture 4, res 6","31304",-81.440879832282,12452.7464030616
"ISEA aperture 4, res 6","28126",-81.1203790029254,12452.7957727658
"ISEA aperture 4, res 6","28585",-81.6189049579522,12452.7871845209
"ISEA aperture 4, res 6","28441",-81.8196957871267,12453.4785514382
"ISEA aperture 4, res 6","30211",-81.3075162442358,12452.7871134228
"ISEA aperture 4, res 6","30601",-81.0540919431819,12452.7871808115
"ISEA aperture 4, res 6","28192",-81.8455925789994,12452.7829271221
"ISEA aperture 4, res 6","28249",-81.0540919413665,12452.7871808213
"ISEA aperture 4, res 6","28440",-80.9152180018934,12453.5973283395
"ISEA aperture 4, res 6","30795",-80.4084465219709,12452.7846969474
"ISEA aperture 4, res 6","28504",-80.8384319911593,12452.8202769829
"ISEA aperture 4, res 6","30859",-80.7571451121686,12452.7818633355
"ISEA aperture 4, res 6","28260",-81.0540923230487,12452.7871808865
"ISEA aperture 4, res 6","28128",-80.7571452801865,12452.7818633752
"ISEA aperture 4, res 6","31298",-80.8715176580753,12452.7829222018
"ISEA aperture 4, res 6","31367",-80.859358899826,12452.1849460504
"ISEA aperture 4, res 6","30407",-80.8593583975259,12452.184945969
"ISEA aperture 4, res 6","28521",-80.8384325624473,12452.8202770571
"ISEA aperture 4, res 6","31179",-80.7571452793651,12452.7818633726
"ISEA aperture 4, res 6","30730",-81.0847522515086,12452.7791274493
"ISEA aperture 4, res 6","31368",-80.6738251558742,12452.6028417323
"ISEA aperture 4, res 6","31366",-80.9152185425543,12453.5973284206
"ISEA aperture 4, res 6","30666",-80.5560038347451,12452.7868999333
"ISEA aperture 4, res 6","31299",-81.3075168390203,12452.7871134958
"ISEA aperture 4, res 6","28186",-81.0847522501659,12452.7791274526
"ISEA aperture 4, res 6","31431",-79.9868959574175,12453.7136536915
"ISEA aperture 4, res 6","28123",-80.757145111347,12452.7818633361
"ISEA aperture 4, res 6","28376",-80.8593583951498,12452.1849459751
"ISEA aperture 4, res 6","28061",-80.1563774230495,12452.8523011822
"ISEA aperture 4, res 6","31365",-80.8384325597916,12452.8202770569
"ISEA aperture 4, res 6","31115",-80.9975787329154,12452.7814540826
"ISEA aperture 4, res 6","28185",-80.5560038331654,12452.7868998955
"ISEA aperture 4, res 6","31363",-80.3024353234104,12452.7880453515
"ISEA aperture 4, res 6","30731",-79.9635109159323,12452.7879435175
"ISEA aperture 4, res 6","30537",-80.3666245524857,12452.7305475407
"ISEA aperture 4, res 6","28130",-79.9635111940585,12452.7879435874
"ISEA aperture 4, res 6","28327",-79.863173853429,12451.9508680538
"ISEA aperture 4, res 6","28311",-79.863173365269,12451.9508679571
"ISEA aperture 4, res 6","31116",-80.0999846078918,12452.7579560013
"ISEA aperture 4, res 6","28248",-80.3666245505,12452.7305475294
"ISEA aperture 4, res 6","28129",-80.4084467485079,12452.784696998
"ISEA aperture 4, res 6","28059",-79.9328541027102,12452.7915974366
"ISEA aperture 4, res 6","28375",-79.9868954357179,12453.7136536114
"ISEA aperture 4, res 6","28392",-79.9868959598679,12453.7136536955
"ISEA aperture 4, res 6","31369",-80.3666249670426,12452.7305476203
"ISEA aperture 4, res 6","31429",-79.8745187077708,12452.8242391254
"ISEA aperture 4, res 6","30082",-79.8620919612802,12452.7882994412
"ISEA aperture 4, res 6","28196",-79.9493565089939,12452.7884300509
"ISEA aperture 4, res 6","30278",-79.9909124213638,12452.9808279872
"ISEA aperture 4, res 6","31052",-80.1563774230495,12452.8523011838
"ISEA aperture 4, res 6","28522",-79.874518710449,12452.8242391283
"ISEA aperture 4, res 6","31362",-79.8620925599418,12452.7879895066
"ISEA aperture 4, res 6","28457",-79.9909129730216,12452.9808280843
"ISEA aperture 4, res 6","28058",-79.6608003393951,12452.7870689137
"ISEA aperture 4, res 6","28183",-79.279079612315,12452.7133140127
"ISEA aperture 4, res 6","28120",-79.4354338724145,12452.7879577708
"ISEA aperture 4, res 6","27998",-79.0607440503947,12452.7956496815
"ISEA aperture 4, res 6","28262",-79.6245308116057,12452.5395541963
"ISEA aperture 4, res 6","30860",-79.6608003402872,12452.7870689108
"ISEA aperture 4, res 6","30213",-79.8745181358166,12452.8242390352
"ISEA aperture 4, res 6","30214",-79.05263285884,12453.0109211017
"ISEA aperture 4, res 6","28587",-79.6411724053621,12452.7913026093
"ISEA aperture 4, res 6","27996",-79.1646436887283,12452.8236267241
"ISEA aperture 4, res 6","28064",-79.6608005207977,12452.7870689565
"ISEA aperture 4, res 6","30667",-79.435433873981,12452.7879577605
"ISEA aperture 4, res 6","30989",-79.0607439648566,12452.7956496545
"ISEA aperture 4, res 6","31117",-79.1646437175231,12452.8236267328
"ISEA aperture 4, res 6","30538",-79.2790796142478,12452.7133140063
"ISEA aperture 4, res 6","31427",-79.2978942994773,12452.7939153102
"ISEA aperture 4, res 6","28131",-79.435434196598,12452.7879578443
"ISEA aperture 4, res 6","28057",-79.2925312106234,12452.7879423793
"ISEA aperture 4, res 6","28393",-79.091392786927,12453.8439569257
"ISEA aperture 4, res 6","28502",-78.9039320929652,12452.8368984694
"ISEA aperture 4, res 6","31494",-79.0526334161745,12453.0109212034
"ISEA aperture 4, res 6","30084",-78.6490547908014,12452.787960375
"ISEA aperture 4, res 6","30018",-78.8541878863949,12452.7843439945
"ISEA aperture 4, res 6","31426",-78.8541884850577,12452.784343132
"ISEA aperture 4, res 6","28066",-78.8385176354336,12452.7879587068
"ISEA aperture 4, res 6","31497",-78.8397770762043,12451.3213595985
"ISEA aperture 4, res 6","30409",-78.8397766092335,12451.3213594974
"ISEA aperture 4, res 6","28458",-79.0526334187863,12453.0109212004
"ISEA aperture 4, res 6","30603",-78.8371143930782,12452.7879756675
"ISEA aperture 4, res 6","30796",-79.2925312117683,12452.7879423779
"ISEA aperture 4, res 6","28652",-79.2978943022556,12452.7939153102
"ISEA aperture 4, res 6","28328",-79.0195724419725,12453.0197902734
"ISEA aperture 4, res 6","28566",-78.6490547880548,12452.7879603767
"ISEA aperture 4, res 6","28630",-78.2943507518588,12452.787955637
"ISEA aperture 4, res 6","30925",-78.8561909351517,12452.8014700246
"ISEA aperture 4, res 6","28264",-78.0218784378673,12451.5211412123
"ISEA aperture 4, res 6","30215",-78.179024414095,12454.2266490902
"ISEA aperture 4, res 6","28133",-78.1804549030378,12452.6875365233
"ISEA aperture 4, res 6","27992",-78.1714215839953,12452.7879587874
"ISEA aperture 4, res 6","31309",-78.5570416709502,12452.7821028824
"ISEA aperture 4, res 6","31559",-78.1790249563789,12454.226649205
"ISEA aperture 4, res 6","28373",-78.1790244115512,12454.2266490948
"ISEA aperture 4, res 6","28523",-78.9039326747787,12452.8368985646
"ISEA aperture 4, res 6","28067",-78.3099011610954,12452.7879794952
"ISEA aperture 4, res 6","28198",-78.5575072025413,12452.8029113901
"ISEA aperture 4, res 6","28118",-78.1804545089457,12452.6875364247
"ISEA aperture 4, res 6","28056",-78.83851735592,12452.7879586396
"ISEA aperture 4, res 6","28501",-77.9290451536169,12452.816808334
"ISEA aperture 4, res 6","31437",-77.7086750360837,12452.7879836626
"ISEA aperture 4, res 6","27993",-78.5570414804312,12452.7821028185
"ISEA aperture 4, res 6","31561",-78.0218784355644,12451.5211412141
"ISEA aperture 4, res 6","28653",-78.2943513539487,12452.7879557314
"ISEA aperture 4, res 6","30410",-77.7949685079125,12452.4132910248
"ISEA aperture 4, res 6","28002",-77.7086750374647,12452.7879836568
"ISEA aperture 4, res 6","30668",-78.3099008428362,12452.7879793932
"ISEA aperture 4, res 6","30604",-77.7176388967127,12452.7880051651
"ISEA aperture 4, res 6","30926",-77.7687700665002,12452.7856067768
"ISEA aperture 4, res 6","30085",-77.9290451563187,12452.816808333
"ISEA aperture 4, res 6","28309",-78.1510909874233,12453.050289015
"ISEA aperture 4, res 6","28329",-78.1510915083137,12453.0502891148
"ISEA aperture 4, res 6","31560",-78.1510915058813,12453.050289121
"ISEA aperture 4, res 6","30020",-77.6563518401735,12452.8093887568
"ISEA aperture 4, res 6","28181",-77.7949685057523,12452.4132909749
"ISEA aperture 4, res 6","28524",-77.9290457388769,12452.8168084459
"ISEA aperture 4, res 6","30540",-77.071946098203,12452.6549831308
"ISEA aperture 4, res 6","31556",-77.6563524309708,12452.8093888649
"ISEA aperture 4, res 6","31247",-77.1189193285584,12452.7472590766
"ISEA aperture 4, res 6","27930",-78.0059755021645,12452.7724467746
"ISEA aperture 4, res 6","28053",-77.0719460963486,12452.6549831291
"ISEA aperture 4, res 6","28117",-77.4759748095707,12452.8070789412
"ISEA aperture 4, res 6","31555",-77.2921705478251,12452.7879661456
"ISEA aperture 4, res 6","31557",-77.9290457361751,12452.8168084419
"ISEA aperture 4, res 6","28372",-77.2543724866287,12453.1201099253
"ISEA aperture 4, res 6","31562",-77.7949689601308,12452.4132911391
"ISEA aperture 4, res 6","31310",-77.7687702188256,12452.7856068351
"ISEA aperture 4, res 6","28069",-77.0719464806241,12452.6549832559
"ISEA aperture 4, res 6","30345",-78.0218779498988,12451.5211410961
"ISEA aperture 4, res 6","28200",-76.9999698173951,12451.1245071816
"ISEA aperture 4, res 6","30862",-77.445530306217,12452.7855811992
"ISEA aperture 4, res 6","29890",-76.8435283284298,12452.7896846973
"ISEA aperture 4, res 6","30411",-76.732722491961,12452.2965402109
"ISEA aperture 4, res 6","28244",-77.1783522239147,12453.1228981427
"ISEA aperture 4, res 6","28590",-76.6638769559756,12452.8348172106
"ISEA aperture 4, res 6","31055",-77.1189192560189,12452.7472590438
"ISEA aperture 4, res 6","31374",-77.445530503835,12452.7855812737
"ISEA aperture 4, res 6","30216",-77.263883397543,12454.3588769868
"ISEA aperture 4, res 6","29955",-77.2921699509578,12452.787966038
"ISEA aperture 4, res 6","28525",-76.9515905488442,12452.7978851776
"ISEA aperture 4, res 6","28003",-77.1785774824923,12452.7880148046
"ISEA aperture 4, res 6","27866",-77.1189192556372,12452.7472590436
"ISEA aperture 4, res 6","31563",-77.4759752283972,12452.8070790631
"ISEA aperture 4, res 6","28180",-76.9999693419109,12451.1245070454
"ISEA aperture 4, res 6","28629",-77.2921699481873,12452.7879660367
"ISEA aperture 4, res 6","28308",-77.2638833950662,12454.3588769778
"ISEA aperture 4, res 6","27865",-76.9372743360712,12452.7701266166
"ISEA aperture 4, res 6","30798",-77.0439571058465,12452.7879885997
"ISEA aperture 4, res 6","27928",-77.4455303052076,12452.7855811835
"ISEA aperture 4, res 6","27938",-76.5726211682507,12452.788027913
"ISEA aperture 4, res 6","31439",-76.325179366241,12452.7769239516
"ISEA aperture 4, res 6","28435",-76.1902617290443,12452.8000516047
"ISEA aperture 4, res 6","28628",-76.2916553221708,12452.7879778978
"ISEA aperture 4, res 6","31687",-76.3209002552557,12453.1581515907
"ISEA aperture 4, res 6","31619",-76.2916559220618,12452.7879780144
"ISEA aperture 4, res 6","30476",-76.3820042434734,12452.8148263163
"ISEA aperture 4, res 6","29956",-76.6638763613159,12452.834817093
"ISEA aperture 4, res 6","31120",-76.2016397103171,12452.7708113369
"ISEA aperture 4, res 6","28526",-75.9728766993253,12452.7987934509
"ISEA aperture 4, res 6","31554",-76.8435289270953,12452.7896836749
"ISEA aperture 4, res 6","30022",-76.1902617317032,12452.8000516087
"ISEA aperture 4, res 6","31566",-76.0403690693141,12452.7880763757
"ISEA aperture 4, res 6","28243",-76.3151456639752,12453.1645108017
"ISEA aperture 4, res 6","27988",-75.9541326546904,12452.6108782087
"ISEA aperture 4, res 6","31312",-76.0701857110483,12452.7704040375
"ISEA aperture 4, res 6","28179",-76.1794537893006,12450.9330516374
"ISEA aperture 4, res 6","29891",-76.2916553249363,12452.7879779012
"ISEA aperture 4, res 6","28461",-76.1902623070006,12452.8000517352
"ISEA aperture 4, res 6","31692",-75.655868943104,12452.8191309234
"ISEA aperture 4, res 6","27862",-75.908502641199,12452.806804996
"ISEA aperture 4, res 6","28563",-75.6722656319311,12452.829379916
"ISEA aperture 4, res 6","30412",-75.655868516171,12452.8191307761
"ISEA aperture 4, res 6","28071",-75.6558689451587,12452.8191309207
"ISEA aperture 4, res 6","30282",-76.179453791602,12450.9330516298
"ISEA aperture 4, res 6","27924",-75.4558650886912,12452.7881348863
"ISEA aperture 4, res 6","31618",-75.841062343526,12452.7926651731
"ISEA aperture 4, res 6","28201",-76.1794542804169,12450.9330517725
"ISEA aperture 4, res 6","27807",-75.5605452123361,12452.7660451692
"ISEA aperture 4, res 6","31753",-75.4369882044899,12453.2086454044
"ISEA aperture 4, res 6","28114",-75.1592699943764,12452.9318154564
"ISEA aperture 4, res 6","28656",-75.2930711805604,12452.7993672387
"ISEA aperture 4, res 6","29827",-75.2930705804678,12452.7993671185
"ISEA aperture 4, res 6","28306",-75.451204873,12454.7289332195
"ISEA aperture 4, res 6","31567",-75.4286738578472,12452.7881131756
"ISEA aperture 4, res 6","28498",-74.9939243648247,12452.7997508532
"ISEA aperture 4, res 6","31504",-75.1940756018778,12452.7528176679
"ISEA aperture 4, res 6","27736",-75.0047716722479,12452.7404308856
"ISEA aperture 4, res 6","30799",-75.9085026424469,12452.8068049934
"ISEA aperture 4, res 6","28137",-75.159270471989,12452.9318156121
"ISEA aperture 4, res 6","30218",-75.3390822340416,12450.7315090443
"ISEA aperture 4, res 6","31313",-75.1734817871861,12452.7350581241
"ISEA aperture 4, res 6","30283",-75.1592699966177,12452.9318154546
"ISEA aperture 4, res 6","28178",-75.3390822316925,12450.7315090476
"ISEA aperture 4, res 6","31693",-75.2769974070961,12452.7119747641
"ISEA aperture 4, res 6","31185",-75.2589450652503,12452.833353862
"ISEA aperture 4, res 6","27739",-75.2589450865871,12452.8333538762
"ISEA aperture 4, res 6","30348",-74.9004965711291,12452.0697910188
"ISEA aperture 4, res 6","31751",-75.3812767307844,12453.1981381863
"ISEA aperture 4, res 6","27941",-74.827280809716,12452.6644131718
"ISEA aperture 4, res 6","28267",-75.4369882069371,12453.2086454054
"ISEA aperture 4, res 6","31754",-75.3390827334286,12450.7315091929
"ISEA aperture 4, res 6","28370",-75.3812761664295,12453.198138027
"ISEA aperture 4, res 6","31249",-75.2589450864677,12452.8333538758
"ISEA aperture 4, res 6","28562",-74.6820367281631,12452.7985618488
"ISEA aperture 4, res 6","29762",-74.8406937436677,12452.795850764
"ISEA aperture 4, res 6","27740",-75.1734817875412,12452.7350581195
"ISEA aperture 4, res 6","31748",-74.682037324429,12452.7985619785
"ISEA aperture 4, res 6","27737",-75.1734817235988,12452.7350580826
"ISEA aperture 4, res 6","27808",-75.1940756029891,12452.7528176639
"ISEA aperture 4, res 6","28202",-75.3390827357777,12450.7315091962
"ISEA aperture 4, res 6","30413",-74.5666217015873,12452.8334313155
"ISEA aperture 4, res 6","27742",-74.7570470701362,12452.7947399121
"ISEA aperture 4, res 6","31749",-74.9939249539303,12452.7997509891
"ISEA aperture 4, res 6","31818",-74.4834797203557,12453.3460336221
"ISEA aperture 4, res 6","27859",-74.3124350730177,12452.7347297734
"ISEA aperture 4, res 6","31757",-74.5666221173065,12452.8334314822
"ISEA aperture 4, res 6","28333",-74.5323584024979,12454.9279378516
"ISEA aperture 4, res 6","31817",-74.5476717218092,12453.2552026744
"ISEA aperture 4, res 6","28398",-74.4376010425796,12453.2400424514
"ISEA aperture 4, res 6","31378",-74.1260613902711,12452.7152469925
"ISEA aperture 4, res 6","31314",-74.2516956549573,12452.7220303702
"ISEA aperture 4, res 6","28626",-74.2966511834584,12452.836429941
"ISEA aperture 4, res 6","28527",-74.993924956638,12452.7997509934
"ISEA aperture 4, res 6","29763",-74.2966511862112,12452.8364299396
"ISEA aperture 4, res 6","31747",-74.2966517837139,12452.8364300722
"ISEA aperture 4, res 6","28592",-74.6820373271659,12452.7985619775
"ISEA aperture 4, res 6","31632",-74.2748207772095,12452.7199887723
"ISEA aperture 4, res 6","30607",-74.3124350746883,12452.7347297615
"ISEA aperture 4, res 6","27744",-74.0492961677261,12452.7102740616
"ISEA aperture 4, res 6","30025",-73.6502680697562,12453.304065952
"ISEA aperture 4, res 6","31881",-73.6502686083817,12453.3040661174
"ISEA aperture 4, res 6","31505",-74.4361935126855,12452.7353160776
"ISEA aperture 4, res 6","28433",-74.2645874989766,12452.8024089871
"ISEA aperture 4, res 6","27986",-74.5666216995795,12452.8334313077
"ISEA aperture 4, res 6","27922",-74.1621124171127,12452.5190159559
"ISEA aperture 4, res 6","28177",-74.4834792078312,12453.3460334518
"ISEA aperture 4, res 6","27858",-73.6917106071108,12452.6386362634
"ISEA aperture 4, res 6","27675",-74.2516956551923,12452.7220303711
"ISEA aperture 4, res 6","28139",-73.5075403516087,12449.8601081356
"ISEA aperture 4, res 6","28138",-74.3408421231023,12450.1241076118
"ISEA aperture 4, res 6","30801",-73.6041639660173,12452.6821000884
"ISEA aperture 4, res 6","27671",-73.9205622570617,12452.5485389969
"ISEA aperture 4, res 6","28049",-74.1218427943862,12451.9924587172
"ISEA aperture 4, res 6","31812",-73.6936226611718,12452.799407524
"ISEA aperture 4, res 6","28176",-73.6164419476272,12453.4081234329
"ISEA aperture 4, res 6","31883",-73.5075403492858,12449.8601081401
"ISEA aperture 4, res 6","31123",-73.0559817823111,12452.3620277773
"ISEA aperture 4, res 6","28464",-73.3007963351895,12452.8036757853
"ISEA aperture 4, res 6","30090",-73.616441950039,12453.4081234304
"ISEA aperture 4, res 6","31884",-73.3249794799897,12451.911480488
"ISEA aperture 4, res 6","27669",-73.2933815206829,12452.2442719008
"ISEA aperture 4, res 6","29830",-73.300795751871,12452.803675627
"ISEA aperture 4, res 6","31877",-73.0384343238116,12452.8018104163
"ISEA aperture 4, res 6","31379",-73.2230216053038,12452.6695246984
"ISEA aperture 4, res 6","28625",-73.3026120552075,12452.7982910119
"ISEA aperture 4, res 6","30930",-73.2933815217358,12452.2442719003
"ISEA aperture 4, res 6","31823",-73.0388078677263,12452.6458781177
"ISEA aperture 4, res 6","31315",-73.3079589862565,12452.7596274328
"ISEA aperture 4, res 6","30672",-73.7379824994184,12452.7011667606
"ISEA aperture 4, res 6","30414",-73.4671080893311,12452.4190948133
"ISEA aperture 4, res 6","27612",-73.0559818749884,12452.3620278789
"ISEA aperture 4, res 6","31443",-73.0559818744125,12452.3620278768
"ISEA aperture 4, res 6","28529",-73.0384343265116,12452.8018104136
"ISEA aperture 4, res 6","31697",-73.1088949081825,12452.6516597056
"ISEA aperture 4, res 6","30350",-72.7482561778123,12452.6221904132
"ISEA aperture 4, res 6","27730",-72.5715134002887,12451.2915180418
"ISEA aperture 4, res 6","31946",-72.7411096319696,12453.4729883387
"ISEA aperture 4, res 6","27611",-73.2230216056572,12452.6695246984
"ISEA aperture 4, res 6","28111",-72.6631128058546,12449.5848067354
"ISEA aperture 4, res 6","27613",-72.8122258872371,12451.879078714
"ISEA aperture 4, res 6","28239",-72.747292576176,12455.8060571503
"ISEA aperture 4, res 6","27812",-73.1600928192758,12452.6813021171
"ISEA aperture 4, res 6","31760",-73.1600928176227,12452.6813021025
"ISEA aperture 4, res 6","31885",-73.0709529660241,12452.8470177509
"ISEA aperture 4, res 6","27606",-72.8122257592489,12451.879078573
"ISEA aperture 4, res 6","28175",-72.7411091027141,12453.4729881514
"ISEA aperture 4, res 6","30091",-72.6631128082032,12449.5848067388
"ISEA aperture 4, res 6","30673",-72.5715134018318,12451.2915163711
"ISEA aperture 4, res 6","28658",-73.302612658342,12452.7982911519
"ISEA aperture 4, res 6","31316",-72.3436201608516,12452.7846282796
"ISEA aperture 4, res 6","31571",-72.4991817431327,12452.6607211534
"ISEA aperture 4, res 6","27920",-72.7482561757936,12452.6221904085
"ISEA aperture 4, res 6","27605",-72.4991815836614,12452.6607209651
"ISEA aperture 4, res 6","30802",-72.4291869354822,12451.4153481071
"ISEA aperture 4, res 6","27543",-72.1673298367484,12452.5244040415
"ISEA aperture 4, res 6","31762",-71.9293964875138,12455.5909471995
"ISEA aperture 4, res 6","31824",-72.548449543384,12452.6608294847
"ISEA aperture 4, res 6","28270",-72.7472931257111,12455.8060573307
"ISEA aperture 4, res 6","28530",-72.063132533089,12452.8029100878
"ISEA aperture 4, res 6","27667",-72.4291869341476,12451.4153487098
"ISEA aperture 4, res 6","31698",-72.4291871781525,12451.4153498624
"ISEA aperture 4, res 6","31947",-72.6631133150619,12449.5848069349
"ISEA aperture 4, res 6","31124",-71.9542792289774,12453.1338631504
"ISEA aperture 4, res 6","27681",-72.4291871794871,12451.4153483207
"ISEA aperture 4, res 6","30092",-71.693232178236,12452.8717372976
"ISEA aperture 4, res 6","27604",-72.1256824398625,12453.2094680105
"ISEA aperture 4, res 6","30738",-71.9293962201069,12455.5909466699
"ISEA aperture 4, res 6","30221",-72.296050120911,12451.3568844636
"ISEA aperture 4, res 6","31950",-72.0108224573835,12452.7971882223
"ISEA aperture 4, res 6","27879",-72.3600785611478,12452.2760417953
"ISEA aperture 4, res 6","27548",-71.954279332757,12453.1338632917
"ISEA aperture 4, res 6","28465",-72.3376525142419,12452.8049987852
"ISEA aperture 4, res 6","28366",-71.5975797132788,12453.1286976682
"ISEA aperture 4, res 6","32010",-71.8600950371839,12453.5404012226
"ISEA aperture 4, res 6","31940",-71.7236746618103,12452.8012151408
"ISEA aperture 4, res 6","27729",-71.9997044237814,12452.8086320398
"ISEA aperture 4, res 6","30995",-72.4991815846223,12452.6607209799
"ISEA aperture 4, res 6","27603",-71.7013063769555,12453.6181653121
"ISEA aperture 4, res 6","30609",-71.999704425409,12452.8086325811
"ISEA aperture 4, res 6","29897",-71.840824733031,12456.0743909307
"ISEA aperture 4, res 6","30286",-72.0108220211923,12452.797184462
"ISEA aperture 4, res 6","28531",-71.0901320053556,12452.8016778181
"ISEA aperture 4, res 6","31825",-71.9997047433338,12452.8086327151
"ISEA aperture 4, res 6","28011",-71.5088636531275,12451.4667247866
"ISEA aperture 4, res 6","27666",-71.9293962183404,12455.5909468504
"ISEA aperture 4, res 6","30996",-71.3216755108593,12453.2722836207
"ISEA aperture 4, res 6","32014",-71.2594058092836,12444.2448402389
"ISEA aperture 4, res 6","31060",-71.668752377236,12452.7416849617
"ISEA aperture 4, res 6","31874",-71.8535724732002,12452.8745662243
"ISEA aperture 4, res 6","27815",-71.2115133786942,12446.7310399569
"ISEA aperture 4, res 6","31572",-71.668752511114,12452.7416856472
"ISEA aperture 4, res 6","31317",-71.3563397609563,12451.6718092185
"ISEA aperture 4, res 6","27665",-71.4069395904635,12450.7897177189
"ISEA aperture 4, res 6","32008",-71.7530431056883,12452.9120565689
"ISEA aperture 4, res 6","27482",-71.2578190274653,12453.4858754589
"ISEA aperture 4, res 6","31826",-71.4069398894211,12450.789718058
"ISEA aperture 4, res 6","31636",-71.3216756726371,12453.2722835897
"ISEA aperture 4, res 6","27749",-71.3868047622175,12444.8141808548
"ISEA aperture 4, res 6","28596",-70.7427572602659,12452.8043499896
"ISEA aperture 4, res 6","28012",-70.7129700672675,12449.5003013104
"ISEA aperture 4, res 6","32076",-70.8651501350148,12453.0443236263
"ISEA aperture 4, res 6","32004",-70.7427572575577,12452.8043499853
"ISEA aperture 4, res 6","27854",-70.8845938830022,12454.6424013884
"ISEA aperture 4, res 6","27551",-70.9855467578972,12452.5109140375
"ISEA aperture 4, res 6","27918",-71.2594053587672,12444.2448373467
"ISEA aperture 4, res 6","31763",-71.2719809067853,12452.3105623436
"ISEA aperture 4, res 6","29702",-71.3759211177661,12453.0545641604
"ISEA aperture 4, res 6","27791",-71.2115129847664,12446.7310420242
"ISEA aperture 4, res 6","28207",-70.9755926035447,12453.4375489221
"ISEA aperture 4, res 6","32072",-70.8243482193988,12452.8264531336
"ISEA aperture 4, res 6","27539",-70.9855465599857,12452.5109137421
"ISEA aperture 4, res 6","28623",-71.3224599830671,12452.8019717226
"ISEA aperture 4, res 6","30158",-70.412751171117,12459.6477482363
"ISEA aperture 4, res 6","31938",-70.8629792182644,12452.8910532944
"ISEA aperture 4, res 6","28237",-70.9326034715815,12456.223066509
"ISEA aperture 4, res 6","31574",-69.9867792061705,12452.5825948674
"ISEA aperture 4, res 6","32074",-70.975592601096,12453.4375489255
"ISEA aperture 4, res 6","27664",-70.8336565492508,12446.8196989268
"ISEA aperture 4, res 6","32070",-70.4162551438042,12453.2779188223
"ISEA aperture 4, res 6","32003",-70.3367122321241,12452.8028451948
"ISEA aperture 4, res 6","29573",-70.119853962309,12452.7758246476
"ISEA aperture 4, res 6","32069",-70.1198545538207,12452.7758248277
"ISEA aperture 4, res 6","28236",-70.0240972611321,12456.6102289364
"ISEA aperture 4, res 6","27485",-70.5542824094219,12452.6120326465
"ISEA aperture 4, res 6","27619",-70.2517076669352,12447.5457844752
"ISEA aperture 4, res 6","30352",-70.4756438045567,12454.4317022489
"ISEA aperture 4, res 6","28142",-70.9530031970741,12448.8731265244
"ISEA aperture 4, res 6","28143",-70.0922474925843,12448.6511290164
"ISEA aperture 4, res 6","29964",-70.0326472285747,12450.138316931
"ISEA aperture 4, res 6","31382",-70.3942073614608,12449.8151022746
"ISEA aperture 4, res 6","28532",-70.1198545564989,12452.775824825
"ISEA aperture 4, res 6","27620",-69.6729748372149,12454.2278963245
"ISEA aperture 4, res 6","30933",-69.8822388880908,12451.2483580431
"ISEA aperture 4, res 6","31254",-70.1470863245647,12452.8323046271
"ISEA aperture 4, res 6","32017",-70.0334840532227,12459.0458946603
"ISEA aperture 4, res 6","27685",-70.2161267435905,12454.4934581477
"ISEA aperture 4, res 6","27816",-70.4756442173438,12454.4317020472
"ISEA aperture 4, res 6","31510",-70.1470863855232,12452.832304606
"ISEA aperture 4, res 6","27948",-69.5419928258711,12453.0237586769
"ISEA aperture 4, res 6","30223",-70.0773066644281,12459.0808442373
"ISEA aperture 4, res 6","32137",-70.0240978211318,12456.6102291346
"ISEA aperture 4, res 6","31638",-69.7629200438519,12452.381783817
"ISEA aperture 4, res 6","29834",-70.0894577033817,12453.6460638097
"ISEA aperture 4, res 6","28078",-70.0326477410964,12450.1383188559
"ISEA aperture 4, res 6","27553",-70.139643245542,12446.0798697471
"ISEA aperture 4, res 6","28622",-70.3367116314571,12452.8028450386
"ISEA aperture 4, res 6","32002",-69.875164174384,12452.9082898771
"ISEA aperture 4, res 6","28108",-70.0922469598909,12448.6511309802
"ISEA aperture 4, res 6","29442",-69.8751635757046,12452.9082914629
"ISEA aperture 4, res 6","27789",-69.7072680912524,12458.4662674673
"ISEA aperture 4, res 6","31956",-69.1015250838375,12453.9805635154
"ISEA aperture 4, res 6","27349",-69.1488328576876,12452.3774810822
"ISEA aperture 4, res 6","27353",-69.2915197756365,12452.4026767684
"ISEA aperture 4, res 6","32143",-69.2435540197361,12453.0014674759
"ISEA aperture 4, res 6","27412",-69.7629199157083,12452.3817839818
"ISEA aperture 4, res 6","31765",-69.8822390955298,12451.2483578954
"ISEA aperture 4, res 6","32067",-69.3540772378514,12452.7985093552
"ISEA aperture 4, res 6","27422",-69.1542442639961,12446.9086193389
"ISEA aperture 4, res 6","31255",-69.1488328581599,12452.377481081
"ISEA aperture 4, res 6","30288",-69.707268093425,12458.4662674733
"ISEA aperture 4, res 6","30029",-69.8051270191621,12453.0467664136
"ISEA aperture 4, res 6","29704",-69.8965631730281,12452.9083391516
"ISEA aperture 4, res 6","28044",-70.0326472251514,12450.1383198735
"ISEA aperture 4, res 6","28468",-69.4592153921558,12453.3638927464
"ISEA aperture 4, res 6","29508",-69.764903740931,12452.7880894633
"ISEA aperture 4, res 6","31319",-69.2915197280059,12452.4026768889
"ISEA aperture 4, res 6","27916",-69.541992341477,12453.0237588786
"ISEA aperture 4, res 6","32203",-69.2303797118793,12445.6941286521
"ISEA aperture 4, res 6","27555",-69.1015250853959,12453.980563528
"ISEA aperture 4, res 6","28492",-69.1526726625938,12452.7978426129
"ISEA aperture 4, res 6","27409",-68.7752261595943,12454.21177848
"ISEA aperture 4, res 6","31830",-68.7752263770523,12454.2117783555
"ISEA aperture 4, res 6","30805",-69.0079425444841,12454.1100291084
"ISEA aperture 4, res 6","29443",-69.3540766398315,12452.7985091873
"ISEA aperture 4, res 6","29835",-69.2303791789351,12445.6941317385
"ISEA aperture 4, res 6","28274",-69.1165584223933,12456.908532808
"ISEA aperture 4, res 6","30741",-68.5034746575618,12453.7637270852
"ISEA aperture 4, res 6","28209",-69.2032738398825,12453.7200131038
"ISEA aperture 4, res 6","28556",-68.790356679305,12452.7977197814
"ISEA aperture 4, res 6","31191",-68.9529160629167,12452.5955108802
"ISEA aperture 4, res 6","30998",-69.1542440748851,12446.9086194694
"ISEA aperture 4, res 6","27725",-69.3034923595975,12453.0622872922
"ISEA aperture 4, res 6","32134",-69.4592153895144,12453.3638927483
"ISEA aperture 4, res 6","28339",-68.9706444281211,12452.9235161388
"ISEA aperture 4, res 6","27471",-68.5034746561044,12453.763727099
"ISEA aperture 4, res 6","31829",-69.4685615016631,12447.9955791134
"ISEA aperture 4, res 6","27915",-68.6504325972783,12452.9759709862
"ISEA aperture 4, res 6","29445",-68.1889216339935,12453.0642693442
"ISEA aperture 4, res 6","27347",-68.7052767996217,12451.5265670424
"ISEA aperture 4, res 6","27472",-69.0079425431439,12454.110029109
"ISEA aperture 4, res 6","27284",-68.1306434188498,12451.6310030629
"ISEA aperture 4, res 6","32269",-67.9373334636777,12453.3691495807
"ISEA aperture 4, res 6","28106",-68.2260300565937,12452.9834478324
"ISEA aperture 4, res 6","31640",-68.1306435123037,12451.6310030069
"ISEA aperture 4, res 6","27346",-68.4076321241254,12448.8107461813
"ISEA aperture 4, res 6","30095",-68.3866238421877,12452.9590731559
"ISEA aperture 4, res 6","32083",-68.3991399306862,12452.9537909144
"ISEA aperture 4, res 6","32131",-68.374717589961,12452.7976123289
"ISEA aperture 4, res 6","32145",-68.5431555634804,12452.9594614614
"ISEA aperture 4, res 6","29900",-69.0724201858584,12453.011432724
"ISEA aperture 4, res 6","32020",-68.5200193221494,12457.0713938937
"ISEA aperture 4, res 6","31894",-68.3498334960879,12453.8003895756
"ISEA aperture 4, res 6","27287",-68.5211197714532,12451.8710417354
"ISEA aperture 4, res 6","27291",-67.9124112653457,12449.0883726325
"ISEA aperture 4, res 6","27949",-68.6504330940874,12452.9759707814
"ISEA aperture 4, res 6","31767",-68.4076322942786,12448.8107460828
"ISEA aperture 4, res 6","27357",-68.4076322951729,12448.8107460814
"ISEA aperture 4, res 6","27282",-67.6453771705811,12453.6078800616
"ISEA aperture 4, res 6","30999",-68.061927393574,12453.7846105773
"ISEA aperture 4, res 6","29511",-67.8282904307773,12452.9113559874
"ISEA aperture 4, res 6","27556",-68.5200193238153,12457.0713938846
"ISEA aperture 4, res 6","28234",-68.2110615397496,12457.2100507182
"ISEA aperture 4, res 6","27491",-67.9581077134897,12456.4577202218
"ISEA aperture 4, res 6","32264",-68.0474151775759,12452.9328681027
"ISEA aperture 4, res 6","30870",-68.3498332530441,12453.8003896958
"ISEA aperture 4, res 6","27290",-68.130643512842,12451.6310030089
"ISEA aperture 4, res 6","30225",-67.7555919990211,12453.6339349692
"ISEA aperture 4, res 6","29576",-68.0474146040588,12452.932867886
"ISEA aperture 4, res 6","29966",-67.7406408557718,12453.7263606379
"ISEA aperture 4, res 6","27345",-68.0619273925496,12453.7846105758
"ISEA aperture 4, res 6","28041",-67.1143403890147,12453.20985324
"ISEA aperture 4, res 6","27223",-67.5715319924643,12451.2357632245
"ISEA aperture 4, res 6","28169",-67.2773432190723,12452.8317891233
"ISEA aperture 4, res 6","32333",-66.9816814277603,12453.1378337575
"ISEA aperture 4, res 6","30096",-67.2432694942744,12453.1980106691
"ISEA aperture 4, res 6","28405",-67.828291015146,12452.9113562031
"ISEA aperture 4, res 6","28362",-67.8282904281901,12452.9113559905
"ISEA aperture 4, res 6","28619",-67.3987883630072,12452.7977400498
"ISEA aperture 4, res 6","30031",-67.5091702929132,12453.6493595205
"ISEA aperture 4, res 6","27283",-67.91241114164,12449.0883726949
"ISEA aperture 4, res 6","27755",-66.943482418052,12452.7976442046
"ISEA aperture 4, res 6","27280",-66.9714805374555,12453.2877229667
"ISEA aperture 4, res 6","27595",-66.9919413960677,12453.4732001082
"ISEA aperture 4, res 6","31895",-67.6702863541273,12453.5412377328
"ISEA aperture 4, res 6","27754",-67.7555924439562,12453.6339347991
"ISEA aperture 4, res 6","29772",-67.1143403917619,12453.2098532447
"ISEA aperture 4, res 6","29381",-67.2289032526673,12453.3560516382
"ISEA aperture 4, res 6","32271",-67.5091707808276,12453.6493593337
"ISEA aperture 4, res 6","28297",-67.1275945063489,12452.9424338868
"ISEA aperture 4, res 6","27913",-66.8146727214658,12452.7109339128
"ISEA aperture 4, res 6","27850",-67.5091702904531,12453.6493595197
"ISEA aperture 4, res 6","27160",-66.4785146662581,12458.4702309263
"ISEA aperture 4, res 6","31833",-66.5854364397832,12453.1366005635
"ISEA aperture 4, res 6","27493",-66.7558709130333,12452.8883602375
"ISEA aperture 4, res 6","30678",-66.8212167341459,12452.8893003768
"ISEA aperture 4, res 6","27279",-66.568398410447,12453.2016341277
"ISEA aperture 4, res 6","31257",-67.1101685262555,12450.0991298538
"ISEA aperture 4, res 6","27624",-66.9919418077095,12453.4731999652
"ISEA aperture 4, res 6","28664",-67.3987889665337,12452.7977402324
"ISEA aperture 4, res 6","29315",-67.3987883656999,12452.7977400478
"ISEA aperture 4, res 6","27361",-66.7582461445531,12455.420314589
"ISEA aperture 4, res 6","32335",-66.6133801952918,12452.7208506824
"ISEA aperture 4, res 6","32211",-66.9919418056767,12453.4731999645
"ISEA aperture 4, res 6","28341",-67.1275950866911,12452.9424331863
"ISEA aperture 4, res 6","28105",-67.2127843206092,12452.8307337576
"ISEA aperture 4, res 6","27559",-66.5629843458354,12453.1340018001
"ISEA aperture 4, res 6","32396",-66.1193792522112,12453.1132916149
"ISEA aperture 4, res 6","30032",-66.3780578792749,12452.7305226026
"ISEA aperture 4, res 6","27157",-66.6230607968003,12448.6584800001
"ISEA aperture 4, res 6","28040",-66.11937870599,12453.1132918214
"ISEA aperture 4, res 6","30097",-66.1091467996478,12452.6675950524
"ISEA aperture 4, res 6","31642",-66.4785146658195,12458.4702309068
"ISEA aperture 4, res 6","28296",-66.2118153266674,12451.7490061902
"ISEA aperture 4, res 6","32150",-66.2360455353646,12452.8736827083
"ISEA aperture 4, res 6","30420",-66.562983954266,12453.1340019313
"ISEA aperture 4, res 6","28082",-66.1193792549851,12453.1132916194
"ISEA aperture 4, res 6","28600",-66.8520595514632,12452.798022594
"ISEA aperture 4, res 6","32274",-66.6105317138602,12452.7974754834
"ISEA aperture 4, res 6","27228",-66.585436440638,12453.1366005698
"ISEA aperture 4, res 6","30936",-66.5683984116238,12453.2016341124
"ISEA aperture 4, res 6","32334",-66.8146732361358,12452.7109337229
"ISEA aperture 4, res 6","32324",-65.8887128973243,12453.3076242468
"ISEA aperture 4, res 6","27952",-65.8742062395232,12452.7293239961
"ISEA aperture 4, res 6","32088",-65.6402477716733,12452.8556986672
"ISEA aperture 4, res 6","29251",-66.4264407069399,12452.7978804392
"ISEA aperture 4, res 6","29186",-65.9542330101781,12461.5332385019
"ISEA aperture 4, res 6","32276",-65.8488260978615,12453.0622953875
"ISEA aperture 4, res 6","32395",-66.1916174958092,12453.178037001
"ISEA aperture 4, res 6","31579",-65.8275736776055,12451.7952222421
"ISEA aperture 4, res 6","27625",-66.2453035901429,12452.7973290492
"ISEA aperture 4, res 6","31451",-65.664127727128,12445.8553034295
"ISEA aperture 4, res 6","31515",-65.8275736633297,12451.7952231023
"ISEA aperture 4, res 6","27657",-65.8072572570137,12452.7387924204
"ISEA aperture 4, res 6","27560",-65.8488260998798,12453.0622953875
"ISEA aperture 4, res 6","27296",-66.1239484610457,12454.9774831001
"ISEA aperture 4, res 6","32212",-66.5629843438947,12453.1340017989
"ISEA aperture 4, res 6","32398",-65.8742062368958,12452.7293239918
"ISEA aperture 4, res 6","27785",-66.3780578768492,12452.7305226066
"ISEA aperture 4, res 6","31066",-65.1809269065079,12452.9698449095
"ISEA aperture 4, res 6","30033",-65.2546086436649,12452.7523905835
"ISEA aperture 4, res 6","31130",-65.5252132329752,12452.9615868896
"ISEA aperture 4, res 6","27429",-65.6171480431768,12452.8621113144
"ISEA aperture 4, res 6","27163",-65.8275594129368,12452.9310209518
"ISEA aperture 4, res 6","28278",-65.1628540846205,12452.4753298465
"ISEA aperture 4, res 6","31323",-65.2977174777238,12452.7087981063
"ISEA aperture 4, res 6","29384",-65.1156365294595,12455.2012138675
"ISEA aperture 4, res 6","30937",-65.469253154936,12454.5799407772
"ISEA aperture 4, res 6","27097",-65.2977175774288,12452.7087981837
"ISEA aperture 4, res 6","27153",-65.8275592687293,12452.9310209545
"ISEA aperture 4, res 6","32389",-65.3211471264745,12452.8920822389
"ISEA aperture 4, res 6","27152",-65.5252132320765,12452.9615868969
"ISEA aperture 4, res 6","31962",-65.1809271000498,12452.9698448778
"ISEA aperture 4, res 6","27593",-65.4731563525582,12452.7972631416
"ISEA aperture 4, res 6","30227",-65.4731563547323,12452.797263138
"ISEA aperture 4, res 6","27093",-65.8275736628004,12451.7952220634
"ISEA aperture 4, res 6","32025",-65.4692533903107,12454.5799407277
"ISEA aperture 4, res 6","27089",-65.060276637094,12452.787713431
"ISEA aperture 4, res 6","27299",-64.5635914476206,12452.8425032405
"ISEA aperture 4, res 6","27364",-65.1030894094804,12452.8518269608
"ISEA aperture 4, res 6","27088",-64.7824383656646,12452.8526702099
"ISEA aperture 4, res 6","30357",-64.7120669853758,12452.7970606495
"ISEA aperture 4, res 6","32403",-64.6775951928568,12452.7663635943
"ISEA aperture 4, res 6","28167",-65.1789585121263,12452.502505734
"ISEA aperture 4, res 6","27430",-64.9668220626456,12453.1988221768
"ISEA aperture 4, res 6","31002",-64.7960777165469,12454.2272771718
"ISEA aperture 4, res 6","27338",-64.4838757582944,12452.8452121102
"ISEA aperture 4, res 6","32458",-65.1789590819452,12452.5025055253
"ISEA aperture 4, res 6","28213",-65.1789590848712,12452.5025055247
"ISEA aperture 4, res 6","32461",-65.0344013320982,12451.6197432186
"ISEA aperture 4, res 6","27166",-64.7960779351249,12454.2272771325
"ISEA aperture 4, res 6","31516",-64.8676570519187,12451.0694550018
"ISEA aperture 4, res 6","27029",-65.0779772825206,12452.6445799623
"ISEA aperture 4, res 6","27232",-65.0162359958681,12452.8418116333
"ISEA aperture 4, res 6","31644",-64.8676570799776,12451.0694551566
"ISEA aperture 4, res 6","31771",-65.2977175768223,12452.7087981621
"ISEA aperture 4, res 6","28473",-64.7288668175949,12452.9143027579
"ISEA aperture 4, res 6","29709",-65.0344007931161,12451.6197434067
"ISEA aperture 4, res 6","32523",-64.1282603884861,12452.4978826808
"ISEA aperture 4, res 6","27655",-64.1369273441115,12452.7677970355
"ISEA aperture 4, res 6","31963",-64.4641975857029,12452.8867918292
"ISEA aperture 4, res 6","27528",-64.3418506806411,12452.7728011781
"ISEA aperture 4, res 6","27464",-63.9757879968893,12452.7920576426
"ISEA aperture 4, res 6","31836",-64.2863978763971,12452.477576639
"ISEA aperture 4, res 6","32462",-64.9206280126909,12452.7434035062
"ISEA aperture 4, res 6","27401",-64.2872354792825,12452.7969809336
"ISEA aperture 4, res 6","29969",-64.3816332590487,12452.7620232985
"ISEA aperture 4, res 6","32342",-64.2872358688399,12452.7969808293
"ISEA aperture 4, res 6","30228",-64.3418506827971,12452.7728011875
"ISEA aperture 4, res 6","31067",-64.1063448945908,12453.9185686728
"ISEA aperture 4, res 6","28018",-65.0344013348292,12451.6197432211
"ISEA aperture 4, res 6","32322",-64.9821979948716,12452.9968166482
"ISEA aperture 4, res 6","31709",-63.9034854053519,12444.8123097744
"ISEA aperture 4, res 6","27693",-64.136927825298,12452.7677968947
"ISEA aperture 4, res 6","27562",-64.3418511197158,12452.7728010666
"ISEA aperture 4, res 6","28102",-64.1282598227715,12452.4978828749
"ISEA aperture 4, res 6","31900",-64.0297312286717,12452.7765114633
"ISEA aperture 4, res 6","32343",-63.8344693757332,12453.0998020222
"ISEA aperture 4, res 6","30874",-63.9111282488936,12452.8283290382
"ISEA aperture 4, res 6","27033",-64.28639787706,12452.4775766186
"ISEA aperture 4, res 6","27035",-63.7349404961139,12452.8240891469
"ISEA aperture 4, res 6","30551",-64.4838757600539,12452.8452121092
"ISEA aperture 4, res 6","27591",-63.8604990226514,12452.7733017399
"ISEA aperture 4, res 6","27211",-64.000196551838,12452.8341410973
"ISEA aperture 4, res 6","32451",-63.532305804285,12452.8735201451
"ISEA aperture 4, res 6","32452",-63.9745471161256,12452.8843627914
"ISEA aperture 4, res 6","28279",-64.0854988657337,12452.5430794004
"ISEA aperture 4, res 6","32406",-63.5804193879073,12452.814201524
"ISEA aperture 4, res 6","27400",-63.5804189830866,12452.8142016258
"ISEA aperture 4, res 6","31773",-63.7167946495392,12458.2444771507
"ISEA aperture 4, res 6","27694",-63.2733332790195,12452.7742869592
"ISEA aperture 4, res 6","27034",-64.0297312294386,12452.7765114716
"ISEA aperture 4, res 6","27169",-63.4144697282592,12452.8267321782
"ISEA aperture 4, res 6","29970",-63.273332790193,12452.7742870878
"ISEA aperture 4, res 6","32518",-63.7962573213922,12454.3029914764
"ISEA aperture 4, res 6","28165",-63.0611960820676,12452.6152280574
"ISEA aperture 4, res 6","27845",-62.8794450774436,12452.6469771144
"ISEA aperture 4, res 6","30358",-63.580418985082,12452.8142016269
"ISEA aperture 4, res 6","31068",-63.031478303846,12452.8114854545
"ISEA aperture 4, res 6","27336",-63.1568419391925,12452.7968996598
"ISEA aperture 4, res 6","28101",-63.087057273237,12452.5558879724
"ISEA aperture 4, res 6","32217",-64.0001968533346,12452.83414103
"ISEA aperture 4, res 6","32531",-63.0235550292402,12452.7787871144
"ISEA aperture 4, res 6","29059",-63.5323052059699,12452.8735199299
"ISEA aperture 4, res 6","32517",-63.4313634899156,12452.9034287659
"ISEA aperture 4, res 6","32584",-62.9195381352287,12452.5778585856
"ISEA aperture 4, res 6","32407",-63.1568423277155,12452.7968995726
"ISEA aperture 4, res 6","32583",-62.8051803930671,12452.5593154875
"ISEA aperture 4, res 6","26900",-63.3552391340124,12452.7906681391
"ISEA aperture 4, res 6","29581",-63.0461100826018,12452.6023631429
"ISEA aperture 4, res 6","27038",-62.6245037914104,12452.8135465336
"ISEA aperture 4, res 6","31132",-63.401969877688,12453.6524005161
"ISEA aperture 4, res 6","28229",-63.0051342253819,12452.5965253833
"ISEA aperture 4, res 6","30617",-62.8502934919799,12452.8286043486
"ISEA aperture 4, res 6","29256",-62.9195375498794,12452.5778587947
"ISEA aperture 4, res 6","27236",-62.8502938308148,12452.8286042846
"ISEA aperture 4, res 6","28037",-63.0821695342065,12452.5793105304
"ISEA aperture 4, res 6","27973",-63.0461100798186,12452.6023631414
"ISEA aperture 4, res 6","27717",-62.5863540999813,12452.688986477
"ISEA aperture 4, res 6","27463",-63.2153161357567,12452.7833866543
"ISEA aperture 4, res 6","28995",-62.5756789794469,12452.8776254643
"ISEA aperture 4, res 6","26970",-62.9952412160017,12452.7800654847
"ISEA aperture 4, res 6","28421",-62.6629315575495,12452.5409872037
"ISEA aperture 4, res 6","29906",-62.3927656318123,12452.8784202845
"ISEA aperture 4, res 6","27302",-62.7062249812544,12453.0227669374
"ISEA aperture 4, res 6","31774",-62.9320879038557,12454.6897213048
"ISEA aperture 4, res 6","26906",-61.9568440744398,12452.6232020003
"ISEA aperture 4, res 6","29061",-62.4937480827514,12454.0554720381
"ISEA aperture 4, res 6","31838",-62.7300218130543,12452.8475071504
"ISEA aperture 4, res 6","26902",-62.932087904402,12454.6897213098
"ISEA aperture 4, res 6","32593",-62.5863546102,12452.6889863327
"ISEA aperture 4, res 6","32219",-62.8079812166413,12452.8202597569
"ISEA aperture 4, res 6","26972",-62.3382314637289,12452.8049208116
"ISEA aperture 4, res 6","27434",-62.0925031205955,12452.7907792197
"ISEA aperture 4, res 6","32586",-63.0611966587531,12452.6152278541
"ISEA aperture 4, res 6","32532",-62.7430111452602,12452.7830496179
"ISEA aperture 4, res 6","31583",-62.1556486028249,12453.2783220389
"ISEA aperture 4, res 6","32591",-62.8794456103753,12452.646976952
"ISEA aperture 4, res 6","28996",-62.0782025616869,12452.8941146266
"ISEA aperture 4, res 6","27630",-62.1682689514377,12452.7831891628
"ISEA aperture 4, res 6","30682",-62.3215712023808,12452.8237175294
"ISEA aperture 4, res 6","30101",-61.6286147368007,12452.7900397938
"ISEA aperture 4, res 6","28021",-62.0385393717137,12452.6411066565
"ISEA aperture 4, res 6","32283",-62.3052751020329,12452.8198902865
"ISEA aperture 4, res 6","27972",-62.0385388114042,12452.6411068314
"ISEA aperture 4, res 6","30295",-61.7242161872483,12452.7942083504
"ISEA aperture 4, res 6","26973",-61.9559646424766,12452.8079980961
"ISEA aperture 4, res 6","32514",-62.0876339758001,12453.9589653791
"ISEA aperture 4, res 6","28549",-62.0782025590815,12452.8941146257
"ISEA aperture 4, res 6","27844",-61.9144138947008,12452.6783435317
"ISEA aperture 4, res 6","28540",-62.4937486800716,12454.0554667101
"ISEA aperture 4, res 6","26894",-61.9568439218464,12452.6232019669
"ISEA aperture 4, res 6","32648",-61.819107449981,12452.6235008716
"ISEA aperture 4, res 6","31712",-61.6312015725418,12452.3510346411
"ISEA aperture 4, res 6","28613",-61.6233090029681,12452.8818138972
"ISEA aperture 4, res 6","31133",-62.3382312731823,12452.8049208254
"ISEA aperture 4, res 6","28420",-61.5306504167442,12452.5923773017
"ISEA aperture 4, res 6","28227",-60.8351757271426,12452.6736336211
"ISEA aperture 4, res 6","32647",-61.6884759488403,12452.6078722379
"ISEA aperture 4, res 6","26955",-61.5389680042099,12452.8100145952
"ISEA aperture 4, res 6","27143",-61.1073584616119,12452.8211388681
"ISEA aperture 4, res 6","26768",-60.9662991863562,12452.9130512965
"ISEA aperture 4, res 6","29712",-61.8059489980737,12452.696176787
"ISEA aperture 4, res 6","31327",-61.2197830027109,12452.8203955036
"ISEA aperture 4, res 6","31840",-61.1801526904137,12447.8398978791
"ISEA aperture 4, res 6","27172",-61.7287934917314,12452.8223704883
"ISEA aperture 4, res 6","27500",-61.6286151948929,12452.7900396822
"ISEA aperture 4, res 6","26769",-61.1801526402464,12447.8398977317
"ISEA aperture 4, res 6","27524",-61.0654561328128,12452.7897188813
"ISEA aperture 4, res 6","32719",-60.9386258154147,12452.7038325692
"ISEA aperture 4, res 6","32535",-61.7242166021871,12452.7942082597
"ISEA aperture 4, res 6","27106",-61.7702581735451,12452.8193488688
"ISEA aperture 4, res 6","28100",-62.0399852039697,12452.6022552047
"ISEA aperture 4, res 6","28164",-61.995557443043,12452.6548840878
"ISEA aperture 4, res 6","28099",-60.9873063646704,12452.6397538666
"ISEA aperture 4, res 6","26830",-61.2197830019064,12452.820395498
"ISEA aperture 4, res 6","30424",-62.0301408216795,12452.8256773923
"ISEA aperture 4, res 6","32718",-60.9957957153161,12452.6883645666
"ISEA aperture 4, res 6","30683",-61.204524425975,12452.8187239524
"ISEA aperture 4, res 6","26954",-61.0883648524577,12452.8113117765
"ISEA aperture 4, res 6","32536",-61.3284933424359,12452.7973237254
"ISEA aperture 4, res 6","32031",-61.2197831382642,12452.8203955424
"ISEA aperture 4, res 6","29713",-60.7334897613973,12452.7333344176
"ISEA aperture 4, res 6","26770",-61.390558070094,12450.740069516
"ISEA aperture 4, res 6","26707",-60.6396488192718,12452.584290696
"ISEA aperture 4, res 6","28022",-61.0228024906443,12452.6724909937
"ISEA aperture 4, res 6","30941",-61.0883648537535,12452.8113117755
"ISEA aperture 4, res 6","32660",-61.0654566143763,12452.789718766
"ISEA aperture 4, res 6","32159",-60.5765133028943,12453.0113505123
"ISEA aperture 4, res 6","28671",-60.6753173386097,12452.8860790477
"ISEA aperture 4, res 6","26774",-60.9662992615379,12452.9130514148
"ISEA aperture 4, res 6","31584",-61.1801526408344,12447.839897726
"ISEA aperture 4, res 6","27016",-60.6582805228654,12452.815467038
"ISEA aperture 4, res 6","30037",-60.8054195002789,12452.7925019062
"ISEA aperture 4, res 6","28866",-61.1303280814982,12454.0403327469
"ISEA aperture 4, res 6","27173",-61.1073588192569,12452.8211388041
"ISEA aperture 4, res 6","32475",-60.6096392039901,12452.8180669934
"ISEA aperture 4, res 6","27079",-60.6096388638565,12452.8180670484
"ISEA aperture 4, res 6","29063",-60.5710449392307,12452.6471030389
"ISEA aperture 4, res 6","29258",-60.9255657528338,12452.6868865599
"ISEA aperture 4, res 6","28023",-59.9993676457246,12454.2805629924
"ISEA aperture 4, res 6","26708",-60.4140118946086,12453.240530796
"ISEA aperture 4, res 6","28217",-60.9255663348935,12452.6868863716
"ISEA aperture 4, res 6","32714",-60.9255663319181,12452.6868863711
"ISEA aperture 4, res 6","30748",-60.658280524403,12452.8154670209
"ISEA aperture 4, res 6","28291",-60.7167643265937,12452.6603541801
"ISEA aperture 4, res 6","27206",-60.9063516197905,12452.8001102677
"ISEA aperture 4, res 6","27762",-60.7334902860419,12452.7333342776
"ISEA aperture 4, res 6","29324",-59.9787301404343,12448.2834360754
"ISEA aperture 4, res 6","32032",-60.475442912315,12452.8306653651
"ISEA aperture 4, res 6","27567",-60.2005839144272,12452.7732323556
"ISEA aperture 4, res 6","31456",-60.7338220288897,12452.8495900561
"ISEA aperture 4, res 6","27971",-61.0228019261037,12452.6724911616
"ISEA aperture 4, res 6","27633",-59.5050956110603,12452.825961192
"ISEA aperture 4, res 6","26702",-59.7255464270961,12452.8512199873
"ISEA aperture 4, res 6","31393",-59.4525986962235,12452.8375636623
"ISEA aperture 4, res 6","26641",-59.6568371859354,12450.984969983
"ISEA aperture 4, res 6","30167",-60.1993385398467,12452.7975219695
"ISEA aperture 4, res 6","29064",-59.6122820466348,12453.3694836763
"ISEA aperture 4, res 6","27015",-60.0893109162281,12452.8152995496
"ISEA aperture 4, res 6","26845",-59.8019227311555,12452.8052286524
"ISEA aperture 4, res 6","29454",-59.9907976048562,12452.8820124882
"ISEA aperture 4, res 6","26765",-60.1876173546709,12452.8291753897
"ISEA aperture 4, res 6","30490",-60.4588593917825,12452.9175313286
"ISEA aperture 4, res 6","30878",-59.5050636620115,12452.8100806592
"ISEA aperture 4, res 6","30361",-60.2066325936506,12452.8009772245
"ISEA aperture 4, res 6","27437",-59.6990344458142,12452.7967617261
"ISEA aperture 4, res 6","28868",-59.9782584473726,12454.1987786747
"ISEA aperture 4, res 6","27142",-60.4588593899486,12452.9175313323
"ISEA aperture 4, res 6","27459",-59.9641179345185,12453.174835539
"ISEA aperture 4, res 6","29778",-60.5856528116033,12452.74726364
"ISEA aperture 4, res 6","32096",-60.1876174986804,12452.8291754468
"ISEA aperture 4, res 6","28547",-59.9782584441558,12454.1987762258
"ISEA aperture 4, res 6","27959",-58.9747651431811,12452.6724911602
"ISEA aperture 4, res 6","28348",-59.6122826399627,12453.3790746337
"ISEA aperture 4, res 6","28088",-59.9787307129176,12448.2916728091
"ISEA aperture 4, res 6","27175",-59.7848134498904,12452.8030626006
"ISEA aperture 4, res 6","30749",-59.5475962121172,12452.812829386
"ISEA aperture 4, res 6","26888",-59.5050636606115,12452.8100806391
"ISEA aperture 4, res 6","32161",-59.1509096687926,12452.8356812107
"ISEA aperture 4, res 6","35970",-59.8851873885447,12452.861825183
"ISEA aperture 4, res 6","27268",-59.8547547486722,12452.7997384131
"ISEA aperture 4, res 6","28803",-59.7318193317036,12452.0112594886
"ISEA aperture 4, res 6","32351",-59.3666866260057,12452.8067879464
"ISEA aperture 4, res 6","26979",-58.9754278393156,12452.8129085466
"ISEA aperture 4, res 6","35842",-59.6612226484735,12452.8370653855
"ISEA aperture 4, res 6","32707",-59.7318199307604,12452.0112652405
"ISEA aperture 4, res 6","27014",-59.4922613392262,12452.8150402359
"ISEA aperture 4, res 6","24527",-58.9077919261781,12452.7038325692
"ISEA aperture 4, res 6","27458",-59.1058923915792,12452.8005327684
"ISEA aperture 4, res 6","27204",-59.4835645768023,12452.8017467264
"ISEA aperture 4, res 6","32352",-58.7229901710812,12452.7571775253
"ISEA aperture 4, res 6","26950",-58.9754275121101,12452.8129085795
"ISEA aperture 4, res 6","29974",-58.8636293740193,12452.7915134734
"ISEA aperture 4, res 6","26700",-59.1509095176131,12452.8356811508
"ISEA aperture 4, res 6","28413",-59.4525094906048,12453.4254394797
"ISEA aperture 4, res 6","27372",-59.4059399928555,12452.7988154701
"ISEA aperture 4, res 6","29130",-58.7703878239457,12452.6060857181
"ISEA aperture 4, res 6","27373",-58.5936063747061,12452.7872926041
"ISEA aperture 4, res 6","26645",-59.2103363777713,12457.1850811556
"ISEA aperture 4, res 6","27307",-59.0855178133714,12452.8007080712
"ISEA aperture 4, res 6","32604",-58.8685248771742,12452.8243902118
"ISEA aperture 4, res 6","35714",-59.3198645870753,12452.8149956745
"ISEA aperture 4, res 6","28089",-58.927983128061,12452.6397538686
"ISEA aperture 4, res 6","31072",-58.7229899453414,12452.7571774958
"ISEA aperture 4, res 6","35586",-58.8636296832387,12452.7956799429
"ISEA aperture 4, res 6","36674",-59.0561677375759,12453.5215823209
"ISEA aperture 4, res 6","26646",-58.9717567622755,12452.8805609777
"ISEA aperture 4, res 6","30233",-58.7385158035375,12452.8024324489
"ISEA aperture 4, res 6","26712",-59.4525988257156,12452.8375637569
"ISEA aperture 4, res 6","36355",-58.8627979104619,12452.6230064927
"ISEA aperture 4, res 6","26823",-58.404882735793,12452.8087459855
"ISEA aperture 4, res 6","29260",-58.9279832463701,12452.6397536854
"ISEA aperture 4, res 6","29391",-57.9434875957648,12452.6411066566
"ISEA aperture 4, res 6","32416",-58.2794228204547,12452.8061087142
"ISEA aperture 4, res 6","26848",-58.4048830158816,12452.808745994
"ISEA aperture 4, res 6","24516",-57.922646701951,12454.1117196956
"ISEA aperture 4, res 6","26824",-58.9006642531249,12452.8079254356
"ISEA aperture 4, res 6","27045",-58.8685248789393,12452.8243902073
"ISEA aperture 4, res 6","24526",-58.9556243547335,12452.6883645664
"ISEA aperture 4, res 6","24520",-58.6513322659797,12452.5890523851
"ISEA aperture 4, res 6","32162",-58.4245131798833,12452.842536101
"ISEA aperture 4, res 6","29390",-58.9747652146543,12452.6724909939
"ISEA aperture 4, res 6","29195",-58.8627980224219,12452.6230063059
"ISEA aperture 4, res 6","27308",-58.2964264121146,12452.7793811905
"ISEA aperture 4, res 6","24518",-58.3359615574137,12452.5548921562
"ISEA aperture 4, res 6","31907",-58.675096021382,12453.1903443053
"ISEA aperture 4, res 6","30621",-58.3761681891159,12452.8422704972
"ISEA aperture 4, res 6","26636",-58.4245130428905,12452.842536035
"ISEA aperture 4, res 6","32605",-58.3761685286908,12452.842270459
"ISEA aperture 4, res 6","28155",-57.7832651637896,12452.5623834247
"ISEA aperture 4, res 6","28673",-58.5630789349247,12453.6234718275
"ISEA aperture 4, res 6","26717",-57.6425712131018,12452.7777915185
"ISEA aperture 4, res 6","24462",-57.914970693686,12452.6599632125
"ISEA aperture 4, res 6","27075",-57.9680392173726,12452.8053507881
"ISEA aperture 4, res 6","24465",-57.660869461962,12452.7133945233
"ISEA aperture 4, res 6","29586",-57.7737504887723,12452.6961766384
"ISEA aperture 4, res 6","32289",-58.4571597526812,12452.8245282668
"ISEA aperture 4, res 6","27374",-57.7706326490773,12452.7967618245
"ISEA aperture 4, res 6","26948",-57.7510977816502,12452.823613137
"ISEA aperture 4, res 6","24460",-57.94421512545,12452.6218459949
"ISEA aperture 4, res 6","32480",-57.8062945915309,12452.8071120577
"ISEA aperture 4, res 6","30492",-58.2194436287117,12452.8241078038
"ISEA aperture 4, res 6","27046",-58.21944399919,12452.8241077505
"ISEA aperture 4, res 6","26575",-58.4492857084048,12453.9162785752
"ISEA aperture 4, res 6","36228",-57.9442150873372,12452.6218461785
"ISEA aperture 4, res 6","26885",-57.862437050534,12452.8297759928
"ISEA aperture 4, res 6","31459",-57.6909349940443,12452.8540159712
"ISEA aperture 4, res 6","26696",-57.6425709807553,12452.7777914967
"ISEA aperture 4, res 6","35523",-57.4965025425393,12452.7988155599
"ISEA aperture 4, res 6","35651",-58.0176395983309,12453.1748355376
"ISEA aperture 4, res 6","27243",-57.9727591929253,12452.735312927
"ISEA aperture 4, res 6","27831",-56.9059312196195,12452.6023631396
"ISEA aperture 4, res 6","35780",-57.3508184511164,12452.7457220923
"ISEA aperture 4, res 6","32670",-57.260930311493,12452.8230258416
"ISEA aperture 4, res 6","24514",-57.5136304368169,12453.6657646709
"ISEA aperture 4, res 6","35459",-57.1958205059282,12452.8043749776
"ISEA aperture 4, res 6","36420",-57.7832651937669,12452.5623834252
"ISEA aperture 4, res 6","29975",-57.7706325101175,12452.7967617251
"ISEA aperture 4, res 6","24468",-57.154022175237,12452.7607070394
"ISEA aperture 4, res 6","31073",-57.6425709819687,12452.7777914961
"ISEA aperture 4, res 6","35266",-57.2489163426394,12452.687308062
"ISEA aperture 4, res 6","26570",-57.064715421383,12452.8443643354
"ISEA aperture 4, res 6","24397",-56.9059312522486,12452.6023629624
"ISEA aperture 4, res 6","24535",-57.4965023725061,12452.7988154694
"ISEA aperture 4, res 6","27896",-56.9154890664345,12452.5793105322
"ISEA aperture 4, res 6","26785",-56.7751711390054,12452.8084207798
"ISEA aperture 4, res 6","31524",-56.9515209406147,12452.8695605705
"ISEA aperture 4, res 6","29457",-56.8691857309919,12452.6249498559
"ISEA aperture 4, res 6","27113",-57.2489164301101,12452.6874745861
"ISEA aperture 4, res 6","26917",-56.6344241362727,12452.8229595238
"ISEA aperture 4, res 6","24395",-56.8981791293409,12452.555887783
"ISEA aperture 4, res 6","24454",-57.3885621705864,12452.5020004968
"ISEA aperture 4, res 6","31009",-57.1911275702969,12452.7632986384
"ISEA aperture 4, res 6","27179",-56.8692212287022,12452.809864399
"ISEA aperture 4, res 6","12226",-57.5136303314197,12453.670810283
"ISEA aperture 4, res 6","26509",-57.2146717757072,12452.8996875474
"ISEA aperture 4, res 6","24393",-56.7846458563889,12452.5083220713
"ISEA aperture 4, res 6","27047",-57.5463048787649,12452.823838707
"ISEA aperture 4, res 6","26447",-56.9368233583769,12447.8875099893
"ISEA aperture 4, res 6","26719",-56.7112430347526,12452.7912224469
"ISEA aperture 4, res 6","35909",-56.5939342697324,12452.6889864756
"ISEA aperture 4, res 6","36165",-56.9059312427756,12452.6023631387
"ISEA aperture 4, res 6","28806",-57.0045644099822,12454.4188519246
"ISEA aperture 4, res 6","27701",-56.8050191479429,12452.6469771133
"ISEA aperture 4, res 6","40899",-56.4703338927834,12452.7475775302
"ISEA aperture 4, res 6","32355",-56.7098919350234,12452.8327448152
"ISEA aperture 4, res 6","29652",-56.5939342135112,12452.6889863325
"ISEA aperture 4, res 6","35331",-56.5173952975649,12452.8115452244
"ISEA aperture 4, res 6","31974",-56.1884304963793,12453.2125396096
"ISEA aperture 4, res 6","26652",-56.9913117267592,12452.8221601558
"ISEA aperture 4, res 6","28807",-56.1863326492254,12452.8941148464
"ISEA aperture 4, res 6","26756",-56.2191942085489,12452.8415149727
"ISEA aperture 4, res 6","27571",-56.593934252962,12452.6889864753
"ISEA aperture 4, res 6","35717",-56.0709467492806,12452.7455915287
"ISEA aperture 4, res 6","35652",-56.9297730158224,12453.1179242071
"ISEA aperture 4, res 6","26946",-56.4284208507956,12452.668925176
"ISEA aperture 4, res 6","30429",-56.4284208526929,12452.6689262936
"ISEA aperture 4, res 6","26694",-56.711242766571,12452.7912224052
"ISEA aperture 4, res 6","26819",-56.1461684938932,12452.8224049162
"ISEA aperture 4, res 6","36804",-56.8861700172159,12452.8860812698
"ISEA aperture 4, res 6","35588",-56.6784681206289,12452.7951064933
"ISEA aperture 4, res 6","36038",-55.7477329306704,12452.6079066297
"ISEA aperture 4, res 6","27115",-55.767286231219,12452.8087789305
"ISEA aperture 4, res 6","26381",-55.709433023576,12453.5867113949
"ISEA aperture 4, res 6","31332",-56.0155756202138,12452.8473087836
"ISEA aperture 4, res 6","26454",-55.9326259100628,12452.866928196
"ISEA aperture 4, res 6","29718",-55.3728702544506,12452.6826989235
"ISEA aperture 4, res 6","26387",-55.7094330882459,12453.586711551
"ISEA aperture 4, res 6","31718",-55.7094330242593,12453.5867113962
"ISEA aperture 4, res 6","24331",-55.8704151417958,12452.4978826758
"ISEA aperture 4, res 6","31268",-55.6502072789859,12452.7783503171
"ISEA aperture 4, res 6","26386",-55.948545110635,12454.0034257664
"ISEA aperture 4, res 6","27832",-55.8795456439955,12452.5261242177
"ISEA aperture 4, res 6","24388",-56.1863326182503,12452.8941269744
"ISEA aperture 4, res 6","36230",-55.8795456679723,12452.526124214
"ISEA aperture 4, res 6","35396",-55.7672862352902,12452.8087789319
"ISEA aperture 4, res 6","36805",-56.0806002449304,12452.8818138878
"ISEA aperture 4, res 6","24473",-55.7672860270415,12452.8087788581
"ISEA aperture 4, res 6","32546",-56.1016223736219,12452.8198531042
"ISEA aperture 4, res 6","30559",-55.5181347988341,12447.0627306656
"ISEA aperture 4, res 6","30946",-55.615294171021,12452.8193397545
"ISEA aperture 4, res 6","26853",-55.5181351551906,12447.0633130661
"ISEA aperture 4, res 6","27637",-55.7477329112844,12452.6079066305
"ISEA aperture 4, res 6","32674",-55.1023475130336,12452.8158252592
"ISEA aperture 4, res 6","35846",-55.3728703373171,12452.6826990597
"ISEA aperture 4, res 6","30365",-55.7410589403583,12452.8362569303
"ISEA aperture 4, res 6","31139",-55.9156367855189,12452.8222670627
"ISEA aperture 4, res 6","27507",-55.5249500366927,12452.6587425069
"ISEA aperture 4, res 6","28287",-55.4195614487432,12452.1802388238
"ISEA aperture 4, res 6","31333",-54.9625904586694,12452.8496404604
"ISEA aperture 4, res 6","24338",-55.3728702459283,12452.6826989252
"ISEA aperture 4, res 6","31397",-55.3115440122758,12452.8512060385
"ISEA aperture 4, res 6","28677",-55.9417677232353,12453.5055449942
"ISEA aperture 4, res 6","31461",-55.6345600224954,12452.8560665976
"ISEA aperture 4, res 6","35332",-55.4131443216979,12452.8107364922
"ISEA aperture 4, res 6","26919",-55.3181409414232,12452.8318221947
"ISEA aperture 4, res 6","27377",-55.1937731578655,12452.6590581709
"ISEA aperture 4, res 6","26655",-55.6152944406238,12452.8193397752
"ISEA aperture 4, res 6","31783",-54.9567315300335,12453.720431073
"ISEA aperture 4, res 6","26818",-55.5181347970601,12447.0626542646
"ISEA aperture 4, res 6","26378",-54.9082605746041,12452.8652291162
"ISEA aperture 4, res 6","26503",-55.2575268681491,12452.8243236975
"ISEA aperture 4, res 6","29329",-54.8364949123021,12452.458746336
"ISEA aperture 4, res 6","12164",-54.6672885521564,12452.7531746123
"ISEA aperture 4, res 6","29653",-55.5249499899865,12452.6587423583
"ISEA aperture 4, res 6","40706",-55.1398675295432,12453.4324098725
"ISEA aperture 4, res 6","35654",-54.7553612955946,12452.9947684672
"ISEA aperture 4, res 6","26722",-55.1098138921045,12452.8505070296
"ISEA aperture 4, res 6","24263",-54.576561880412,12456.1588062217
"ISEA aperture 4, res 6","35204",-54.6334064710788,12452.8318980249
"ISEA aperture 4, res 6","26920",-54.6334064716898,12452.8318980267
"ISEA aperture 4, res 6","29589",-54.5836937045107,12452.5549501428
"ISEA aperture 4, res 6","29394",-54.8128412601662,12452.4926799722
"ISEA aperture 4, res 6","26255",-54.7141153491716,12451.0383258297
"ISEA aperture 4, res 6","24409",-54.6668740487997,12452.8075474274
"ISEA aperture 4, res 6","29978",-54.4966662665961,12452.796705011
"ISEA aperture 4, res 6","31526",-54.908260575435,12452.865229123
"ISEA aperture 4, res 6","26590",-55.0107451410017,12452.8199895829
"ISEA aperture 4, res 6","35268",-55.034934402343,12452.8374095768
"ISEA aperture 4, res 6","30560",-54.4069893731779,12452.8317523643
"ISEA aperture 4, res 6","27117",-54.2121856147026,12452.8000671212
"ISEA aperture 4, res 6","35075",-54.8731651945301,12452.8317819319
"ISEA aperture 4, res 6","35462",-53.9024116298719,12452.8032135959
"ISEA aperture 4, res 6","24258",-54.3279902171733,12453.3510105556
"ISEA aperture 4, res 6","24259",-54.4401403376089,12452.873520139
"ISEA aperture 4, res 6","40771",-54.9287069984569,12452.851874228
"ISEA aperture 4, res 6","26253",-54.2055600562127,12453.8612363029
"ISEA aperture 4, res 6","32167",-54.7108985999692,12453.4305724076
"ISEA aperture 4, res 6","35140",-54.2093449840884,12452.8318442698
"ISEA aperture 4, res 6","24262",-54.5911358280306,12452.4669209985
"ISEA aperture 4, res 6","32612",-54.3911437989524,12452.8209616725
"ISEA aperture 4, res 6","30431",-54.2093447033202,12452.8318442242
"ISEA aperture 4, res 6","35526",-54.2121856214428,12452.8000671195
"ISEA aperture 4, res 6","26985",-55.0349344014221,12452.8374095762
"ISEA aperture 4, res 6","28223",-54.5725484294205,12452.5495663096
"ISEA aperture 4, res 6","28288",-54.5219142430143,12452.8843625756
"ISEA aperture 4, res 6","35975",-54.5836937543203,12452.5549503027
"ISEA aperture 4, res 6","32549",-54.1854937265077,12452.8241079153
"ISEA aperture 4, res 6","26723",-54.5252013306725,12455.9282926473
"ISEA aperture 4, res 6","27444",-53.5146212064482,12452.5417141067
"ISEA aperture 4, res 6","24276",-53.9047417125897,12452.7100464159
"ISEA aperture 4, res 6","24275",-54.1143830110317,12452.6840470937
"ISEA aperture 4, res 6","24200",-53.6523092560748,12453.4993804673
"ISEA aperture 4, res 6","26690",-54.5252009995216,12455.9286002466
"ISEA aperture 4, res 6","40772",-53.9059402907756,12452.8520298682
"ISEA aperture 4, res 6","31141",-53.7574755563058,12452.8222528383
"ISEA aperture 4, res 6","27834",-53.7681935626023,12452.6965487535
"ISEA aperture 4, res 6","26257",-54.2055600977404,12453.8612364872
"ISEA aperture 4, res 6","35655",-53.6688408057067,12452.9188826717
"ISEA aperture 4, res 6","40837",-53.9059402642286,12452.8520192629
"ISEA aperture 4, res 6","24412",-53.5272187318247,12452.8319179868
"ISEA aperture 4, res 6","26313",-53.8786646161034,12452.8641145546
"ISEA aperture 4, res 6","26326",-53.8786647486119,12452.8641146546
"ISEA aperture 4, res 6","36296",-53.7897247910829,12452.7048186549
"ISEA aperture 4, res 6","31527",-53.8786646169646,12452.8641145556
"ISEA aperture 4, res 6","31848",-54.2055600569019,12453.8612363039
"ISEA aperture 4, res 6","36424",-53.7221915301973,12452.6883099422
"ISEA aperture 4, res 6","36168",-53.7573526864986,12452.394464087
"ISEA aperture 4, res 6","26395",-53.1106989388472,12452.8238590462
"ISEA aperture 4, res 6","35012",-53.2968913504152,12452.8317749135
"ISEA aperture 4, res 6","29655",-53.3810155122125,12452.578945805
"ISEA aperture 4, res 6","28680",-53.5066075589039,12453.276957676
"ISEA aperture 4, res 6","31270",-53.5210979132987,12452.6839587273
"ISEA aperture 4, res 6","27769",-53.7897247670287,12452.7048186445
"ISEA aperture 4, res 6","26374",-53.521097912193,12452.6839587268
"ISEA aperture 4, res 6","26790",-53.7635621210112,12452.8318034874
"ISEA aperture 4, res 6","30754",-53.9999998440485,12452.5560946046
"ISEA aperture 4, res 6","36488",-53.6523091834207,12453.4993809682
"ISEA aperture 4, res 6","11906",-53.5066075045431,12453.2812841225
"ISEA aperture 4, res 6","35205",-53.5272189897147,12452.8319180326
"ISEA aperture 4, res 6","29005",-53.7060968148835,12452.7991489169
"ISEA aperture 4, res 6","26499",-53.4199436375898,12452.831752363
"ISEA aperture 4, res 6","29979",-53.4070065299231,12452.7931773193
"ISEA aperture 4, res 6","30561",-53.2968910377416,12452.8317749032
"ISEA aperture 4, res 6","36489",-52.769199125275,12452.8093818495
"ISEA aperture 4, res 6","40514",-52.6761699544494,12453.2091191071
"ISEA aperture 4, res 6","36553",-52.8277679838956,12452.8064987714
"ISEA aperture 4, res 6","24211",-53.0344205845452,12452.6486395399
"ISEA aperture 4, res 6","30626",-52.8101811192843,12452.8317579906
"ISEA aperture 4, res 6","27379",-53.3810155721915,12452.5789459598
"ISEA aperture 4, res 6","27640",-52.7285572753042,12452.7001017645
"ISEA aperture 4, res 6","24133",-52.8537603303985,12452.886586573
"ISEA aperture 4, res 6","31978",-52.7121677005533,12453.105866633
"ISEA aperture 4, res 6","26329",-52.8454823232325,12452.853029578
"ISEA aperture 4, res 6","24479",-53.296891049056,12452.831774897
"ISEA aperture 4, res 6","26249",-53.1518759717819,12452.8727816863
"ISEA aperture 4, res 6","27510",-52.6372073817962,12452.7193253185
"ISEA aperture 4, res 6","31785",-52.9593686354311,12453.3950788374
"ISEA aperture 4, res 6","36361",-52.7195606780994,12452.6011467356
"ISEA aperture 4, res 6","31335",-52.8454821368549,12452.8530295081
"ISEA aperture 4, res 6","29006",-52.8277680948889,12452.8064989883
"ISEA aperture 4, res 6","31786",-51.9531013490251,12453.29802445
"ISEA aperture 4, res 6","26726",-52.6550562690034,12452.8318219766
"ISEA aperture 4, res 6","24135",-52.827768071083,12452.8064989837
"ISEA aperture 4, res 6","24142",-52.6372073622312,12452.7193251315
"ISEA aperture 4, res 6","24481",-52.3042905598997,12452.831752384
"ISEA aperture 4, res 6","30239",-52.109413039181,12452.8923678105
"ISEA aperture 4, res 6","26310",-52.845482135794,12452.8530295063
"ISEA aperture 4, res 6","26397",-52.2139618981689,12452.8017925863
"ISEA aperture 4, res 6","29850",-52.8216223828315,12452.6807396449
"ISEA aperture 4, res 6","24281",-52.4702763673656,12452.8045280897
"ISEA aperture 4, res 6","12037",-52.1148216728372,12452.851535176
"ISEA aperture 4, res 6","24140",-52.728557292411,12452.7001015617
"ISEA aperture 4, res 6","26123",-52.2107121819329,12453.4738633618
"ISEA aperture 4, res 6","26125",-52.7121676998265,12453.1058666327
"ISEA aperture 4, res 6","11842",-52.6761699545391,12453.2088026931
"ISEA aperture 4, res 6","26989",-52.0281396096928,12452.7938236264
"ISEA aperture 4, res 6","40774",-52.1148216471991,12452.8515448315
"ISEA aperture 4, res 6","11972",-52.3481446143786,12452.8504121563
"ISEA aperture 4, res 6","24074",-51.6600545507471,12453.7920795527
"ISEA aperture 4, res 6","26062",-51.9719627280294,12453.1403058844
"ISEA aperture 4, res 6","36170",-51.6272370146257,12452.6828336025
"ISEA aperture 4, res 6","26924",-51.7132212400741,12452.7984246416
"ISEA aperture 4, res 6","35657",-51.4970818294274,12452.7769109381
"ISEA aperture 4, res 6","27445",-52.5529313745267,12452.7285813677
"ISEA aperture 4, res 6","26530",-51.7800827965581,12452.8317579905
"ISEA aperture 4, res 6","34949",-51.7004089108457,12452.831782132
"ISEA aperture 4, res 6","26331",-52.033120712486,12452.8235906438
"ISEA aperture 4, res 6","35013",-52.1876282616815,12452.8317953271
"ISEA aperture 4, res 6","24072",-51.8783607436156,12452.8088841922
"ISEA aperture 4, res 6","26370",-51.7284439717056,12452.5861173236
"ISEA aperture 4, res 6","26246",-52.1595705331166,12452.8554225725
"ISEA aperture 4, res 6","28096",-51.9612557984565,12452.9057395362
"ISEA aperture 4, res 6","24066",-51.8371081236204,12454.4877215646
"ISEA aperture 4, res 6","26264",-52.1595707081471,12452.8554226543
"ISEA aperture 4, res 6","36234",-51.6628349247791,12452.6704294669
"ISEA aperture 4, res 6","27837",-51.0486860969161,12452.1986486446
"ISEA aperture 4, res 6","31979",-51.7136649769017,12448.9951443655
"ISEA aperture 4, res 6","31529",-51.8045693577575,12452.8628852861
"ISEA aperture 4, res 6","34627",-51.2137255560925,12452.8317818897
"ISEA aperture 4, res 6","24006",-51.0898760832136,12452.8978104745
"ISEA aperture 4, res 6","24549",-51.2137251781391,12452.8317819374
"ISEA aperture 4, res 6","26531",-51.1942447828686,12452.8317821628
"ISEA aperture 4, res 6","32235",-51.4618563010482,12453.556220751
"ISEA aperture 4, res 6","32616",-51.7815036609012,12452.8542753062
"ISEA aperture 4, res 6","24008",-50.9800786423287,12452.808313117
"ISEA aperture 4, res 6","32490",-51.0881504697624,12452.8685008466
"ISEA aperture 4, res 6","35593",-51.2300191653443,12452.7835120515
"ISEA aperture 4, res 6","26266",-51.3792072595323,12452.6024965582
"ISEA aperture 4, res 6","27511",-51.6272369945767,12452.6828336116
"ISEA aperture 4, res 6","35978",-51.3672853727108,12452.7182871856
"ISEA aperture 4, res 6","36747",-51.0921006572636,12452.875633448
"ISEA aperture 4, res 6","28682",-51.8371081544457,12454.4880254401
"ISEA aperture 4, res 6","26399",-51.2137255691017,12452.8317819025
"ISEA aperture 4, res 6","32554",-50.7603893682299,12452.8625609141
"ISEA aperture 4, res 6","12103",-51.3447082866902,12452.8507347323
"ISEA aperture 4, res 6","35014",-51.0789666939028,12452.8318137959
"ISEA aperture 4, res 6","26333",-51.1221984045066,12452.5999827358
"ISEA aperture 4, res 6","26400",-50.6801626026832,12452.8318034597
"ISEA aperture 4, res 6","34821",-50.6699896912595,12452.8317953195
"ISEA aperture 4, res 6","29657",-51.22862658345,12452.7293329504
"ISEA aperture 4, res 6","32108",-51.2373201933505,12449.8982850225
"ISEA aperture 4, res 6","26532",-50.5909125499524,12452.8318060515
"ISEA aperture 4, res 6","26860",-50.620346364523,12452.7953105268
"ISEA aperture 4, res 6","40841",-50.7466994838923,12452.8481828018
"ISEA aperture 4, res 6","24005",-51.1042073120654,12452.8855089138
"ISEA aperture 4, res 6","29916",-51.4970816764517,12452.776910831
"ISEA aperture 4, res 6","36363",-50.7572408673912,12452.8092542667
"ISEA aperture 4, res 6","31594",-51.0881503380205,12452.8685007341
"ISEA aperture 4, res 6","29333",-50.5882164062449,12452.8879830022
"ISEA aperture 4, res 6","12104",-50.5629354697187,12452.8497139104
"ISEA aperture 4, res 6","12038",-51.0863507016205,12452.7639629528
"ISEA aperture 4, res 6","35143",-50.890050708685,12452.8318862789
"ISEA aperture 4, res 6","35465",-50.6203463690652,12452.7953105187
"ISEA aperture 4, res 6","31402",-50.0382341356816,12452.8571098571
"ISEA aperture 4, res 6","32236",-50.7136844330045,12453.0293865477
"ISEA aperture 4, res 6","40516",-50.7466996018804,12452.8481830032
"ISEA aperture 4, res 6","30822",-50.128499814725,12452.8318219765
"ISEA aperture 4, res 6","27056",-50.6551454353324,12452.7594932521
"ISEA aperture 4, res 6","26401",-50.1285001931857,12452.8318219475
"ISEA aperture 4, res 6","26069",-50.0488004618291,12452.8671768154
"ISEA aperture 4, res 6","29398",-50.5513926714483,12452.4915665279
"ISEA aperture 4, res 6","11974",-50.3314502163914,12452.851081909
"ISEA aperture 4, res 6","32109",-50.2288430315449,12453.0956083802
"ISEA aperture 4, res 6","23938",-50.1347439164828,12454.0996543088
"ISEA aperture 4, res 6","23939",-50.187675687018,12451.7131792733
"ISEA aperture 4, res 6","27121",-50.8725233089183,12452.7499761206
"ISEA aperture 4, res 6","27382",-50.4894156890897,12452.6619519772
"ISEA aperture 4, res 6","27577",-50.6004013921245,12453.5574711475
"ISEA aperture 4, res 6","31337",-50.7139727889968,12452.8553072338
"ISEA aperture 4, res 6","32172",-50.9693647728609,12448.6487865549
"ISEA aperture 4, res 6","29982",-50.1425979869421,12452.776760698
"ISEA aperture 4, res 6","29528",-50.4018540916266,12452.6773605602
"ISEA aperture 4, res 6","26002",-49.9247928797494,12454.7513565698
"ISEA aperture 4, res 6","30758",-49.5594316462359,12452.8318372056
"ISEA aperture 4, res 6","40322",-50.1347439509075,12454.1045548256
"ISEA aperture 4, res 6","32428",-49.9247928789634,12454.751356569
"ISEA aperture 4, res 6","31788",-49.9247927872719,12454.7513564267
"ISEA aperture 4, res 6","36812",-50.1876755428194,12451.7131790915
"ISEA aperture 4, res 6","32491",-50.3651718174055,12452.8748790149
"ISEA aperture 4, res 6","35401",-50.2786967878888,12452.9091948119
"ISEA aperture 4, res 6","26054",-50.0488003221907,12452.8671767058
"ISEA aperture 4, res 6","24019",-49.7903219831596,12452.7335118592
"ISEA aperture 4, res 6","35851",-49.982703357641,12452.7204397773
"ISEA aperture 4, res 6","27903",-50.2187136926514,12452.8801360964
"ISEA aperture 4, res 6","26070",-49.7116224816638,12452.8623500277
"ISEA aperture 4, res 6","25991",-49.6364407773679,12452.8819284668
"ISEA aperture 4, res 6","35273",-49.5246890196312,12452.8320253516
"ISEA aperture 4, res 6","27122",-49.9827033450755,12452.7204397777
"ISEA aperture 4, res 6","25928",-49.1838548134287,12453.0837531579
"ISEA aperture 4, res 6","32556",-49.330278004391,12452.8724024644
"ISEA aperture 4, res 6","27513",-49.6900482204375,12452.8091817151
"ISEA aperture 4, res 6","31981",-49.7109298393037,12453.3899583634
"ISEA aperture 4, res 6","32746",-49.6429173819572,12452.86183529
"ISEA aperture 4, res 6","32620",-49.0046255141609,12452.9010948247
"ISEA aperture 4, res 6","32301",-49.7109298843404,12453.3899585478
"ISEA aperture 4, res 6","35337",-49.9132620724465,12452.8321389197
"ISEA aperture 4, res 6","23879",-49.2416760136464,12452.897957256
"ISEA aperture 4, res 6","24551",-50.0191868716971,12452.8318738934
"ISEA aperture 4, res 6","24088",-49.528517789345,12452.7915325291
"ISEA aperture 4, res 6","26402",-49.5594320089616,12452.8318371923
"ISEA aperture 4, res 6","12040",-49.5640938094338,12452.8501610546
"ISEA aperture 4, res 6","25868",-49.4928929093824,12450.1894973658
"ISEA aperture 4, res 6","28945",-49.2963004614032,12452.8850983261
"ISEA aperture 4, res 6","32237",-49.9670327072355,12453.5838197568
"ISEA aperture 4, res 6","32174",-49.4928929083993,12450.1894992739
"ISEA aperture 4, res 6","12236",-49.2060209111609,12452.8460700074
"ISEA aperture 4, res 6","40388",-49.1051963471209,12452.8911690942
"ISEA aperture 4, res 6","27188",-49.2051883112301,12452.6562808967
"ISEA aperture 4, res 6","31145",-49.4013018559918,12452.7694987169
"ISEA aperture 4, res 6","29270",-48.771246384094,12452.8083722083
"ISEA aperture 4, res 6","12171",-49.1051961878208,12452.8911689085
"ISEA aperture 4, res 6","35016",-48.8623640351359,12452.8318462487
"ISEA aperture 4, res 6","29335",-48.5867345569954,12452.8091046738
"ISEA aperture 4, res 6","26862",-49.0558124662425,12452.768078956
"ISEA aperture 4, res 6","25804",-48.4814018744144,12453.4651850179
"ISEA aperture 4, res 6","25989",-49.0046253696101,12452.9010947185
"ISEA aperture 4, res 6","26051",-48.971767419457,12452.861667208
"ISEA aperture 4, res 6","27709",-49.2416759226765,12452.8979570662
"ISEA aperture 4, res 6","40453",-48.9662185327931,12452.8471028108
"ISEA aperture 4, res 6","32302",-48.9631768767632,12453.4453560105
"ISEA aperture 4, res 6","31660",-49.3302778777138,12452.8724023481
"ISEA aperture 4, res 6","40323",-49.2060211156335,12452.8460701865
"ISEA aperture 4, res 6","26534",-49.3338953090486,12452.8318572438
"ISEA aperture 4, res 6","26403",-48.9735926514983,12452.831848995
"ISEA aperture 4, res 6","25939",-48.6055803010238,12452.8962148316
"ISEA aperture 4, res 6","31918",-48.4400260754445,12453.1970526091
"ISEA aperture 4, res 6","23957",-48.2417770003518,12452.7426128105
"ISEA aperture 4, res 6","12172",-48.2704912424659,12452.8676097122
"ISEA aperture 4, res 6","29983",-49.0558122968281,12452.7680788472
"ISEA aperture 4, res 6","29400",-48.3723058338168,12452.9345065216
"ISEA aperture 4, res 6","24024",-48.4376561706406,12452.7868867406
"ISEA aperture 4, res 6","32239",-48.4814018736431,12453.4651781193
"ISEA aperture 4, res 6","28881",-48.4278864365091,12452.8698217807
"ISEA aperture 4, res 6","27058",-48.8996720934187,12452.6937182054
"ISEA aperture 4, res 6","26928",-48.4876504490849,12452.7273970166
"ISEA aperture 4, res 6","36750",-48.4426559779185,12451.7115747734
"ISEA aperture 4, res 6","27450",-48.001994092028,12452.8068328734
"ISEA aperture 4, res 6","23815",-48.3284484437063,12452.8905553017
"ISEA aperture 4, res 6","12106",-48.966218418761,12452.8471026117
"ISEA aperture 4, res 6","30888",-48.4598271411107,12452.8319333445
"ISEA aperture 4, res 6","27710",-48.3898492059658,12452.8789966997
"ISEA aperture 4, res 6","11522",-48.4026187191282,12459.1636790734
"ISEA aperture 4, res 6","40454",-47.9938098793446,12452.847516209
"ISEA aperture 4, res 6","30695",-47.8623069111006,12452.8318904783
"ISEA aperture 4, res 6","25801",-47.956610802957,12453.3432640797
"ISEA aperture 4, res 6","12237",-48.3528840202064,12452.8179243219
"ISEA aperture 4, res 6","23813",-48.427886412205,12452.8698217816
"ISEA aperture 4, res 6","26074",-48.1282667313008,12452.9210686578
"ISEA aperture 4, res 6","31211",-47.6693205812914,12452.5807139063
"ISEA aperture 4, res 6","28946",-48.3898493333221,12452.8789968738
"ISEA aperture 4, res 6","26339",-47.862307257362,12452.831890459
"ISEA aperture 4, res 6","32558",-47.8754339466384,12452.8615022334
"ISEA aperture 4, res 6","24422",-48.4091467346615,12452.8319893435
"ISEA aperture 4, res 6","32621",-48.2903759789855,12452.8918553669
"ISEA aperture 4, res 6","27580",-48.2435285468394,12452.5629525945
"ISEA aperture 4, res 6","30372",-48.0120858742445,12452.8319285088
"ISEA aperture 4, res 6","27776",-47.5466081752671,12451.775728183
"ISEA aperture 4, res 6","40909",-48.3528840201172,12452.8179243203
"ISEA aperture 4, res 6","36494",-48.2435285720618,12452.5629525921
"ISEA aperture 4, res 6","32303",-48.216507298415,12453.5021497807
"ISEA aperture 4, res 6","24423",-47.8072034471737,12452.8320778683
"ISEA aperture 4, res 6","40780",-47.3281990222681,12452.9704401916
"ISEA aperture 4, res 6","36815",-47.5476537005729,12453.022316455
"ISEA aperture 4, res 6","40390",-47.191769987028,12452.8458492135
"ISEA aperture 4, res 6","26864",-47.4030633617017,12452.7017304591
"ISEA aperture 4, res 6","32495",-47.4232972218345,12453.1508560052
"ISEA aperture 4, res 6","31082",-47.8072034260324,12452.8320778697
"ISEA aperture 4, res 6","36687",-47.5231771596165,12452.8877122401
"ISEA aperture 4, res 6","35661",-47.1568893957646,12452.7223284161
"ISEA aperture 4, res 6","30631",-47.2609549260515,12452.8318884695
"ISEA aperture 4, res 6","25862",-47.8754338405512,12452.8615020942
"ISEA aperture 4, res 6","30760",-47.335521108359,12452.831946769
"ISEA aperture 4, res 6","35275",-47.3271302921536,12452.8319852201
"ISEA aperture 4, res 6","40260",-47.427031965766,12452.8111901342
"ISEA aperture 4, res 6","27581",-47.4091461940622,12452.8833830207
"ISEA aperture 4, res 6","25799",-47.4232971430536,12453.1508558471
"ISEA aperture 4, res 6","26340",-47.2609552572167,12452.8318884611
"ISEA aperture 4, res 6","28752",-47.5476538505455,12453.0223166077
"ISEA aperture 4, res 6","24226",-47.3355211233294,12452.8319467666
"ISEA aperture 4, res 6","31534",-46.5386647151566,12452.8630260876
"ISEA aperture 4, res 6","26208",-47.3473844411199,12452.8320210832
"ISEA aperture 4, res 6","27255",-47.4504112831063,12452.6853762526
"ISEA aperture 4, res 6","24490",-47.0289142218944,12452.5180882324
"ISEA aperture 4, res 6","31984",-46.6789557695976,12453.1785115136
"ISEA aperture 4, res 6","24555",-47.4746389333467,12452.9287825969
"ISEA aperture 4, res 6","24160",-47.260954938528,12452.8318884769
"ISEA aperture 4, res 6","36560",-46.4840791420253,12452.9512387864
"ISEA aperture 4, res 6","27712",-46.6446400358148,12451.8740084376
"ISEA aperture 4, res 6","26669",-46.5842248234356,12452.7583785704
"ISEA aperture 4, res 6","36816",-46.6549671818746,12453.0098164245
"ISEA aperture 4, res 6","32305",-46.7291735896667,12448.9227883391
"ISEA aperture 4, res 6","25737",-47.2087084632198,12453.388369171
"ISEA aperture 4, res 6","35082",-47.1206624888637,12452.8318626568
"ISEA aperture 4, res 6","28947",-47.4773631214982,12452.9384287961
"ISEA aperture 4, res 6","25741",-47.2087084983403,12453.388369369
"ISEA aperture 4, res 6","25808",-47.4232972226112,12453.1508560069
"ISEA aperture 4, res 6","24358",-47.2989514219101,12452.832102457
"ISEA aperture 4, res 6","26668",-47.3476781895354,12452.7810850884
"ISEA aperture 4, res 6","23756",-46.7266674952348,12452.806788712
"ISEA aperture 4, res 6","26209",-46.7920783713153,12452.8320273689
"ISEA aperture 4, res 6","26603",-46.9989212944276,12452.8108592607
"ISEA aperture 4, res 6","30309",-46.2289240384864,12452.8319369556
"ISEA aperture 4, res 6","27387",-46.2693757662498,12452.5638506356
"ISEA aperture 4, res 6","23686",-46.5591471309868,12452.8346617096
"ISEA aperture 4, res 6","25675",-46.7291735904439,12448.9227961722
"ISEA aperture 4, res 6","27060",-47.0219478828776,12452.6494251065
"ISEA aperture 4, res 6","34179",-46.8105839707427,12452.9370319457
"ISEA aperture 4, res 6","25674",-46.7291735819985,12448.9227881175
"ISEA aperture 4, res 6","40326",-46.37904975226,12453.0393734134
"ISEA aperture 4, res 6","23685",-46.6126818923076,12452.834372286
"ISEA aperture 4, res 6","34760",-46.7920783614983,12452.8320273384
"ISEA aperture 4, res 6","36304",-45.9680184833018,12452.8048890598
"ISEA aperture 4, res 6","36752",-46.6446400656894,12451.8740084367
"ISEA aperture 4, res 6","24227",-46.7920780135517,12452.8320274188
"ISEA aperture 4, res 6","34567",-46.1862979044118,12452.8322466674
"ISEA aperture 4, res 6","29143",-46.2693758203017,12452.5638508043
"ISEA aperture 4, res 6","32560",-46.4015479909212,12453.1146123718
"ISEA aperture 4, res 6","25812",-46.1958964552515,12452.8632200174
"ISEA aperture 4, res 6","26408",-45.8091910045838,12452.8318564764
"ISEA aperture 4, res 6","24294",-46.1862975235376,12452.8322467362
"ISEA aperture 4, res 6","23689",-46.2693758026073,12452.5638508053
"ISEA aperture 4, res 6","34696",-46.2328722439196,12452.8321342209
"ISEA aperture 4, res 6","25747",-45.4824934013696,12452.8640597528
"ISEA aperture 4, res 6","23761",-45.78939373764,12452.7115926544
"ISEA aperture 4, res 6","31920",-46.401547905995,12453.1146122159
"ISEA aperture 4, res 6","30374",-45.8091907329464,12452.8318564371
"ISEA aperture 4, res 6","24360",-46.0835616096455,12452.8323576709
"ISEA aperture 4, res 6","35726",-46.3175086199507,12452.6647003298
"ISEA aperture 4, res 6","28949",-45.6355070370709,12452.8342265785
"ISEA aperture 4, res 6","25678",-45.9324006320824,12453.2071965227
"ISEA aperture 4, res 6","30503",-46.0132264865529,12452.8318603206
"ISEA aperture 4, res 6","25610",-45.989791056474,12452.6183989869
"ISEA aperture 4, res 6","23691",-45.9680184623325,12452.8048892352
"ISEA aperture 4, res 6","36625",-45.6355069559707,12452.8342264293
"ISEA aperture 4, res 6","36047",-46.0196776009511,12453.2356340037
"ISEA aperture 4, res 6","36689",-45.6967047333293,12451.7867013672
"ISEA aperture 4, res 6","35598",-45.7984508643161,12452.7197159237
"ISEA aperture 4, res 6","27583",-45.696704705226,12451.786701366
"ISEA aperture 4, res 6","27518",-45.6355069291943,12452.8342264337
"ISEA aperture 4, res 6","29597",-45.9184750589085,12452.7001831307
"ISEA aperture 4, res 6","32752",-45.4824934004425,12452.8640597551
"ISEA aperture 4, res 6","23832",-45.1700178647769,12452.725837193
"ISEA aperture 4, res 6","25881",-45.2769523250207,12452.2591067895
"ISEA aperture 4, res 6","11784",-46.022977517127,12452.8489185238
"ISEA aperture 4, res 6","32688",-45.8053139499755,12452.8639658854
"ISEA aperture 4, res 6","25813",-45.8440415147753,12452.9719677545
"ISEA aperture 4, res 6","30891",-45.1157857359735,12452.8322859589
"ISEA aperture 4, res 6","12240",-45.7487661796624,12452.8673407845
"ISEA aperture 4, res 6","11915",-45.2471908921692,12452.8471648532
"ISEA aperture 4, res 6","11980",-45.4227833802459,12452.9736506894
"ISEA aperture 4, res 6","30955",-45.6587985629053,12452.8322696923
"ISEA aperture 4, res 6","11655",-45.4227834876375,12452.9736508838
"ISEA aperture 4, res 6","25607",-45.1842460440632,12453.2368005941
"ISEA aperture 4, res 6","25730",-45.1414537433992,12453.1016133457
"ISEA aperture 4, res 6","23695",-45.0896607255361,12452.849256473
"ISEA aperture 4, res 6","34697",-45.115786110503,12452.8322858923
"ISEA aperture 4, res 6","40652",-45.4227833801559,12452.9736506892
"ISEA aperture 4, res 6","26736",-45.2305018543539,12452.6088564236
"ISEA aperture 4, res 6","26671",-44.986324668649,12452.6506419932
"ISEA aperture 4, res 6","31664",-45.1414537443773,12453.1018719067
"ISEA aperture 4, res 6","34633",-44.5406398846399,12452.8324696676
"ISEA aperture 4, res 6","33922",-45.1414540575332,12453.0953675897
"ISEA aperture 4, res 6","32050",-44.9138303179299,12453.1609783044
"ISEA aperture 4, res 6","23900",-44.7071307789985,12452.8317848032
"ISEA aperture 4, res 6","24361",-45.4574867327223,12452.8325229909
"ISEA aperture 4, res 6","25546",-44.9716882727495,12449.2797084693
"ISEA aperture 4, res 6","23556",-44.8241721969096,12453.0021567819
"ISEA aperture 4, res 6","35406",-44.8160186531267,12452.8205218014
"ISEA aperture 4, res 6","27062",-45.3465738486191,12452.5932168971
"ISEA aperture 4, res 6","29079",-45.450946461454,12452.9043759286
"ISEA aperture 4, res 6","31728",-45.4824932668463,12452.8640596284
"ISEA aperture 4, res 6","26932",-44.8032413972699,12453.1554494057
"ISEA aperture 4, res 6","31278",-44.8202291389703,12452.8327169282
"ISEA aperture 4, res 6","29534",-44.1472198707316,12452.4395148406
"ISEA aperture 4, res 6","29922",-44.9863245046113,12452.6506418579
"ISEA aperture 4, res 6","27128",-44.8340602052044,12452.8035843901
"ISEA aperture 4, res 6","35920",-44.6826065071012,12452.8170212718
"ISEA aperture 4, res 6","35149",-44.2612387552577,12452.8317848009
"ISEA aperture 4, res 6","12046",-44.7232987141152,12452.7966482456
"ISEA aperture 4, res 6","31858",-44.0367405284029,12452.8661392871
"ISEA aperture 4, res 6","25606",-44.9138303171568,12453.1609783061
"ISEA aperture 4, res 6","34762",-44.5578623957073,12452.8322937322
"ISEA aperture 4, res 6","35213",-44.7071310425452,12452.8317848124
"ISEA aperture 4, res 6","25542",-44.1662885115784,12453.1853814914
"ISEA aperture 4, res 6","35728",-44.1413048928167,12452.6340289766
"ISEA aperture 4, res 6","24166",-43.9518140782405,12452.832694184
"ISEA aperture 4, res 6","27259",-44.3806002970314,12452.8345987183
"ISEA aperture 4, res 6","23629",-44.6274835827196,12452.8039078911
"ISEA aperture 4, res 6","40848",-44.8480606287811,12452.8666622369
"ISEA aperture 4, res 6","23698",-44.5323894823022,12452.6877718521
"ISEA aperture 4, res 6","26082",-43.9856040097267,12452.8322902303
"ISEA aperture 4, res 6","23561",-44.3806003238902,12452.8345988663
"ISEA aperture 4, res 6","29599",-43.869977733811,12452.9728101585
"ISEA aperture 4, res 6","31343",-44.1725702976621,12452.8329424052
"ISEA aperture 4, res 6","25551",-43.6044884412952,12453.0782611699
"ISEA aperture 4, res 6","25666",-44.4315057454616,12453.2336325294
"ISEA aperture 4, res 6","31021",-43.9518140589436,12452.832694179
"ISEA aperture 4, res 6","30440",-44.2612384704753,12452.8317848176
"ISEA aperture 4, res 6","27260",-43.5624545989009,12452.8338703104
"ISEA aperture 4, res 6","31279",-43.7103619966778,12452.8330474872
"ISEA aperture 4, res 6","34956",-43.9195876261777,12452.8320737282
"ISEA aperture 4, res 6","24297",-44.3464697988811,12452.8327960043
"ISEA aperture 4, res 6","32308",-43.9542485754905,12453.4164402861
"ISEA aperture 4, res 6","26148",-43.9195876322146,12452.8320737255
"ISEA aperture 4, res 6","25752",-43.5152732157884,12452.8332024751
"ISEA aperture 4, res 6","27129",-44.0644369408643,12452.355329995
"ISEA aperture 4, res 6","36306",-44.0644369605009,12452.3553299928
"ISEA aperture 4, res 6","40069",-43.9417395207938,12452.8659821136
"ISEA aperture 4, res 6","29469",-44.3989612921182,12452.8046883473
"ISEA aperture 4, res 6","25751",-43.9491105070345,12452.0839383368
"ISEA aperture 4, res 6","40850",-43.0920334568377,12452.8639657545
"ISEA aperture 4, res 6","23495",-43.6774387846949,12452.8336751147
"ISEA aperture 4, res 6","36178",-43.669425610884,12452.8016756548
"ISEA aperture 4, res 6","23498",-43.2753954714582,12452.8343604986
"ISEA aperture 4, res 6","36371",-43.2753954873999,12452.8343603569
"ISEA aperture 4, res 6","24299",-43.0641924940369,12452.8333391823
"ISEA aperture 4, res 6","23499",-43.103603845873,12452.8346868802
"ISEA aperture 4, res 6","25884",-43.856277035008,12452.8328776298
"ISEA aperture 4, res 6","25885",-43.3502367168664,12452.8329636122
"ISEA aperture 4, res 6","25819",-43.2315935446047,12452.8331599225
"ISEA aperture 4, res 6","27325",-43.6774387273362,12452.8336749832
"ISEA aperture 4, res 6","11203",-43.0850511170013,12452.8640597543
"ISEA aperture 4, res 6","26869",-43.1932917209793,12452.6937556474
"ISEA aperture 4, res 6","23496",-43.562454638655,12452.8338704445
"ISEA aperture 4, res 6","35278",-44.0320885250135,12452.8317237523
"ISEA aperture 4, res 6","23702",-43.6282059453458,12452.6407800714
"ISEA aperture 4, res 6","36499",-43.5624546222368,12452.8338702969
"ISEA aperture 4, res 6","34440",-43.8562770198345,12452.8328776282
"ISEA aperture 4, res 6","24035",-43.4360103672536,12452.8325197663
"ISEA aperture 4, res 6","31151",-42.7368244938246,12452.8332833134
"ISEA aperture 4, res 6","36435",-43.4283893313828,12452.8340947096
"ISEA aperture 4, res 6","24430",-43.2720644289861,12451.9894363566
"ISEA aperture 4, res 6","30377",-42.49898777145,12452.8314993199
"ISEA aperture 4, res 6","36050",-43.1932917350843,12452.6937556474
"ISEA aperture 4, res 6","23705",-42.6344197110213,12452.7156287751
"ISEA aperture 4, res 6","25686",-43.2720649046108,12451.9894362324
"ISEA aperture 4, res 6","26149",-43.306673200024,12452.8320024158
"ISEA aperture 4, res 6","23772",-42.498987779153,12452.8314993203
"ISEA aperture 4, res 6","24365",-42.8490790872793,12452.8335009198
"ISEA aperture 4, res 6","30247",-43.3416428256712,12452.8913331453
"ISEA aperture 4, res 6","25539",-43.3055421559386,12453.0432748717
"ISEA aperture 4, res 6","23430",-42.8351055227391,12451.9258163593
"ISEA aperture 4, res 6","27521",-43.0292422256781,12452.9650159798
"ISEA aperture 4, res 6","34570",-42.8289182490599,12452.8330564389
"ISEA aperture 4, res 6","11333",-43.0744866153311,12452.8643227681
"ISEA aperture 4, res 6","11983",-42.9554268671806,12452.7893416268
"ISEA aperture 4, res 6","27326",-42.8351054532502,12451.9258162406
"ISEA aperture 4, res 6","25421",-42.1169496614035,12453.111833804
"ISEA aperture 4, res 6","27196",-42.6112044770263,12452.8334892059
"ISEA aperture 4, res 6","28952",-42.835105542917,12451.9258163618
"ISEA aperture 4, res 6","25351",-42.1869356775725,12453.3621655422
"ISEA aperture 4, res 6","33666",-42.2631894622472,12454.4546448648
"ISEA aperture 4, res 6","26805",-42.2288875335838,12452.7985045272
"ISEA aperture 4, res 6","30893",-42.8714147259145,12452.8328076634
"ISEA aperture 4, res 6","35729",-43.0487290404146,12452.9005089091
"ISEA aperture 4, res 6","29730",-42.3009802655848,12452.7899600654
"ISEA aperture 4, res 6","36372",-42.3134769120979,12452.8338545612
"ISEA aperture 4, res 6","29406",-42.7039202110883,12453.058823397
"ISEA aperture 4, res 6","25820",-42.7368249256755,12452.8332831981
"ISEA aperture 4, res 6","32502",-42.1869356923348,12453.3621657592
"ISEA aperture 4, res 6","26543",-42.8121978731345,12452.5451251358
"ISEA aperture 4, res 6","36628",-42.8351054788004,12451.9258162377
"ISEA aperture 4, res 6","34312",-42.5964196449297,12452.8334892044
"ISEA aperture 4, res 6","30958",-42.2928710392511,12452.8331604937
"ISEA aperture 4, res 6","26216",-42.4989880453181,12452.8314993076
"ISEA aperture 4, res 6","28888",-41.9839893657489,12452.9775924476
"ISEA aperture 4, res 6","26151",-42.0422282802522,12452.8316574125
"ISEA aperture 4, res 6","31087",-42.226598071531,12452.8334224335
"ISEA aperture 4, res 6","23437",-41.7316768523172,12452.3596051617
"ISEA aperture 4, res 6","31409",-42.4087470168914,12452.8336751144
"ISEA aperture 4, res 6","25622",-42.174711616996,12452.8338408392
"ISEA aperture 4, res 6","11204",-42.2040990706374,12452.8628127906
"ISEA aperture 4, res 6","31023",-41.7014340779751,12452.8335857341
"ISEA aperture 4, res 6","35344",-42.2462160369997,12452.8536302002
"ISEA aperture 4, res 6","25488",-42.2631892672901,12454.4544776475
"ISEA aperture 4, res 6","40916",-42.1854747026229,12452.8632199002
"ISEA aperture 4, res 6","36308",-42.137404336953,12452.8340914345
"ISEA aperture 4, res 6","23435",-42.1374043013353,12452.8340915701
"ISEA aperture 4, res 6","40330",-42.5052475866942,12452.8473217148
"ISEA aperture 4, res 6","32374",-42.1869356783504,12453.3621655431
"ISEA aperture 4, res 6","26936",-41.9434249416888,12452.4676895743
"ISEA aperture 4, res 6","29925",-41.721919154275,12452.8056626546
"ISEA aperture 4, res 6","31474",-41.7447917196469,12452.8340595795
"ISEA aperture 4, res 6","12180",-41.3100191437007,12452.8618235889
"ISEA aperture 4, res 6","23972",-41.7426247237288,12452.8332830072
"ISEA aperture 4, res 6","29731",-41.3617720581305,12452.8908200485
"ISEA aperture 4, res 6","36629",-41.8928357396266,12452.9921537505
"ISEA aperture 4, res 6","25756",-41.6129016226003,12452.8338545621
"ISEA aperture 4, res 6","23841",-41.1471119755632,12452.5028203336
"ISEA aperture 4, res 6","29342",-41.9434249203711,12452.4676897164
"ISEA aperture 4, res 6","11010",-41.2312477569691,12452.8615226931
"ISEA aperture 4, res 6","33861",-41.1965484451578,12451.6785443114
"ISEA aperture 4, res 6","11529",-41.8988183933195,12453.1727966035
"ISEA aperture 4, res 6","25349",-41.6442891888373,12453.1870319504
"ISEA aperture 4, res 6","24433",-41.1965479710586,12451.6785444608
"ISEA aperture 4, res 6","25348",-41.3686512114033,12453.1294425261
"ISEA aperture 4, res 6","36822",-41.1875597565613,12452.9458200293
"ISEA aperture 4, res 6","30572",-41.0646210423824,12452.3912884308
"ISEA aperture 4, res 6","25423",-41.5293773193951,12454.7043475488
"ISEA aperture 4, res 6","33926",-40.8042328158632,12452.8346615505
"ISEA aperture 4, res 6","25286",-41.1642180043193,12453.2892350237
"ISEA aperture 4, res 6","36117",-40.5215968056492,12452.3397105373
"ISEA aperture 4, res 6","40917",-41.2805981790424,12452.8625401344
"ISEA aperture 4, res 6","26872",-40.9684204638842,12452.8337873942
"ISEA aperture 4, res 6","27133",-40.8304002963819,12452.9912322563
"ISEA aperture 4, res 6","35795",-41.0188147679476,12452.8450414489
"ISEA aperture 4, res 6","34701",-40.6082454228135,12451.4447659651
"ISEA aperture 4, res 6","23303",-40.8304003383856,12452.9912323584
"ISEA aperture 4, res 6","11660",-40.5071070937028,12452.7931077744
"ISEA aperture 4, res 6","40007",-41.2610246947835,12452.6381743162
"ISEA aperture 4, res 6","26021",-41.0646213577081,12452.3912883553
"ISEA aperture 4, res 6","30314",-40.7273563943145,12452.8651154881
"ISEA aperture 4, res 6","25558",-41.0730723523783,12452.8344969386
"ISEA aperture 4, res 6","25288",-41.4390262364452,12453.3946891621
"ISEA aperture 4, res 6","26937",-41.1663568702536,12452.8335856136
"ISEA aperture 4, res 6","35023",-41.0646213529043,12452.391288358
"ISEA aperture 4, res 6","30701",-41.1471119621252,12452.5028203314
"ISEA aperture 4, res 6","24302",-41.0730718834597,12452.8344970839
"ISEA aperture 4, res 6","35731",-40.8433432022818,12452.7661388599
"ISEA aperture 4, res 6","29149",-40.5451051644677,12452.8329637149
"ISEA aperture 4, res 6","23975",-39.9643783759185,12451.6794192821
"ISEA aperture 4, res 6","11921",-40.3467840774735,12452.5741266554
"ISEA aperture 4, res 6","32440",-40.4131893522653,12453.3163448148
"ISEA aperture 4, res 6","11856",-40.2625549411914,12452.7656522744
"ISEA aperture 4, res 6","27329",-40.2605135756158,12452.937031946
"ISEA aperture 4, res 6","11141",-40.4294407708282,12452.8602334874
"ISEA aperture 4, res 6","34895",-40.0116144764249,12452.2947535918
"ISEA aperture 4, res 6","29084",-40.696469386949,12451.8248661608
"ISEA aperture 4, res 6","40918",-40.3707317079897,12452.862040826
"ISEA aperture 4, res 6","35088",-40.4409475170428,12452.2643946128
"ISEA aperture 4, res 6","24106",-40.3551957453558,12452.0617514296
"ISEA aperture 4, res 6","24303",-40.3943110888019,12452.8349923412
"ISEA aperture 4, res 6","26022",-40.4409475207329,12452.2643946121
"ISEA aperture 4, res 6","23305",-40.5451051489926,12452.832963717
"ISEA aperture 4, res 6","31733",-40.1094564909054,12452.8351504931
"ISEA aperture 4, res 6","23240",-39.7337103655829,12451.9487253744
"ISEA aperture 4, res 6","23234",-40.3125985228594,12452.7521577634
"ISEA aperture 4, res 6","33668",-40.1371367432755,12453.059964065
"ISEA aperture 4, res 6","28825",-40.1904233167629,12452.9442095131
"ISEA aperture 4, res 6","33862",-40.1094569916118,12452.8351503299
"ISEA aperture 4, res 6","40073",-40.2625550796033,12452.7656524442
"ISEA aperture 4, res 6","34379",-39.8602090326659,12452.5087465344
"ISEA aperture 4, res 6","40398",-39.9799687077299,12452.8424956438
"ISEA aperture 4, res 6","24041",-39.8602086331679,12452.5087466933
"ISEA aperture 4, res 6","33797",-40.4920435979882,12451.5659300015
"ISEA aperture 4, res 6","35539",-40.0719521516351,12452.1698555489
"ISEA aperture 4, res 6","24304",-39.709210703528,12452.8355502291
"ISEA aperture 4, res 6","32696",-39.8653869226696,12453.1660823027
"ISEA aperture 4, res 6","11596",-39.76524450051,12452.848185801
"ISEA aperture 4, res 6","25560",-40.1827298521486,12452.8351768464
"ISEA aperture 4, res 6","25159",-39.6628615808164,12453.3437594349
"ISEA aperture 4, res 6","31540",-39.9672293054478,12452.8353773818
"ISEA aperture 4, res 6","23238",-39.9969437389915,12452.962319675
"ISEA aperture 4, res 6","29862",-39.7180672477325,12453.0118632579
"ISEA aperture 4, res 6","24239",-39.2917329324818,12451.7717121126
"ISEA aperture 4, res 6","30315",-39.6188602697411,12452.7077800243
"ISEA aperture 4, res 6","33410",-39.3017225101647,12452.2670311254
"ISEA aperture 4, res 6","26417",-39.1097361489221,12453.0199310205
"ISEA aperture 4, res 6","31476",-39.5234128011742,12451.7089224645
"ISEA aperture 4, res 6","30121",-39.7341641350135,12452.6374626346
"ISEA aperture 4, res 6","32055",-39.7401474167785,12453.0488068231
"ISEA aperture 4, res 6","32312",-39.865386878539,12453.1660821085
"ISEA aperture 4, res 6","31154",-39.3499936980719,12451.4331956987
"ISEA aperture 4, res 6","35089",-39.3105103203579,12452.139523389
"ISEA aperture 4, res 6","23910",-39.4300848198496,12452.1389560611
"ISEA aperture 4, res 6","36632",-39.0439407846865,12452.9489096103
"ISEA aperture 4, res 6","25694",-39.4300852019785,12452.1389559049
"ISEA aperture 4, res 6","40464",-39.3289646126605,12452.7458866341
"ISEA aperture 4, res 6","30509",-39.3105100221383,12452.1395234833
"ISEA aperture 4, res 6","27069",-39.8739424843182,12452.9739181365
"ISEA aperture 4, res 6","33604",-39.4131556372698,12453.0759057044
"ISEA aperture 4, res 6","31283",-39.2275767965874,12451.5303109357
"ISEA aperture 4, res 6","28956",-39.0439408277534,12452.9489096915
"ISEA aperture 4, res 6","27005",-38.9143189372182,12452.9578729755
"ISEA aperture 4, res 6","28826",-39.25182277608,12452.9345839283
"ISEA aperture 4, res 6","25363",-39.0184497923977,12451.8498168674
"ISEA aperture 4, res 6","23845",-38.881507720795,12451.9240651128
"ISEA aperture 4, res 6","23911",-38.8248877379593,12452.0129625708
"ISEA aperture 4, res 6","23380",-38.7710200545306,12452.6396998896
"ISEA aperture 4, res 6","30574",-38.7950858496746,12451.7213226671
"ISEA aperture 4, res 6","33540",-38.685101809515,12451.3195539047
"ISEA aperture 4, res 6","26352",-38.771020219098,12452.6396993547
"ISEA aperture 4, res 6","30122",-38.6469619503095,12452.412735117
"ISEA aperture 4, res 6","35990",-39.0171852983306,12452.6407800675
"ISEA aperture 4, res 6","29475",-38.5433730865975,12452.8330164937
"ISEA aperture 4, res 6","40074",-39.3289647301298,12452.7458868095
"ISEA aperture 4, res 6","29798",-39.1097360025664,12453.0199311947
"ISEA aperture 4, res 6","31541",-38.857433682581,12452.4367286153
"ISEA aperture 4, res 6","36247",-39.0050028066981,12452.8328678909
"ISEA aperture 4, res 6","31090",-38.8248877184502,12452.0129625704
"ISEA aperture 4, res 6","26745",-38.2295485647495,12452.8325196889
"ISEA aperture 4, res 6","33605",-38.3488504911489,12452.7178409986
"ISEA aperture 4, res 6","34961",-38.2619229628647,12451.2358542291
"ISEA aperture 4, res 6","25960",-38.029738835388,12450.9164871137
"ISEA aperture 4, res 6","23178",-38.4252368057621,12452.8324979291
"ISEA aperture 4, res 6","33346",-38.5519406641817,12458.9002574964
"ISEA aperture 4, res 6","26483",-38.7347969879952,12452.6106373443
"ISEA aperture 4, res 6","32378",-38.0797326348259,12453.1473319091
"ISEA aperture 4, res 6","26221",-38.9874374525685,12452.1346414416
"ISEA aperture 4, res 6","29151",-38.6047473341797,12451.9290245189
"ISEA aperture 4, res 6","31348",-38.5871599072847,12451.4923847018
"ISEA aperture 4, res 6","11597",-38.7626798087463,12452.7973343854
"ISEA aperture 4, res 6","23313",-38.7347968679344,12452.6106374652
"ISEA aperture 4, res 6","36568",-38.9143189600035,12452.95787297
"ISEA aperture 4, res 6","11013",-38.6337709390181,12452.8585900245
"ISEA aperture 4, res 6","35476",-38.6469621746715,12452.4127351709
"ISEA aperture 4, res 6","33411",-38.2621221913042,12452.9362216831
"ISEA aperture 4, res 6","26418",-38.4369166725182,12452.6952832794
"ISEA aperture 4, res 6","36119",-38.5433731683212,12452.8330163994
"ISEA aperture 4, res 6","25155",-38.8345246760585,12453.1312115463
"ISEA aperture 4, res 6","30510",-38.1691154627561,12450.9532392641
"ISEA aperture 4, res 6","26876",-37.7992605588752,12452.9506609522
"ISEA aperture 4, res 6","28697",-38.4635907300816,12452.5662817214
"ISEA aperture 4, res 6","39946",-37.6658883512876,12452.7603085385
"ISEA aperture 4, res 6","25828",-38.2619229685439,12451.2358542245
"ISEA aperture 4, res 6","23248",-38.0196218934006,12452.2627366783
"ISEA aperture 4, res 6","33670",-37.9945262317606,12451.8756446968
"ISEA aperture 4, res 6","29216",-38.4252368192712,12452.8324979281
"ISEA aperture 4, res 6","29217",-37.4454083898106,12451.9282188938
"ISEA aperture 4, res 6","29799",-38.1234687099401,12452.1581825296
"ISEA aperture 4, res 6","39751",-37.7694077916007,12452.8548856079
"ISEA aperture 4, res 6","23043",-37.4578340669526,12452.9138857083
"ISEA aperture 4, res 6","26026",-37.8353783751132,12451.9138859048
"ISEA aperture 4, res 6","36761",-38.3099271719167,12452.9256107108
"ISEA aperture 4, res 6","29670",-37.7351121186363,12452.5303432639
"ISEA aperture 4, res 6","30639",-38.2619226420242,12451.2358543725
"ISEA aperture 4, res 6","33735",-37.6225425845281,12452.6031090412
"ISEA aperture 4, res 6","27071",-38.2073980843884,12452.9307184958
"ISEA aperture 4, res 6","25432",-37.9399186704017,12451.7807809815
"ISEA aperture 4, res 6","34768",-37.742386877617,12455.3291446834
"ISEA aperture 4, res 6","11599",-37.2635653146071,12452.8426646289
"ISEA aperture 4, res 6","24965",-37.1271874825772,12447.2543732784
"ISEA aperture 4, res 6","35477",-37.558476779237,12452.2947475926
"ISEA aperture 4, res 6","39816",-37.7597340044794,12452.8538790614
"ISEA aperture 4, res 6","25028",-37.6003786328207,12453.2239071767
"ISEA aperture 4, res 6","39556",-37.6790409959221,12452.8600416726
"ISEA aperture 4, res 6","32121",-37.953470060185,12451.382855014
"ISEA aperture 4, res 6","33929",-37.5086078872527,12452.4845828665
"ISEA aperture 4, res 6","40791",-37.7273482426563,12452.8581999021
"ISEA aperture 4, res 6","39881",-37.726379990765,12452.8538298706
"ISEA aperture 4, res 6","39621",-37.7273485803719,12452.8581999931
"ISEA aperture 4, res 6","29022",-37.9518673362052,12452.9430934108
"ISEA aperture 4, res 6","23383",-37.9026501202824,12452.4302511297
"ISEA aperture 4, res 6","10819",-37.6142046350738,12452.8618352896
"ISEA aperture 4, res 6","36120",-37.5478141305118,12452.6251295074
"ISEA aperture 4, res 6","23516",-38.0297385673431,12450.916487222
"ISEA aperture 4, res 6","23184",-37.0169034321704,12452.7609121883
"ISEA aperture 4, res 6","23584",-37.1020641505475,12453.5978941524
"ISEA aperture 4, res 6","40792",-36.8156810403677,12452.85814633
"ISEA aperture 4, res 6","11080",-36.8802927286341,12452.8520903147
"ISEA aperture 4, res 6","35542",-36.8166136144525,12452.7189570151
"ISEA aperture 4, res 6","32122",-36.9007798490057,12452.6641446741
"ISEA aperture 4, res 6","22979",-36.5173128596954,12452.9072271924
"ISEA aperture 4, res 6","26877",-36.98692713567,12452.9295693688
"ISEA aperture 4, res 6","31414",-36.8136296808295,12451.8847348114
"ISEA aperture 4, res 6","40467",-36.8175358705134,12452.2767076581
"ISEA aperture 4, res 6","12120",-36.8156810404554,12452.8581463298
"ISEA aperture 4, res 6","35799",-37.122145754468,12452.2518940805
"ISEA aperture 4, res 6","34833",-37.1520068234081,12452.7122732601
"ISEA aperture 4, res 6","24111",-37.0766624341408,12451.3691934435
"ISEA aperture 4, res 6","40922",-36.6873611301973,12452.8622681209
"ISEA aperture 4, res 6","23048",-36.8283225215799,12452.934489289
"ISEA aperture 4, res 6","25034",-36.7720176050676,12453.147331909
"ISEA aperture 4, res 6","32186",-37.2187369923767,12450.5207173619
"ISEA aperture 4, res 6","34317",-36.9595827709765,12451.6937690412
"ISEA aperture 4, res 6","31349",-37.4574287979144,12451.9884971278
"ISEA aperture 4, res 6","33348",-36.4813588309982,12450.9589023868
"ISEA aperture 4, res 6","25500",-37.0664335332659,12456.4390613715
"ISEA aperture 4, res 6","35285",-36.2202967281926,12452.7332188882
"ISEA aperture 4, res 6","29477",-36.5493548042853,12452.8110930613
"ISEA aperture 4, res 6","23120",-36.0108153884637,12452.7779486476
"ISEA aperture 4, res 6","26028",-36.4655711242237,12450.8185819355
"ISEA aperture 4, res 6","33607",-36.2115542026335,12452.5520341544
"ISEA aperture 4, res 6","30189",-36.0308400727852,12453.7506842649
"ISEA aperture 4, res 6","32764",-36.5656590778349,12453.1805170682
"ISEA aperture 4, res 6","27073",-36.5173127785901,12452.9072271349
"ISEA aperture 4, res 6","32700",-36.844294271835,12453.2437606094
"ISEA aperture 4, res 6","23186",-36.4271886751139,12452.5027120782
"ISEA aperture 4, res 6","25830",-37.0125173156212,12453.5507108321
"ISEA aperture 4, res 6","32637",-36.0882895418335,12453.2638328995
"ISEA aperture 4, res 6","12250",-36.6873611302839,12452.862268121
"ISEA aperture 4, res 6","31607",-37.076662407257,12451.3691934425
"ISEA aperture 4, res 6","35027",-36.4768850183107,12452.9458131412
"ISEA aperture 4, res 6","24439",-36.9007798832614,12452.664144675
"ISEA aperture 4, res 6","39623",-35.9792585556628,12452.8532967935
"ISEA aperture 4, res 6","29348",-36.0364508657093,12452.836591915
"ISEA aperture 4, res 6","30576",-36.4768847106546,12452.9458154274
"ISEA aperture 4, res 6","24962",-36.2867273693288,12456.6496295753
"ISEA aperture 4, res 6","29283",-36.2576106198831,12451.8256128428
"ISEA aperture 4, res 6","35607",-36.0959320759906,12451.9639823109
"ISEA aperture 4, res 6","25700",-35.928954824198,12452.9815951799
"ISEA aperture 4, res 6","36443",-35.6753597615851,12452.9223987599
"ISEA aperture 4, res 6","36507",-35.855416454359,12452.9199067352
"ISEA aperture 4, res 6","24243",-36.5387957388182,12452.5033883282
"ISEA aperture 4, res 6","31286",-35.8218973838699,12454.3696455044
"ISEA aperture 4, res 6","25036",-36.1724903190473,12452.6466367649
"ISEA aperture 4, res 6","25104",-35.8411619827268,12452.471504272
"ISEA aperture 4, res 6","39558",-35.9474555113381,12452.8559167929
"ISEA aperture 4, res 6","35864",-36.4271888240165,12452.5027119931
"ISEA aperture 4, res 6","23121",-35.7197247909893,12452.753774778
"ISEA aperture 4, res 6","36699",-36.3009953016452,12452.9120783736
"ISEA aperture 4, res 6","11405",-36.4879382356512,12452.8355549779
"ISEA aperture 4, res 6","32765",-35.807123879956,12453.1975107975
"ISEA aperture 4, res 6","26813",-36.0198396613353,12452.9172848952
"ISEA aperture 4, res 6","26095",-35.4364262178176,12449.0401416994
"ISEA aperture 4, res 6","26029",-35.7171886431986,12452.1434196018
"ISEA aperture 4, res 6","29931",-35.4364260345645,12449.0401417377
"ISEA aperture 4, res 6","36636",-35.2054623390357,12452.9051841228
"ISEA aperture 4, res 6","31028",-35.9786508614785,12452.9286318117
"ISEA aperture 4, res 6","40468",-35.9587391618915,12452.8477344356
"ISEA aperture 4, res 6","22987",-35.2691756375064,12452.9421983011
"ISEA aperture 4, res 6","34770",-35.4148534826928,12452.4894146265
"ISEA aperture 4, res 6","25171",-35.7294184746717,12452.0926268771
"ISEA aperture 4, res 6","40338",-35.819186431228,12452.7102228597
"ISEA aperture 4, res 6","31222",-35.2890873655228,12452.1317196504
"ISEA aperture 4, res 6","23917",-35.0166104205165,12452.3490697819
"ISEA aperture 4, res 6","32252",-35.4419944238251,12452.6289737898
"ISEA aperture 4, res 6","25634",-35.9833030770894,12453.3132467544
"ISEA aperture 4, res 6","25767",-35.2035468443297,12452.6064059675
"ISEA aperture 4, res 6","26161",-35.0951116592924,12452.3290982641
"ISEA aperture 4, res 6","35736",-35.780575385067,12452.0567316468
"ISEA aperture 4, res 6","40794",-34.9780266576507,12452.8591951172
"ISEA aperture 4, res 6","24973",-34.7900764879845,12452.4998648215
"ISEA aperture 4, res 6","36379",-35.479875299533,12452.9430962122
"ISEA aperture 4, res 6","25105",-35.4542137378937,12451.3037727788
"ISEA aperture 4, res 6","24180",-34.7638554868353,12455.7078755076
"ISEA aperture 4, res 6","23522",-34.8233306016842,12452.878637607
"ISEA aperture 4, res 6","33867",-34.5933707057411,12453.0334846616
"ISEA aperture 4, res 6","25172",-35.300892023753,12457.104672456
"ISEA aperture 4, res 6","39754",-35.0900854020202,12452.8447643505
"ISEA aperture 4, res 6","40534",-35.1045445028082,12452.8471095556
"ISEA aperture 4, res 6","33285",-34.7097435842246,12452.6112162279
"ISEA aperture 4, res 6","24507",-35.0003954078782,12452.6596922619
"ISEA aperture 4, res 6","33802",-35.0512453423267,12456.616430332
"ISEA aperture 4, res 6","35222",-34.5650889540052,12452.0575324535
"ISEA aperture 4, res 6","34060",-35.5126252034402,12452.725078206
"ISEA aperture 4, res 6","39299",-34.8233758215815,12452.8640132992
"ISEA aperture 4, res 6","23588",-34.8358622750345,12452.8252761735
"ISEA aperture 4, res 6","26553",-35.2691756812635,12452.9421982645
"ISEA aperture 4, res 6","35608",-35.0787261983972,12451.7153204973
"ISEA aperture 4, res 6","31351",-35.1717258328868,12451.5171431426
"ISEA aperture 4, res 6","35157",-35.2035468417655,12452.6064073981
"ISEA aperture 4, res 6","34771",-34.255199495093,12452.1138429911
"ISEA aperture 4, res 6","11863",-34.2140489291243,12452.8462182263
"ISEA aperture 4, res 6","33609",-34.02032232516,12450.02588152
"ISEA aperture 4, res 6","39755",-34.1893286860932,12452.8399131631
"ISEA aperture 4, res 6","24771",-34.2888013836367,12453.2321225864
"ISEA aperture 4, res 6","30513",-34.6874930027536,12452.2630590411
"ISEA aperture 4, res 6","22854",-34.2407802395681,12452.7728877017
"ISEA aperture 4, res 6","39560",-34.1974661512402,12452.8500871113
"ISEA aperture 4, res 6","32703",-34.2888013844502,12453.2321309941
"ISEA aperture 4, res 6","39364",-34.9075745191731,12452.861757238
"ISEA aperture 4, res 6","30965",-34.2473426232154,12451.5041277359
"ISEA aperture 4, res 6","29803",-34.0804155055726,12453.0516846843
"ISEA aperture 4, res 6","25834",-34.408681215079,12451.0595380353
"ISEA aperture 4, res 6","40470",-34.2121704099765,12452.8426003873
"ISEA aperture 4, res 6","24773",-34.0055560367708,12457.7146122563
"ISEA aperture 4, res 6","23058",-34.4011152110204,12452.8931032295
"ISEA aperture 4, res 6","25108",-34.1274530241722,12453.0175308118
"ISEA aperture 4, res 6","31158",-34.7492016837824,12451.5009399809
"ISEA aperture 4, res 6","22786",-33.7848061378241,12452.2606394469
"ISEA aperture 4, res 6","25966",-34.0729962061852,12452.3991249365
"ISEA aperture 4, res 6","29091",-33.9052375172944,12452.9725754919
"ISEA aperture 4, res 6","32382",-33.9761656853588,12452.5934394628
"ISEA aperture 4, res 6","32962",-34.0055563011588,12457.7148961307
"ISEA aperture 4, res 6","39300",-33.9762505139085,12452.8630574325
"ISEA aperture 4, res 6","24443",-33.9761657218234,12452.5934282978
"ISEA aperture 4, res 6","22856",-33.9052375030038,12452.9725754912
"ISEA aperture 4, res 6","34190",-34.513051551844,12453.0695917345
"ISEA aperture 4, res 6","24841",-33.9761662765697,12452.5934448944
"ISEA aperture 4, res 6","35223",-33.433737873036,12451.0272455044
"ISEA aperture 4, res 6","23060",-33.7490687397965,12452.209295092
"ISEA aperture 4, res 6","26031",-34.4176611890359,12451.2969492395
"ISEA aperture 4, res 6","32253",-34.4016856396283,12452.5505531891
"ISEA aperture 4, res 6","24976",-33.5931616888075,12450.166272883
"ISEA aperture 4, res 6","23787",-34.0021836399693,12453.042593491
"ISEA aperture 4, res 6","24312",-34.0767378042704,12451.7628450651
"ISEA aperture 4, res 6","31030",-33.6497718093426,12453.2964314331
"ISEA aperture 4, res 6","11473",-33.7860885891247,12452.4791619614
"ISEA aperture 4, res 6","26621",-33.1091214481624,12452.9724148984
"ISEA aperture 4, res 6","24706",-33.2432167120035,12456.0647041118
"ISEA aperture 4, res 6","23524",-33.6777128802994,12452.562135541
"ISEA aperture 4, res 6","36574",-33.1091214688491,12452.972414899
"ISEA aperture 4, res 6","10693",-34.0527366976429,12452.8603703257
"ISEA aperture 4, res 6","40925",-33.8867831566173,12452.8653672434
"ISEA aperture 4, res 6","26294",-33.5474389108992,12452.971517708
"ISEA aperture 4, res 6","39886",-33.1378261458707,12452.6372618213
"ISEA aperture 4, res 6","11799",-33.3255993230943,12452.7187444808
"ISEA aperture 4, res 6","25703",-34.0607119789217,12452.549808736
"ISEA aperture 4, res 6","33674",-33.5931616644902,12450.1662728819
"ISEA aperture 4, res 6","33351",-33.2990796690613,12453.343759435
"ISEA aperture 4, res 6","30772",-33.6693818238049,12452.4879834667
"ISEA aperture 4, res 6","40471",-33.3255993230052,12452.7187444807
"ISEA aperture 4, res 6","29480",-33.5474388258683,12452.9715177085
"ISEA aperture 4, res 6","31803",-33.8788200371101,12449.9339230583
"ISEA aperture 4, res 6","24707",-33.5296661093014,12448.1416578217
"ISEA aperture 4, res 6","25769",-33.9267747620963,12452.1427495841
"ISEA aperture 4, res 6","33868",-33.4240043516066,12450.0893969988
"ISEA aperture 4, res 6","25770",-33.2941003574654,12451.5168647457
"ISEA aperture 4, res 6","31611",-32.4905871280452,12453.3432640799
"ISEA aperture 4, res 6","23526",-32.4956253876757,12449.6443722056
"ISEA aperture 4, res 6","11149",-33.227682845107,12452.7010239843
"ISEA aperture 4, res 6","32768",-33.5296661074761,12448.1416644287
"ISEA aperture 4, res 6","32447",-33.2416739985207,12452.0131955679
"ISEA aperture 4, res 6","26425",-33.2903740298398,12452.9724124099
"ISEA aperture 4, res 6","25111",-32.6832070447737,12453.3899585481
"ISEA aperture 4, res 6","32319",-32.5161419486298,12453.2773032691
"ISEA aperture 4, res 6","11604",-33.2276827183987,12452.7010238436
"ISEA aperture 4, res 6","23327",-33.0209878554717,12452.7420805924
"ISEA aperture 4, res 6","23789",-32.6832066004409,12453.3899583636
"ISEA aperture 4, res 6","35739",-32.7502879411743,12452.0224774857
"ISEA aperture 4, res 6","28703",-32.8413802828047,12452.1297258363
"ISEA aperture 4, res 6","36060",-33.2755662309315,12452.1043319142
"ISEA aperture 4, res 6","23261",-32.9297726545746,12452.6590612768
"ISEA aperture 4, res 6","33092",-33.5138656571814,12452.6300432066
"ISEA aperture 4, res 6","24710",-32.769463354695,12451.9539905916
"ISEA aperture 4, res 6","25837",-32.5640924445894,12450.945152313
"ISEA aperture 4, res 6","39106",-32.8413804889985,12452.131632824
"ISEA aperture 4, res 6","24709",-33.0151558695889,12452.6615862901
"ISEA aperture 4, res 6","11735",-32.4335216974337,12452.7551874377
"ISEA aperture 4, res 6","25244",-32.4285377987757,12453.4210713027
"ISEA aperture 4, res 6","24249",-32.1395695574478,12453.2542114588
"ISEA aperture 4, res 6","22862",-32.5483030773594,12452.9717320779
"ISEA aperture 4, res 6","29222",-32.5245019675207,12452.9724401058
"ISEA aperture 4, res 6","23262",-32.4151186256585,12449.1759440059
"ISEA aperture 4, res 6","22726",-32.3075133868339,12452.9722783389
"ISEA aperture 4, res 6","12189",-33.0416846928841,12452.69194565
"ISEA aperture 4, res 6","40277",-32.3770710381182,12452.4142872263
"ISEA aperture 4, res 6","11540",-32.3092815080819,12452.6575096611
"ISEA aperture 4, res 6","29805",-32.0765915020694,12452.0510917151
"ISEA aperture 4, res 6","23460",-32.5271956260214,12449.4618564007
"ISEA aperture 4, res 6","23921",-32.2617644149992,12453.3026366955
"ISEA aperture 4, res 6","25310",-32.4956257672509,12449.6443723626
"ISEA aperture 4, res 6","11409",-32.8134115502192,12452.8743203165
"ISEA aperture 4, res 6","26491",-32.7337765778269,12452.9724497056
"ISEA aperture 4, res 6","22931",-32.0765915006736,12452.0510917139
"ISEA aperture 4, res 6","25508",-32.4858216813683,12449.1934869322
"ISEA aperture 4, res 6","24777",-32.8835433738702,12453.3006416358
"ISEA aperture 4, res 6","40407",-32.4335216973443,12452.7551874376
"ISEA aperture 4, res 6","39042",-31.8959518963725,12448.7055073747
"ISEA aperture 4, res 6","12255",-32.0057432495063,12452.8209813454
"ISEA aperture 4, res 6","35482",-32.0687134113276,12451.5168646896
"ISEA aperture 4, res 6","24645",-31.94419898662,12453.2321228106
"ISEA aperture 4, res 6","22998",-32.0227644461081,12452.312070444
"ISEA aperture 4, res 6","34321",-32.325697086382,12453.3770071977
"ISEA aperture 4, res 6","29546",-32.2747655936337,12452.97137915
"ISEA aperture 4, res 6","11215",-32.2050036082208,12453.3173386227
"ISEA aperture 4, res 6","36511",-31.9518139281514,12452.9723964981
"ISEA aperture 4, res 6","23394",-32.5236717833214,12449.3035574719
"ISEA aperture 4, res 6","22997",-32.4488657956584,12452.3120692694
"ISEA aperture 4, res 6","35547",-31.4872882795734,12450.5789374963
"ISEA aperture 4, res 6","23263",-31.8900220612123,12453.3284721736
"ISEA aperture 4, res 6","39497",-32.4114809018739,12452.8470455548
"ISEA aperture 4, res 6","22865",-31.6949412389204,12452.9728470265
"ISEA aperture 4, res 6","39887",-32.2050036081306,12453.3173386229
"ISEA aperture 4, res 6","26034",-32.387659999999,12453.7424032922
"ISEA aperture 4, res 6","33287",-32.5161425001026,12453.2773034886
"ISEA aperture 4, res 6","34063",-32.0123650963046,12453.2993940733
"ISEA aperture 4, res 6","24648",-30.9350573112875,12453.180517068
"ISEA aperture 4, res 6","39368",-31.458067522355,12452.8852500165
"ISEA aperture 4, res 6","10956",-31.5379962690011,12452.7924400889
"ISEA aperture 4, res 6","22658",-31.8959516618502,12448.7037084846
"ISEA aperture 4, res 6","32577",-31.6174132768885,12453.2147243506
"ISEA aperture 4, res 6","31934",-31.2735309937868,12453.2104910168
"ISEA aperture 4, res 6","34773",-31.9585408956024,12453.3808503449
"ISEA aperture 4, res 6","24713",-31.7280930278662,12453.2239073898
"ISEA aperture 4, res 6","35418",-31.5839954059949,12452.9393381955
"ISEA aperture 4, res 6","36768",-31.6471923961786,12452.9720613496
"ISEA aperture 4, res 6","28964",-31.339546617251,12452.9722471043
"ISEA aperture 4, res 6","36447",-31.7525987820171,12452.9724497104
"ISEA aperture 4, res 6","30709",-31.9406771832578,12453.3749028729
"ISEA aperture 4, res 6","40863",-31.1640228759241,12452.9721294115
"ISEA aperture 4, res 6","29935",-31.5330851293625,12452.8108784303
"ISEA aperture 4, res 6","23197",-31.8090229258636,12453.234617922
"ISEA aperture 4, res 6","24914",-31.5555435239534,12453.2368007802
"ISEA aperture 4, res 6","23987",-31.9968481805387,12453.2672126896
"ISEA aperture 4, res 6","26035",-31.6949413783589,12452.9728470969
"ISEA aperture 4, res 6","36255",-31.0735956777429,12452.9727030282
"ISEA aperture 4, res 6","31161",-31.2785772080442,12453.2530907481
"ISEA aperture 4, res 6","31870",-30.8426962447955,12453.1853814912
"ISEA aperture 4, res 6","23397",-30.8004141107316,12453.4257983327
"ISEA aperture 4, res 6","23660",-31.0339665130582,12453.2162405376
"ISEA aperture 4, res 6","22800",-30.9944412664048,12452.9742146656
"ISEA aperture 4, res 6","35998",-30.994441404787,12452.9742147384
"ISEA aperture 4, res 6","22731",-31.3130449494886,12452.9725811913
"ISEA aperture 4, res 6","32063",-30.9559758557568,12453.1870319494
"ISEA aperture 4, res 6","40603",-31.458067193253,12452.8852499696
"ISEA aperture 4, res 6","24054",-30.9559758883376,12453.1870319514
"ISEA aperture 4, res 6","25708",-30.9889730685562,12448.1647837
"ISEA aperture 4, res 6","26689",-30.8259788126344,12452.9719249015
"ISEA aperture 4, res 6","10761",-31.500499290864,12452.8658445838
"ISEA aperture 4, res 6","25444",-31.3547286252327,12453.3520383745
"ISEA aperture 4, res 6","10892",-30.6496091306587,12452.7694932795
"ISEA aperture 4, res 6","29353",-31.073595598416,12452.9727029965
"ISEA aperture 4, res 6","32256",-30.9871804475083,12453.1850213864
"ISEA aperture 4, res 6","22668",-30.085267613592,12452.9732657997
"ISEA aperture 4, res 6","40214",-30.6079416139819,12452.6403647591
"ISEA aperture 4, res 6","25578",-30.0046117814664,12452.9657326824
"ISEA aperture 4, res 6","39044",-30.2215131975872,12452.9720613583
"ISEA aperture 4, res 6","30000",-30.9335617692883,12452.3860446175
"ISEA aperture 4, res 6","23858",-30.4036494669587,12453.5734963772
"ISEA aperture 4, res 6","31999",-30.543926576863,12453.165543315
"ISEA aperture 4, res 6","22868",-30.8310752060543,12452.8155115882
"ISEA aperture 4, res 6","22597",-30.5369258495793,12452.9721551893
"ISEA aperture 4, res 6","25115",-30.6573677526211,12453.505318114
"ISEA aperture 4, res 6","36320",-30.32645493032,12452.9729234552
"ISEA aperture 4, res 6","30968",-30.8004140931747,12453.4257983315
"ISEA aperture 4, res 6","24317",-30.1371337129417,12455.3088570858
"ISEA aperture 4, res 6","35806",-30.1419777444326,12452.2994593072
"ISEA aperture 4, res 6","26037",-30.2863612526121,12452.974797623
"ISEA aperture 4, res 6","31226",-30.6573673217033,12453.5053179742
"ISEA aperture 4, res 6","26363",-30.7718359801773,12452.9725580376
"ISEA aperture 4, res 6","23003",-29.5053547131637,12452.9689147396
"ISEA aperture 4, res 6","22599",-30.1914332582921,12452.9724148988
"ISEA aperture 4, res 6","24717",-30.2100096503992,12453.5648562051
"ISEA aperture 4, res 6","36256",-30.0852677052149,12452.9732658472
"ISEA aperture 4, res 6","22737",-29.7256757438632,12451.9003426997
"ISEA aperture 4, res 6","23465",-29.5152108916284,12452.9797126883
"ISEA aperture 4, res 6","11738",-29.7355924064795,12452.8536660035
"ISEA aperture 4, res 6","24583",-30.1371342764477,12455.3158754457
"ISEA aperture 4, res 6","34581",-30.2077982254473,12452.9794392214
"ISEA aperture 4, res 6","25314",-30.254506862155,12452.9767971025
"ISEA aperture 4, res 6","24917",-30.1839268942412,12453.4493892907
"ISEA aperture 4, res 6","23002",-30.0046115249861,12452.9657326965
"ISEA aperture 4, res 6","24055",-30.2100091263007,12453.5648560211
"ISEA aperture 4, res 6","24650",-30.2150020342075,12453.6100135219
"ISEA aperture 4, res 6","30130",-29.9091818217554,12452.9692878716
"ISEA aperture 4, res 6","10372",-30.2215131976729,12452.9720613582
"ISEA aperture 4, res 6","22735",-30.2863611353903,12452.9747975493
"ISEA aperture 4, res 6","30259",-30.0046115181985,12452.9657326965
"ISEA aperture 4, res 6","11803",-29.7050572403733,12452.8805089901
"ISEA aperture 4, res 6","23068",-30.0994403017897,12452.9695024558
"ISEA aperture 4, res 6","32772",-29.8230253266856,12454.02212912
"ISEA aperture 4, res 6","26169",-29.342056461921,12452.9734483966
"ISEA aperture 4, res 6","12128",-29.3752239015515,12452.972155189
"ISEA aperture 4, res 6","29937",-29.3130986100237,12452.299459308
"ISEA aperture 4, res 6","11218",-29.3534039925191,12453.1401720691
"ISEA aperture 4, res 6","23597",-29.2317641453494,12452.9813123717
"ISEA aperture 4, res 6","25973",-29.3015152954857,12452.9775990821
"ISEA aperture 4, res 6","10828",-29.7523736632515,12452.81078715
"ISEA aperture 4, res 6","11933",-29.6068171688545,12452.9090884045
"ISEA aperture 4, res 6","30195",-29.4130101467213,12452.9681203628
"ISEA aperture 4, res 6","36385",-29.5729845929205,12452.9730504167
"ISEA aperture 4, res 6","40215",-29.7372426645982,12452.6186044347
"ISEA aperture 4, res 6","24785",-29.6944594060595,12452.9862152559
"ISEA aperture 4, res 6","10698",-29.7050575297547,12452.8805090298
"ISEA aperture 4, res 6","26430",-29.4024821694503,12452.972372707
"ISEA aperture 4, res 6","36257",-29.1000483169193,12452.9740751679
"ISEA aperture 4, res 6","29095",-29.9982461060173,12452.9725754678
"ISEA aperture 4, res 6","35935",-29.7256758985651,12451.9003428232
"ISEA aperture 4, res 6","36706",-29.5726708533722,12452.9722082701
"ISEA aperture 4, res 6","23070",-29.0665042044316,12452.9723803942
"ISEA aperture 4, res 6","36514",-29.0223747575642,12452.9728032009
"ISEA aperture 4, res 6","11479",-28.8322989675152,12452.1638100733
"ISEA aperture 4, res 6","24721",-28.5514552871576,12452.9830549558
"ISEA aperture 4, res 6","40735",-29.4631361581426,12452.9722783291
"ISEA aperture 4, res 6","29161",-28.8133276634462,12452.9731132032
"ISEA aperture 4, res 6","8136",-28.6394174839497,12452.7112973661
"ISEA aperture 4, res 6","24719",-29.3976819227469,12452.9866601876
"ISEA aperture 4, res 6","39955",-29.3534039745348,12453.1401693492
"ISEA aperture 4, res 6","24253",-28.9802218739287,12452.6988877485
"ISEA aperture 4, res 6","10764",-28.8471218904532,12452.8470821401
"ISEA aperture 4, res 6","30389",-28.998480834897,12452.970706696
"ISEA aperture 4, res 6","36450",-28.8133277105634,12452.9731132468
"ISEA aperture 4, res 6","11283",-29.353403974625,12453.140169349
"ISEA aperture 4, res 6","40346",-28.8471216531639,12452.847082093
"ISEA aperture 4, res 6","31485",-29.2317641204163,12452.9813123727
"ISEA aperture 4, res 6","25908",-29.028784970053,12448.6311374325
"ISEA aperture 4, res 6","22738",-29.4530261746379,12452.0278468231
"ISEA aperture 4, res 6","8067",-29.3017061803135,12452.8839740971
"ISEA aperture 4, res 6","34647",-28.5335086586391,12452.9760468109
"ISEA aperture 4, res 6","29614",-29.0287848388856,12448.6311373141
"ISEA aperture 4, res 6","36001",-28.0617496837221,12451.9814145619
"ISEA aperture 4, res 6","39371",-28.8220045294961,12452.878891334
"ISEA aperture 4, res 6","11154",-28.5812589534951,12452.6013105519
"ISEA aperture 4, res 6","29679",-28.7601452786108,12453.4960584812
"ISEA aperture 4, res 6","31936",-28.9787210600417,12452.984763842
"ISEA aperture 4, res 6","31743",-28.8123135847266,12452.9825562394
"ISEA aperture 4, res 6","22469",-28.6081352001782,12452.9723154809
"ISEA aperture 4, res 6","22872",-28.8289750196935,12452.9728470972
"ISEA aperture 4, res 6","12129",-28.4318206528408,12452.972155194
"ISEA aperture 4, res 6","38981",-28.4318211147802,12452.9721551895
"ISEA aperture 4, res 6","23006",-27.9591903430961,12452.972337476
"ISEA aperture 4, res 6","22467",-28.9163967312211,12452.9719635086
"ISEA aperture 4, res 6","30002",-28.7698841491615,12452.0378862577
"ISEA aperture 4, res 6","33161",-28.6394174805982,12452.7112973658
"ISEA aperture 4, res 6","33614",-28.2565590094142,12452.9834777067
"ISEA aperture 4, res 6","39892",-27.6251234438535,12452.8241927978
"ISEA aperture 4, res 6","31615",-27.8990053639856,12452.979639898
"ISEA aperture 4, res 6","39242",-27.8589529934743,12452.9141323472
"ISEA aperture 4, res 6","10114",-28.0987428864058,12451.8471220625
"ISEA aperture 4, res 6","8069",-28.4637192870914,12452.2265683421
"ISEA aperture 4, res 6","36130",-27.6134664130494,12452.979769082
"ISEA aperture 4, res 6","25053",-28.4718630756952,12452.9769096834
"ISEA aperture 4, res 6","40607",-27.7400490061503,12452.9723964986
"ISEA aperture 4, res 6","30003",-27.6897069025569,12453.5070906797
"ISEA aperture 4, res 6","28773",-27.9603377027755,12452.9720414605
"ISEA aperture 4, res 6","30390",-27.9000285668236,12452.9715177084
"ISEA aperture 4, res 6","25910",-27.6134664017768,12452.979769082
"ISEA aperture 4, res 6","24385",-28.353433360674,12452.8826936896
"ISEA aperture 4, res 6","7938",-27.9123663261275,12453.7579203911
"ISEA aperture 4, res 6","22473",-27.8364630466512,12452.9735735673
"ISEA aperture 4, res 6","11025",-27.871125328425,12452.4693884382
"ISEA aperture 4, res 6","40412",-27.9024812904836,12452.9007007255
"ISEA aperture 4, res 6","39502",-27.9613674739098,12452.7740228402
"ISEA aperture 4, res 6","11481",-27.060669833439,12452.7505814788
"ISEA aperture 4, res 6","15940",-27.1398335060639,12452.6891813954
"ISEA aperture 4, res 6","35357",-27.8256737301348,12452.9713791495
"ISEA aperture 4, res 6","26172",-27.0743751720488,12452.9735613626
"ISEA aperture 4, res 6","22543",-27.3571676268521,12448.7462497251
"ISEA aperture 4, res 6","10440",-27.7400493853166,12452.9723964982
"ISEA aperture 4, res 6","23665",-27.6727317704128,12452.9801465707
"ISEA aperture 4, res 6","11155",-27.6251234614806,12452.8241936783
"ISEA aperture 4, res 6","39567",-27.9524471383273,12452.6510659905
"ISEA aperture 4, res 6","30455",-27.3813492785202,12452.9720390176
"ISEA aperture 4, res 6","25319",-27.3813495819933,12452.9720390268
"ISEA aperture 4, res 6","36644",-27.465938340525,12452.972760206
"ISEA aperture 4, res 6","26106",-27.6143061686987,12452.9741938593
"ISEA aperture 4, res 6","23928",-27.1813895537564,12452.7597451392
"ISEA aperture 4, res 6","22610",-27.5905264511515,12452.5322744757
"ISEA aperture 4, res 6","40088",-27.0472087695846,12452.2092862767
"ISEA aperture 4, res 6","10506",-26.929133066081,12452.9724401058
"ISEA aperture 4, res 6","33162",-27.485621078596,12453.814268387
"ISEA aperture 4, res 6","34713",-26.8668715480124,12452.9741691796
"ISEA aperture 4, res 6","22477",-26.8952330897778,12452.9788648485
"ISEA aperture 4, res 6","30326",-27.3177297378901,12452.9717320966
"ISEA aperture 4, res 6","29939",-27.1373675856469,12451.8893107714
"ISEA aperture 4, res 6","8074",-26.7843377491713,12452.7037428816
"ISEA aperture 4, res 6","31745",-26.5371948599341,12452.9782619356
"ISEA aperture 4, res 6","8139",-27.5598669752573,12452.7478844256
"ISEA aperture 4, res 6","29487",-26.6461210620536,12452.983010104
"ISEA aperture 4, res 6","22743",-27.1747227277849,12452.9783546894
"ISEA aperture 4, res 6","40348",-27.0159475598547,12452.9050684014
"ISEA aperture 4, res 6","33227",-27.1398335019503,12452.6891811951
"ISEA aperture 4, res 6","29422",-26.895233096391,12452.9788648483
"ISEA aperture 4, res 6","23862",-27.5280873723594,12453.7937722184
"ISEA aperture 4, res 6","11611",-27.043163144921,12452.8802107591
"ISEA aperture 4, res 6","36324",-26.4079897187823,12452.9762779592
"ISEA aperture 4, res 6","39699",-26.0296004378662,12452.47899971
"ISEA aperture 4, res 6","30262",-26.7370996133914,12452.9723804324
"ISEA aperture 4, res 6","16327",-26.4437243805556,12452.8800075803
"ISEA aperture 4, res 6","40024",-26.1390326108699,12452.0253807454
"ISEA aperture 4, res 6","31230",-26.1157600904433,12452.9751338864
"ISEA aperture 4, res 6","31616",-26.7630493108558,12452.9778364669
"ISEA aperture 4, res 6","39569",-26.1390327276586,12452.0253808153
"ISEA aperture 4, res 6","25650",-26.695374221494,12453.436153055
"ISEA aperture 4, res 6","31359",-25.9856777835661,12452.9756026522
"ISEA aperture 4, res 6","33745",-26.2785503625828,12453.9698219339
"ISEA aperture 4, res 6","29228",-26.6391901457401,12452.9750227296
"ISEA aperture 4, res 6","23273",-26.1157601118868,12452.9751338851
"ISEA aperture 4, res 6","32969",-26.3501636385186,12452.5134740251
"ISEA aperture 4, res 6","24924",-26.7327986501296,12452.9753662964
"ISEA aperture 4, res 6","31101",-26.2147770191666,12452.9746328865
"ISEA aperture 4, res 6","40284",-26.1248563234774,12452.9129291149
"ISEA aperture 4, res 6","25912",-26.1701284485508,12452.9782187613
"ISEA aperture 4, res 6","36646",-25.5323182969027,12452.9734414817
"ISEA aperture 4, res 6","34520",-26.2147774191594,12452.9746329679
"ISEA aperture 4, res 6","24126",-25.8096256904829,12453.6263677382
"ISEA aperture 4, res 6","25321",-26.2253427798396,12452.9723374766
"ISEA aperture 4, res 6","25716",-26.1671816952403,12451.0183015857
"ISEA aperture 4, res 6","31552",-26.2971125713323,12452.9768768845
"ISEA aperture 4, res 6","28775",-26.0468316587457,12452.9723220062
"ISEA aperture 4, res 6","7941",-26.3501636412709,12452.5134740243
"ISEA aperture 4, res 6","33099",-25.495715559777,12452.4357069493
"ISEA aperture 4, res 6","36581",-26.3062820030695,12452.9735150608
"ISEA aperture 4, res 6","8010",-25.6387282052405,12452.6641444768
"ISEA aperture 4, res 6","39439",-26.158435718712,12452.8328835772
"ISEA aperture 4, res 6","22878",-25.7513125380696,12452.9724124101
"ISEA aperture 4, res 6","40219",-26.1473801029997,12452.8858870313
"ISEA aperture 4, res 6","10052",-25.4835332539651,12452.9724083302
"ISEA aperture 4, res 6","34391",-26.1157605086483,12452.975133976
"ISEA aperture 4, res 6","39829",-25.8964105960325,12452.6459636112
"ISEA aperture 4, res 6","33551",-26.39734273791,12452.7827641388
"ISEA aperture 4, res 6","10051",-26.3183215811948,12452.9721602275
"ISEA aperture 4, res 6","38724",-25.4835332538805,12452.9724083303
"ISEA aperture 4, res 6","36325",-25.4382973561997,12452.9777127318
"ISEA aperture 4, res 6","23537",-25.4051177957391,12453.4987092582
"ISEA aperture 4, res 6","24861",-25.0908742686445,12452.9739078668
"ISEA aperture 4, res 6","15941",-25.9893002638735,12453.9654180804
"ISEA aperture 4, res 6","25651",-25.9647992467765,12452.131492296
"ISEA aperture 4, res 6","30134",-25.5839859443359,12452.9750507812
"ISEA aperture 4, res 6","25586",-25.5649749726446,12452.1314920219
"ISEA aperture 4, res 6","29747",-25.5649747984978,12452.1314922961
"ISEA aperture 4, res 6","8143",-25.9920866526677,12452.7938631268
"ISEA aperture 4, res 6","35295",-25.1332115638156,12452.9727029966
"ISEA aperture 4, res 6","24927",-25.1627887515817,12452.9735150606
"ISEA aperture 4, res 6","29941",-24.9698033509388,12448.7462498571
"ISEA aperture 4, res 6","24193",-25.4825261373608,12452.8786039223
"ISEA aperture 4, res 6","10313",-24.9935313505764,12452.9727773775
"ISEA aperture 4, res 6","33810",-25.8457499615724,12453.7309507582
"ISEA aperture 4, res 6","23209",-24.9893673802227,12452.9742913688
"ISEA aperture 4, res 6","24795",-24.9893677924655,12452.9742914507
"ISEA aperture 4, res 6","35875",-25.5649749792993,12452.1314945841
"ISEA aperture 4, res 6","30973",-25.1627883581166,12452.9735150008
"ISEA aperture 4, res 6","11093",-24.9220227197517,12452.8839774974
"ISEA aperture 4, res 6","24597",-24.5011515860052,12453.0930652794
"ISEA aperture 4, res 6","10768",-25.2543621248317,12452.8375598572
"ISEA aperture 4, res 6","36261",-25.2043668851282,12452.9802762257
"ISEA aperture 4, res 6","25783",-24.9694084535594,12452.984428737
"ISEA aperture 4, res 6","23669",-24.86570628844,12452.7729508872
"ISEA aperture 4, res 6","9987",-25.3665607967926,12452.9723220067
"ISEA aperture 4, res 6","22212",-24.9269785198603,12452.9728967577
"ISEA aperture 4, res 6","22549",-24.9698033535604,12448.7462498549
"ISEA aperture 4, res 6","36711",-24.7526126131521,12452.9733453125
"ISEA aperture 4, res 6","23603",-25.1559533824011,12452.1139842419
"ISEA aperture 4, res 6","8080",-24.4547828932536,12452.78579827
"ISEA aperture 4, res 6","23077",-25.1627883759876,12452.9735150017
"ISEA aperture 4, res 6","15620",-25.2677768924343,12452.7597239855
"ISEA aperture 4, res 6","25454",-25.5285573727893,12452.9811830891
"ISEA aperture 4, res 6","10508",-25.1629030680954,12452.9723714735
"ISEA aperture 4, res 6","35360",-24.5595510088041,12452.9732657994
"ISEA aperture 4, res 6","24796",-24.4821675849845,12452.9737769726
"ISEA aperture 4, res 6","40221",-24.3050483837566,12452.9573822158
"ISEA aperture 4, res 6","12003",-24.8356717418806,12452.9727953507
"ISEA aperture 4, res 6","32906",-24.9713953419738,12452.8793695584
"ISEA aperture 4, res 6","34070",-24.0382249502419,12452.9073932893
"ISEA aperture 4, res 6","36647",-24.5673439448084,12452.9739078675
"ISEA aperture 4, res 6","25061",-24.1088138569357,12452.9724497108
"ISEA aperture 4, res 6","16329",-24.5172633280262,12453.3398529255
"ISEA aperture 4, res 6","40805",-24.6425011448842,12452.9727021866
"ISEA aperture 4, res 6","7945",-24.8366169483429,12452.879744847
"ISEA aperture 4, res 6","24994",-24.6611372072301,12452.9728032009
"ISEA aperture 4, res 6","40156",-24.3286489588851,12452.9487573464
"ISEA aperture 4, res 6","33553",-24.1390425297063,12452.7314793271
"ISEA aperture 4, res 6","23078",-24.570170171535,12452.9734414208
"ISEA aperture 4, res 6","34715",-24.6294272306175,12452.9731097001
"ISEA aperture 4, res 6","15234",-24.9568513358523,12453.2857580581
"ISEA aperture 4, res 6","34328",-24.3645583420934,12452.9741023209
"ISEA aperture 4, res 6","31425",-24.2167242954929,12452.9744081928
"ISEA aperture 4, res 6","35296",-24.0409747292452,12452.9729234186
"ISEA aperture 4, res 6","40675",-24.8356717417944,12452.9727953507
"ISEA aperture 4, res 6","11419",-24.3425824319315,12452.924052453
"ISEA aperture 4, res 6","12134",-23.6927802937955,12452.9729891609
"ISEA aperture 4, res 6","16265",-24.0100674530648,12452.8778156117
"ISEA aperture 4, res 6","31232",-23.8653845595917,12452.9736296167
"ISEA aperture 4, res 6","24664",-24.2167247580139,12452.9744082843
"ISEA aperture 4, res 6","29942",-23.8862692247724,12452.9830102326
"ISEA aperture 4, res 6","31167",-24.4821671608507,12452.9737769011
"ISEA aperture 4, res 6","15170",-24.5011513435009,12453.0865491879
"ISEA aperture 4, res 6","16071",-24.3262603924441,12454.1465132835
"ISEA aperture 4, res 6","15621",-24.1390425337857,12452.7314794953
"ISEA aperture 4, res 6","25128",-23.5164769466313,12452.9727083859
"ISEA aperture 4, res 6","9989",-23.6927808073705,12452.9729891083
"ISEA aperture 4, res 6","23277",-23.5682826357068,12452.729750625
"ISEA aperture 4, res 6","24929",-24.0915691827561,12452.9727953503
"ISEA aperture 4, res 6","33036",-23.9251025773678,12452.4990141305
"ISEA aperture 4, res 6","29619",-24.3346797698784,12452.6816408081
"ISEA aperture 4, res 6","40741",-23.795425201715,12452.9730613187
"ISEA aperture 4, res 6","30200",-23.9868747071117,12452.9740751678
"ISEA aperture 4, res 6","39961",-24.3376888915124,12452.3054174295
"ISEA aperture 4, res 6","30652",-23.560250340908,12452.9724409717
"ISEA aperture 4, res 6","15042",-23.5682828490529,12452.729529716
"ISEA aperture 4, res 6","36134",-23.801172605167,12454.9690547039
"ISEA aperture 4, res 6","12004",-23.8895033689764,12452.9731097008
"ISEA aperture 4, res 6","25326",-23.3642527182931,12452.9788648482
"ISEA aperture 4, res 6","39182",-23.3763634160681,12452.9723803941
"ISEA aperture 4, res 6","8081",-24.0351823960657,12452.7982351266
"ISEA aperture 4, res 6","26046",-23.6039812576416,12452.9744688522
"ISEA aperture 4, res 6","35554",-23.930533519179,12452.9767970101
"ISEA aperture 4, res 6","35619",-23.3642527205917,12452.9788648479
"ISEA aperture 4, res 6","30265",-23.4700167772872,12452.9734483966
"ISEA aperture 4, res 6","22684",-23.5164766586699,12452.9727084128
"ISEA aperture 4, res 6","40352",-23.2948318112333,12452.9732658469
"ISEA aperture 4, res 6","22286",-23.8011724672223,12454.9690545263
"ISEA aperture 4, res 6","7950",-23.0107397002226,12452.6964217826
"ISEA aperture 4, res 6","29684",-23.9406404726409,12452.6816444645
"ISEA aperture 4, res 6","33683",-23.3327254563023,12452.7628098001
"ISEA aperture 4, res 6","23998",-23.9251025754582,12452.4990139137
"ISEA aperture 4, res 6","39767",-23.3449217223421,12452.6746652382
"ISEA aperture 4, res 6","36071",-22.6998491698932,12453.4786035509
"ISEA aperture 4, res 6","25392",-23.3318690117727,12448.9383970889
"ISEA aperture 4, res 6","11745",-23.2412691961123,12452.9734483965
"ISEA aperture 4, res 6","22288",-23.444802631169,12452.806953799
"ISEA aperture 4, res 6","22154",-22.7783640912281,12452.9805149886
"ISEA aperture 4, res 6","8149",-23.3864015247216,12452.9756600854
"ISEA aperture 4, res 6","40222",-23.3763631637304,12452.9723804324
"ISEA aperture 4, res 6","39052",-23.2948321249026,12452.9732657997
"ISEA aperture 4, res 6","30975",-22.9275350575265,12452.9727021423
"ISEA aperture 4, res 6","10120",-23.0298392097403,12452.973561305
"ISEA aperture 4, res 6","11030",-23.2001924136355,12452.1780676425
"ISEA aperture 4, res 6","10640",-23.4231775637058,12452.985572799
"ISEA aperture 4, res 6","24732",-23.3602833630902,12452.9732299928
"ISEA aperture 4, res 6","7816",-22.8412212195829,12454.3274213471
"ISEA aperture 4, res 6","25720",-23.293126465968,12452.9856389522
"ISEA aperture 4, res 6","34781",-22.9784462491253,12452.9725322172
"ISEA aperture 4, res 6","29491",-22.8748550657453,12451.3849554882
"ISEA aperture 4, res 6","35297",-22.9483445288923,12452.9730503761
"ISEA aperture 4, res 6","40417",-23.2412691960244,12452.9734483965
"ISEA aperture 4, res 6","22153",-22.9933005786833,12452.9781997633
"ISEA aperture 4, res 6","38923",-22.3013532000742,12452.9741697031
"ISEA aperture 4, res 6","30201",-22.8994739013084,12452.9741697684
"ISEA aperture 4, res 6","8017",-22.9160157485402,12452.7777334578
"ISEA aperture 4, res 6","40093",-22.4981367548725,12453.0249729343
"ISEA aperture 4, res 6","35620",-22.280438044357,12452.9782186528
"ISEA aperture 4, res 6","34910",-23.0036415926898,12452.9724149144
"ISEA aperture 4, res 6","10446",-22.4443279068498,12452.9734781222
"ISEA aperture 4, res 6","33619",-22.6160053667615,12452.7157169384
"ISEA aperture 4, res 6","24931",-23.0036416007342,12452.9724149153
"ISEA aperture 4, res 6","39833",-22.502212097973,12452.7985603461
"ISEA aperture 4, res 6","25261",-22.8467553987984,12452.9765225924
"ISEA aperture 4, res 6","29427",-22.1452010689173,12454.9577067845
"ISEA aperture 4, res 6","30782",-22.4389820142426,12452.9723726863
"ISEA aperture 4, res 6","29297",-22.5621095523116,12452.98389944
"ISEA aperture 4, res 6","22356",-22.2450677412743,12452.9844287375
"ISEA aperture 4, res 6","7554",-22.0916170909861,12451.6662107039
"ISEA aperture 4, res 6","32909",-22.0743078745535,12452.7181209052
"ISEA aperture 4, res 6","30653",-22.4542222844489,12452.9723404946
"ISEA aperture 4, res 6","12265",-22.5094037037456,12452.9730981872
"ISEA aperture 4, res 6","24866",-22.4389823786467,12452.9723727074
"ISEA aperture 4, res 6","28909",-21.8711443813092,12452.9748969016
"ISEA aperture 4, res 6","39899",-21.5976055343808,12451.7335554104
"ISEA aperture 4, res 6","38793",-22.1647174563252,12452.9741691114
"ISEA aperture 4, res 6","29879",-22.2450677391167,12452.9844287368
"ISEA aperture 4, res 6","38598",-21.8979404403602,12452.9739077951
"ISEA aperture 4, res 6","34007",-22.2738174422258,12452.9760333188
"ISEA aperture 4, res 6","12266",-21.5571497117334,12452.9734682237
"ISEA aperture 4, res 6","24933",-21.9016067661891,12452.9723404942
"ISEA aperture 4, res 6","33684",-22.2117702723511,12452.7344324007
"ISEA aperture 4, res 6","22555",-21.8550823720869,12452.9731132466
"ISEA aperture 4, res 6","33167",-21.9047574562206,12452.739314094
"ISEA aperture 4, res 6","10642",-21.5963336005465,12452.5086918976
"ISEA aperture 4, res 6","14915",-21.4980012684749,12452.9734682247
"ISEA aperture 4, res 6","29621",-22.3112522618836,12453.4786078573
"ISEA aperture 4, res 6","32974",-21.5678740230464,12453.5554148275
"ISEA aperture 4, res 6","36136",-21.9608999680794,12451.9140780616
"ISEA aperture 4, res 6","33943",-21.6139335639946,12452.9773556552
"ISEA aperture 4, res 6","10251",-22.3013532001619,12452.9741697037
"ISEA aperture 4, res 6","11227",-21.5976055344708,12451.7335554104
"ISEA aperture 4, res 6","11617",-21.4683958238622,12452.9751448883
"ISEA aperture 4, res 6","35750",-21.1580383225707,12452.9827349906
"ISEA aperture 4, res 6","7820",-21.4929288937841,12452.4755386617
"ISEA aperture 4, res 6","34201",-21.9804844480052,12452.9739027364
"ISEA aperture 4, res 6","9927",-21.047625965746,12452.9746328856
"ISEA aperture 4, res 6","9992",-21.137994155459,12452.9747817932
"ISEA aperture 4, res 6","12071",-21.8979399369022,12452.9739078673
"ISEA aperture 4, res 6","22092",-21.413064355417,12452.3472904783
"ISEA aperture 4, res 6","40224",-21.5101792049776,12452.9750507807
"ISEA aperture 4, res 6","33103",-21.4933616565467,12452.8790810086
"ISEA aperture 4, res 6","9926",-21.8979404404452,12452.9739077953
"ISEA aperture 4, res 6","35879",-21.1477425527258,12452.2693730753
"ISEA aperture 4, res 6","36779",-21.0939824551682,12452.9746550785
"ISEA aperture 4, res 6","28974",-21.6832326784633,12452.9759137786
"ISEA aperture 4, res 6","39184",-21.5694529244753,12450.1456771854
"ISEA aperture 4, res 6","7490",-21.1097437259826,12456.4213762112
"ISEA aperture 4, res 6","30525",-21.3461271833596,12452.9724149146
"ISEA aperture 4, res 6","15302",-20.9438728576857,12451.7701694778
"ISEA aperture 4, res 6","30848",-20.7547652319972,12452.9721294113
"ISEA aperture 4, res 6","15817",-20.6965015365482,12452.729661069
"ISEA aperture 4, res 6","39575",-20.6174783435931,12452.0954753808
"ISEA aperture 4, res 6","30074",-20.6750765514111,12452.9760468104
"ISEA aperture 4, res 6","25265",-20.60302032871,12452.9856388015
"ISEA aperture 4, res 6","10122",-21.2944496498768,12452.9750227306
"ISEA aperture 4, res 6","10382",-21.510179480972,12452.9750507054
"ISEA aperture 4, res 6","11358",-20.6591528994509,12452.2179917931
"ISEA aperture 4, res 6","39250",-20.6712613702374,12451.1748416943
"ISEA aperture 4, res 6","9862",-20.9491696460059,12452.9744687707
"ISEA aperture 4, res 6","38794",-21.2944496497898,12452.9750227303
"ISEA aperture 4, res 6","29169",-21.0830273902027,12452.9814716196
"ISEA aperture 4, res 6","7556",-21.1001772167104,12452.7322710179
"ISEA aperture 4, res 6","35686",-20.6314111953132,12452.9794391007
"ISEA aperture 4, res 6","21958",-20.7264074347794,12452.976820138
"ISEA aperture 4, res 6","7888",-21.0915873371545,12452.6989198282
"ISEA aperture 4, res 6","12007",-21.0476254817682,12452.9746329681
"ISEA aperture 4, res 6","35041",-20.7981555733969,12452.9722783291
"ISEA aperture 4, res 6","34847",-21.329084507607,12452.9722082702
"ISEA aperture 4, res 6","28846",-20.1389034950151,12452.9752957963
"ISEA aperture 4, res 6","11943",-20.1921655370382,12452.9755946951
"ISEA aperture 4, res 6","35880",-20.0528084517826,12449.4054240815
"ISEA aperture 4, res 6","36202",-20.3135893650275,12451.3976681733
"ISEA aperture 4, res 6","22026",-20.8783365413855,12452.9849249622
"ISEA aperture 4, res 6","21961",-20.1352735360499,12452.9835012963
"ISEA aperture 4, res 6","35106",-20.2447611849279,12452.9723726868
"ISEA aperture 4, res 6","7824",-19.9717908678647,12452.6537907973
"ISEA aperture 4, res 6","25331",-20.6087058103943,12454.9577067842
"ISEA aperture 4, res 6","23412",-21.0915873346214,12452.6989199878
"ISEA aperture 4, res 6","8022",-20.7046473340875,12452.9756026516
"ISEA aperture 4, res 6","38339",-20.6053310309035,12452.9739027361
"ISEA aperture 4, res 6","15560",-20.3678203735037,12452.6253103753
"ISEA aperture 4, res 6","21892",-20.1389034810548,12452.975295797
"ISEA aperture 4, res 6","40225",-20.5751395539302,12452.9771331686
"ISEA aperture 4, res 6","34590",-20.1008360217126,12451.9412400469
"ISEA aperture 4, res 6","29494",-20.1729730892403,12452.8012153411
"ISEA aperture 4, res 6","12137",-20.842630069237,12452.9742914503
"ISEA aperture 4, res 6","39705",-20.6406223165513,12453.4915852117
"ISEA aperture 4, res 6","32976",-19.6214020196683,12452.7151575402
"ISEA aperture 4, res 6","30010",-20.1087959486694,12452.9772871686
"ISEA aperture 4, res 6","10969",-19.6416292503881,12452.1154345769
"ISEA aperture 4, res 6","7624",-20.0105913954095,12452.4477827918
"ISEA aperture 4, res 6","23743",-19.6214020176768,12452.7151573636
"ISEA aperture 4, res 6","11229",-19.754052114874,12453.3211158814
"ISEA aperture 4, res 6","40420",-20.4194924282233,12452.9762779591
"ISEA aperture 4, res 6","25398",-20.1729732289854,12452.8012153406
"ISEA aperture 4, res 6","39121",-19.7316783953782,12450.5387015573
"ISEA aperture 4, res 6","34009",-20.0546241339041,12452.976820138
"ISEA aperture 4, res 6","23151",-20.0546241347376,12452.976820249
"ISEA aperture 4, res 6","33751",-19.5655460662014,12452.6812586554
"ISEA aperture 4, res 6","39901",-19.7540521147842,12453.3211158817
"ISEA aperture 4, res 6","10644",-19.7542852251316,12452.7215918542
"ISEA aperture 4, res 6","22756",-20.172659444698,12452.9720414599
"ISEA aperture 4, res 6","12073",-20.0008112767433,12452.9751339765
"ISEA aperture 4, res 6","30462",-19.6886578719407,12452.9725322173
"ISEA aperture 4, res 6","35751",-20.0703638601686,12452.9814896856
"ISEA aperture 4, res 6","16269",-20.1220867835905,12452.7461516182
"ISEA aperture 4, res 6","23544",-20.3500798662822,12452.3581105181
"ISEA aperture 4, res 6","10124",-19.5405691901435,12452.9782186527
"ISEA aperture 4, res 6","40486",-19.409428080927,12452.977287169
"ISEA aperture 4, res 6","11359",-19.7316781876267,12450.5387016811
"ISEA aperture 4, res 6","24740",-19.1368976870043,12452.9720613493
"ISEA aperture 4, res 6","35171",-19.6886581812198,12452.9725321854
"ISEA aperture 4, res 6","30140",-19.0637666395773,12452.9747818741
"ISEA aperture 4, res 6","25069",-19.586990364518,12452.9758205497
"ISEA aperture 4, res 6","8091",-19.406267715347,12452.9728967576
"ISEA aperture 4, res 6","22559",-19.6944114729552,12452.9722082707
"ISEA aperture 4, res 6","14530",-19.5828267295813,12451.8821281518
"ISEA aperture 4, res 6","39576",-19.6057926412393,12451.3323185401
"ISEA aperture 4, res 6","23414",-19.6232257381603,12452.8709922474
"ISEA aperture 4, res 6","32912",-19.1401971310722,12451.5984034641
"ISEA aperture 4, res 6","35558",-19.586990365292,12452.9758205483
"ISEA aperture 4, res 6","30720",-19.6801095291901,12452.9720388119
"ISEA aperture 4, res 6","29817",-19.5126510089366,12452.9838995866
"ISEA aperture 4, res 6","12009",-19.1539866667812,12452.9762320679
"ISEA aperture 4, res 6","15496",-19.9717908685409,12452.6537909609
"ISEA aperture 4, res 6","11035",-18.7491729046401,12452.3490832514
"ISEA aperture 4, res 6","34591",-18.9921968643666,12452.9721602273
"ISEA aperture 4, res 6","40876",-18.8281117615218,12452.9752958952
"ISEA aperture 4, res 6","39642",-18.6742028961014,12453.1632098363
"ISEA aperture 4, res 6","38536",-19.2469643392498,12452.976561595
"ISEA aperture 4, res 6","36139",-19.0363430942976,12452.6856634376
"ISEA aperture 4, res 6","35559",-18.4972797203199,12452.9755946026
"ISEA aperture 4, res 6","38862",-18.7071573838349,12452.4196444731
"ISEA aperture 4, res 6","23546",-18.9333795715715,12453.6775345427
"ISEA aperture 4, res 6","33493",-18.8529544154239,12452.7195622405
"ISEA aperture 4, res 6","30527",-19.1428116745038,12452.972315505
"ISEA aperture 4, res 6","22230",-19.0207308388987,12452.9769096837
"ISEA aperture 4, res 6","33041",-19.1159698436699,12452.6766055398
"ISEA aperture 4, res 6","34333",-18.7952913394608,12452.9733452492
"ISEA aperture 4, res 6","29882",-18.9817282872309,12452.9805151168
"ISEA aperture 4, res 6","24609",-18.5321691264594,12454.0685999675
"ISEA aperture 4, res 6","25333",-19.552521213233,12451.3976679646
"ISEA aperture 4, res 6","7894",-18.4920838967384,12452.976231966
"ISEA aperture 4, res 6","25660",-19.3868049269947,12452.9823210278
"ISEA aperture 4, res 6","9930",-18.4682521361537,12452.9787677118
"ISEA aperture 4, res 6","38407",-18.2085432548365,12452.977243946
"ISEA aperture 4, res 6","25530",-19.0033216539133,12452.9907644706
"ISEA aperture 4, res 6","21898",-19.0033215601914,12452.9907642951
"ISEA aperture 4, res 6","33235",-18.5259970842713,12451.957887948
"ISEA aperture 4, res 6","14724",-18.9050063488746,12452.9726245348
"ISEA aperture 4, res 6","7364",-18.1546726287207,12452.9830549562
"ISEA aperture 4, res 6","38341",-18.9445567110957,12452.9756026522
"ISEA aperture 4, res 6","10320",-18.7811073631061,12451.2929084183
"ISEA aperture 4, res 6","21831",-18.6328563905581,12452.9813123728
"ISEA aperture 4, res 6","24742",-18.0400588499262,12452.9722443335
"ISEA aperture 4, res 6","35688",-18.4555657348944,12452.9781997631
"ISEA aperture 4, res 6","23548",-18.0897666012006,12452.8730233513
"ISEA aperture 4, res 6","33817",-18.0375060292398,12452.6631002677
"ISEA aperture 4, res 6","8026",-18.7952913426772,12452.97334525
"ISEA aperture 4, res 6","40747",-18.1065938866842,12452.9768202485
"ISEA aperture 4, res 6","14467",-17.9508069272344,12452.971963521
"ISEA aperture 4, res 6","9669",-18.9445567111794,12452.9756026524
"ISEA aperture 4, res 6","25203",-18.4090352112487,12449.6461749947
"ISEA aperture 4, res 6","7696",-17.7314022678373,12453.9341864596
"ISEA aperture 4, res 6","36397",-18.0762334339207,12449.5898006628
"ISEA aperture 4, res 6","9605",-17.9969558046136,12452.9764186299
"ISEA aperture 4, res 6","14854",-17.6909177204211,12452.973441482
"ISEA aperture 4, res 6","39123",-17.9342622346404,12453.046274517
"ISEA aperture 4, res 6","14338",-18.0000000015874,12454.0700557604
"ISEA aperture 4, res 6","10841",-17.6563798419397,12452.8077134099
"ISEA aperture 4, res 6","21767",-17.6888925523143,12452.9830695163
"ISEA aperture 4, res 6","34850",-18.0000001739247,12454.0751875368
"ISEA aperture 4, res 6","29560",-18.4358344540974,12452.8722179567
"ISEA aperture 4, res 6","16013",-18.0897666040201,12452.8730233519
"ISEA aperture 4, res 6","15433",-18.4500043225481,12452.6299840668
"ISEA aperture 4, res 6","35753",-17.8918798630938,12452.9797126884
"ISEA aperture 4, res 6","11166",-17.95808104674,12452.7727211231
"ISEA aperture 4, res 6","7627",-18.3790794897466,12452.7886353132
"ISEA aperture 4, res 6","40358",-17.6673785590078,12450.1483146528
"ISEA aperture 4, res 6","35817",-18.421786561616,12452.9825573242
"ISEA aperture 4, res 6","32849",-17.6577775346739,12452.9805862825
"ISEA aperture 4, res 6","8095",-17.3662015466316,12452.9721294113
"ISEA aperture 4, res 6","7365",-17.6578748596341,12451.4785049091
"ISEA aperture 4, res 6","25139",-17.3111320460348,12452.9876496428
"ISEA aperture 4, res 6","39838",-17.9580810466501,12452.7727211231
"ISEA aperture 4, res 6","25072",-17.8918798598036,12452.9797126869
"ISEA aperture 4, res 6","34915",-17.4635924426919,12450.6976538153
"ISEA aperture 4, res 6","10322",-17.0096840539608,12452.6869420508
"ISEA aperture 4, res 6","12076",-17.1613484973376,12452.9778657537
"ISEA aperture 4, res 6","35237",-18.0312882287242,12452.972702143
"ISEA aperture 4, res 6","33753",-17.3344182871722,12452.5626327226
"ISEA aperture 4, res 6","11881",-17.4481460205724,12452.9797128143
"ISEA aperture 4, res 6","16272",-17.1656813289936,12452.9815199049
"ISEA aperture 4, res 6","21698",-17.6219331999896,12453.0900999036
"ISEA aperture 4, res 6","14596",-17.8847152834567,12452.9722443609
"ISEA aperture 4, res 6","35947",-17.3111320519948,12452.9876496421
"ISEA aperture 4, res 6","28784",-17.4565131142669,12452.9764221735
"ISEA aperture 4, res 6","15047",-18.0280108212052,12452.9753662966
"ISEA aperture 4, res 6","21904",-16.7612061494517,12452.9907644707
"ISEA aperture 4, res 6","23024",-17.1816397631519,12452.724594414
"ISEA aperture 4, res 6","15241",-17.1816397663688,12452.7245944149
"ISEA aperture 4, res 6","38669",-16.7954545343084,12452.3638730171
"ISEA aperture 4, res 6","22101",-17.3653460177539,12452.9776992856
"ISEA aperture 4, res 6","25272",-16.8786111167785,12455.2606597853
"ISEA aperture 4, res 6","40229",-16.8496069578643,12452.1803993507
"ISEA aperture 4, res 6","39319",-16.7367955761486,12451.9604289294
"ISEA aperture 4, res 6","25402",-17.1566158651796,12452.4253270842
"ISEA aperture 4, res 6","15048",-16.9254405107092,12452.9755946942
"ISEA aperture 4, res 6","10777",-16.6835848894355,12452.6912105993
"ISEA aperture 4, res 6","7301",-16.6701874566235,12452.9825563922
"ISEA aperture 4, res 6","29432",-17.3903682869535,12451.4319653797
"ISEA aperture 4, res 6","40489",-16.5913039287154,12452.9825574652
"ISEA aperture 4, res 6","33818",-16.9261851525277,12452.604910164
"ISEA aperture 4, res 6","9867",-16.6664681196712,12452.9838994412
"ISEA aperture 4, res 6","9932",-16.7344752424983,12449.7873187543
"ISEA aperture 4, res 6","15370",-16.9261851563625,12452.6049103168
"ISEA aperture 4, res 6","29561",-17.324033825919,12454.8008607943
"ISEA aperture 4, res 6","21702",-16.929093823313,12452.9819768632
"ISEA aperture 4, res 6","35238",-16.9311452843362,12452.9726244885
"ISEA aperture 4, res 6","33689",-16.6095219011209,12452.3894329014
"ISEA aperture 4, res 6","7633",-16.2182291760882,12453.9532573816
"ISEA aperture 4, res 6","10907",-16.7013821106082,12452.1135996962
"ISEA aperture 4, res 6","22433",-16.3530773440824,12452.9719635082
"ISEA aperture 4, res 6","36463",-16.4021320957813,12449.8563612756
"ISEA aperture 4, res 6","23221",-16.9885648377069,12452.2956061066
"ISEA aperture 4, res 6","29562",-16.2153863250351,12449.5898006616
"ISEA aperture 4, res 6","34141",-16.9254405067484,12452.9755946027
"ISEA aperture 4, res 6","25140",-16.7612063222649,12452.9907642963
"ISEA aperture 4, res 6","38930",-16.1199895567703,12453.2741736468
"ISEA aperture 4, res 6","21704",-16.5722168407981,12452.9891950205
"ISEA aperture 4, res 6","14404",-16.3137487688448,12452.9720388122
"ISEA aperture 4, res 6","35045",-16.3790269374116,12451.8872892699
"ISEA aperture 4, res 6","8162",-16.8900698976408,12452.9719249062
"ISEA aperture 4, res 6","23419",-16.6032100545253,12452.8709920594
"ISEA aperture 4, res 6","23485",-16.6528697082038,12452.675973644
"ISEA aperture 4, res 6","25468",-16.5722169179659,12452.9891951938
"ISEA aperture 4, res 6","9802",-16.5913043726246,12452.9825573243
"ISEA aperture 4, res 6","21637",-16.1640139264667,12452.9810123588
"ISEA aperture 4, res 6","29820",-16.2371495180216,12452.9805591053
"ISEA aperture 4, res 6","7899",-16.0930288616051,12452.9731096506
"ISEA aperture 4, res 6","39905",-16.0253576645453,12452.6942559827
"ISEA aperture 4, res 6","22302",-15.831352105394,12451.9362000714
"ISEA aperture 4, res 6","16015",-16.1444155344338,12452.6253102013
"ISEA aperture 4, res 6","21707",-16.1083746505896,12451.5799821636
"ISEA aperture 4, res 6","38605",-15.8693094825635,12452.2693730765
"ISEA aperture 4, res 6","23487",-15.6788115333441,12452.9810123579
"ISEA aperture 4, res 6","9868",-15.8050046459228,12452.4204114944
"ISEA aperture 4, res 6","12012",-16.3221516351492,12452.9797676982
"ISEA aperture 4, res 6","22631",-16.1865915214768,12452.9725322166
"ISEA aperture 4, res 6","14598",-15.6724621886275,12452.9723727073
"ISEA aperture 4, res 6","22103",-16.3125979608247,12452.9751339761
"ISEA aperture 4, res 6","32915",-16.173394859924,12452.9801467114
"ISEA aperture 4, res 6","28721",-15.7261792911021,12453.5020266133
"ISEA aperture 4, res 6","40100",-16.0281493494712,12453.2324088459
"ISEA aperture 4, res 6","24878",-15.7462336169602,12452.9759137787
"ISEA aperture 4, res 6","40749",-16.2177439469221,12452.9790639745
"ISEA aperture 4, res 6","33949",-14.9730585182926,12452.628639901
"ISEA aperture 4, res 6","9282",-15.7261796219745,12453.5015350231
"ISEA aperture 4, res 6","12272",-15.8601761006967,12452.9772865189
"ISEA aperture 4, res 6","11818",-15.6565846601535,12452.9849251132
"ISEA aperture 4, res 6","11559",-15.0110982813666,12452.0080106311
"ISEA aperture 4, res 6","35497",-15.7830561937426,12452.9742913689
"ISEA aperture 4, res 6","23289",-15.5519346990421,12452.2461782215
"ISEA aperture 4, res 6","11753",-15.7341758603258,12449.9717184277
"ISEA aperture 4, res 6","9543",-15.3818796370545,12452.9813123725
"ISEA aperture 4, res 6","15436",-15.1007163699676,12451.8617504048
"ISEA aperture 4, res 6","10258",-16.1199895568596,12453.274173647
"ISEA aperture 4, res 6","23355",-15.631677963589,12453.889185586
"ISEA aperture 4, res 6","33109",-15.6690267053161,12452.6989199866
"ISEA aperture 4, res 6","15564",-15.8567498161093,12452.669314232
"ISEA aperture 4, res 6","8099",-15.2425018467821,12452.9721294295
"ISEA aperture 4, res 6","25076",-15.6593956774152,12452.9884779172
"ISEA aperture 4, res 6","39841",-14.9456873498957,12452.9735313698
"ISEA aperture 4, res 6","39255",-15.7658996873862,12451.174841789
"ISEA aperture 4, res 6","40490",-15.6565846600675,12452.9849251134
"ISEA aperture 4, res 6","22896",-14.9730585188657,12452.628640032
"ISEA aperture 4, res 6","22039",-15.2174290366232,12452.9748969935
"ISEA aperture 4, res 6","14147",-15.2671139700522,12452.9721602273
"ISEA aperture 4, res 6","11494",-15.0699532538291,12453.2409396528
"ISEA aperture 4, res 6","40750",-15.2760708302688,12452.9804293318
"ISEA aperture 4, res 6","8033",-15.204972679051,12452.9721551939
"ISEA aperture 4, res 6","32916",-15.1779882616717,12452.978922781
"ISEA aperture 4, res 6","40231",-15.0110982812788,12452.0080106314
"ISEA aperture 4, res 6","7172",-15.1779882645761,12452.978922781
"ISEA aperture 4, res 6","36529",-14.7235385952841,12450.1059716019
"ISEA aperture 4, res 6","10779",-14.7316121036345,12452.9657326827
"ISEA aperture 4, res 6","36272",-14.606118789692,12452.879378563
"ISEA aperture 4, res 6","25144",-14.6061187796905,12452.8793785638
"ISEA aperture 4, res 6","21573",-15.222855401883,12452.9825562401
"ISEA aperture 4, res 6","23422",-15.1811810147932,12452.981976864
"ISEA aperture 4, res 6","12208",-15.0428364503454,12452.978922781
"ISEA aperture 4, res 6","29821",-15.142829406703,12452.9797676974
"ISEA aperture 4, res 6","25470",-15.0520643639173,12452.9856834077
"ISEA aperture 4, res 6","22171",-15.2721192856878,12452.9727870346
"ISEA aperture 4, res 6","34659",-15.1524750414025,12452.9722783294
"ISEA aperture 4, res 6","9414",-14.3366133922039,12452.9819768632
"ISEA aperture 4, res 6","23424",-14.1796398401066,12452.9778364669
"ISEA aperture 4, res 6","11624",-14.9479990365291,12451.546545974
"ISEA aperture 4, res 6","40686",-14.4439912179784,12452.9830696686
"ISEA aperture 4, res 6","25471",-14.2851688475736,12452.9842857878
"ISEA aperture 4, res 6","9349",-14.2222550681227,12452.9810123589
"ISEA aperture 4, res 6","35498",-14.6857612703331,12452.9741022398
"ISEA aperture 4, res 6","39126",-14.8343285629428,12451.1807600492
"ISEA aperture 4, res 6","39972",-14.0788531338235,12453.3229929132
"ISEA aperture 4, res 6","34208",-14.2546347260472,12452.9750227297
"ISEA aperture 4, res 6","38607",-14.1680828723469,12453.4786033331
"ISEA aperture 4, res 6","9284",-14.1008685900873,12452.9801465712
"ISEA aperture 4, res 6","7372",-14.0626116875851,12452.6693142315
"ISEA aperture 4, res 6","14406",-14.0961229200801,12452.9722783286
"ISEA aperture 4, res 6","10974",-14.7934138261059,12452.2179916944
"ISEA aperture 4, res 6","24946",-14.5790278368377,12452.9813123721
"ISEA aperture 4, res 6","34014",-14.5351088142633,12452.674737251
"ISEA aperture 4, res 6","36401",-14.4462391589934,12452.8820589545
"ISEA aperture 4, res 6","22568",-14.488386101923,12452.9728032015
"ISEA aperture 4, res 6","38932",-13.9520774499153,12451.2584115331
"ISEA aperture 4, res 6","32788",-14.1589379554853,12453.2890605927
"ISEA aperture 4, res 6","13826",-13.610326121205,12452.301797828
"ISEA aperture 4, res 6","15888",-14.1404991267546,12453.9341864597
"ISEA aperture 4, res 6","25080",-13.4793880444689,12454.9450531856
"ISEA aperture 4, res 6","34596",-13.4623561818491,12452.9724409722
"ISEA aperture 4, res 6","16211",-13.6858017084182,12452.9784253123
"ISEA aperture 4, res 6","10065",-14.1532350187495,12452.5280978469
"ISEA aperture 4, res 6","35950",-14.0166296221403,12452.9830695172
"ISEA aperture 4, res 6","24683",-14.1502965994965,12452.9734681508
"ISEA aperture 4, res 6","24948",-13.4559359876627,12452.9850577678
"ISEA aperture 4, res 6","34531",-13.9786984445098,12452.9725754683
"ISEA aperture 4, res 6","12209",-14.100867961364,12452.9801467117
"ISEA aperture 4, res 6","22503",-13.9786984453233,12452.9725754913
"ISEA aperture 4, res 6","11820",-13.7971692028351,12452.5184804789
"ISEA aperture 4, res 6","35047",-14.1546072573247,12452.9724083675
"ISEA aperture 4, res 6","14793",-13.8900897063695,12452.9731132468
"ISEA aperture 4, res 6","21509",-14.2851688002108,12452.9842856271
"ISEA aperture 4, res 6","34402",-13.890089702423,12452.9731132032
"ISEA aperture 4, res 6","40167",-14.1680825492533,12453.4786035507
"ISEA aperture 4, res 6","21777",-14.0166294275179,12452.9830696674
"ISEA aperture 4, res 6","11301",-13.0683775715394,12452.4632827648
"ISEA aperture 4, res 6","40428",-12.9611164552358,12452.354953838
"ISEA aperture 4, res 6","22569",-13.8900897031661,12452.9731132465
"ISEA aperture 4, res 6","34919",-13.0199572399204,12452.9725322168
"ISEA aperture 4, res 6","11755",-13.8809427413414,12452.4146494259
"ISEA aperture 4, res 6","7176",-13.185444792016,12451.127323588
"ISEA aperture 4, res 6","35370",-13.6103262609882,12452.3059281079
"ISEA aperture 4, res 6","9154",-13.8368794416617,12453.9661768647
"ISEA aperture 4, res 6","21443",-13.6761510731581,12452.9805861358
"ISEA aperture 4, res 6","9415",-13.5088048014914,12452.9850577675
"ISEA aperture 4, res 6","40557",-13.7073951770949,12450.3516104111
"ISEA aperture 4, res 6","23096",-13.1002547945968,12451.7620815247
"ISEA aperture 4, res 6","14278",-13.019957244129,12452.9725321864
"ISEA aperture 4, res 6","35177",-13.0522211587623,12452.9728968114
"ISEA aperture 4, res 6","25537",-13.676151097271,12452.9805862821
"ISEA aperture 4, res 6","34015",-13.4348637644242,12452.6157819993
"ISEA aperture 4, res 6","40038",-13.1316362397763,12453.3097860191
"ISEA aperture 4, res 6","21976",-13.5864300212756,12452.9739028185
"ISEA aperture 4, res 6","10001",-13.1316365203757,12453.3097862213
"ISEA aperture 4, res 6","36531",-12.8997483164649,12452.5033883277
"ISEA aperture 4, res 6","30016",-13.5535776158841,12452.975295895
"ISEA aperture 4, res 6","9220",-13.1610748995646,12452.9815199035
"ISEA aperture 4, res 6","33434",-13.1002547958278,12451.7620817129
"ISEA aperture 4, res 6","11561",-13.1994834467491,12454.0963077224
"ISEA aperture 4, res 6","15309",-13.1853492729849,12453.3833572427
"ISEA aperture 4, res 6","21380",-12.5780845530934,12452.9847638422
"ISEA aperture 4, res 6","14343",-12.4494622848893,12452.9725653905
"ISEA aperture 4, res 6","7641",-12.6773592513,12452.9741697035
"ISEA aperture 4, res 6","7309",-12.5717420484564,12452.6343910488
"ISEA aperture 4, res 6","35306",-13.0543922545292,12452.9730981865
"ISEA aperture 4, res 6","11496",-13.2755407301524,12452.8045517
"ISEA aperture 4, res 6","25473",-12.7369202584539,12452.9819556603
"ISEA aperture 4, res 6","23097",-12.6463547005168,12453.9532573805
"ISEA aperture 4, res 6","36467",-12.7778736324827,12452.8823163998
"ISEA aperture 4, res 6","36338",-12.9450272258569,12452.8800366913
"ISEA aperture 4, res 6","10586",-12.7848519644575,12452.9713791821
"ISEA aperture 4, res 6","8170",-12.494189624309,12452.9734682237
"ISEA aperture 4, res 6","40363",-13.0440240501394,12454.8709080493
"ISEA aperture 4, res 6","23296",-12.1748461500339,12452.97603332
"ISEA aperture 4, res 6","33887",-12.0769696639921,12453.6332515402
"ISEA aperture 4, res 6","7045",-12.6845815180346,12452.9773557735
"ISEA aperture 4, res 6","7708",-12.2848790794211,12452.9727083858
"ISEA aperture 4, res 6","15696",-12.5717420473327,12452.6343908526
"ISEA aperture 4, res 6","23031",-12.571742044532,12452.6343908526
"ISEA aperture 4, res 6","11562",-12.3059821342891,12452.8012154439
"ISEA aperture 4, res 6","14020",-13.0522211631204,12452.9728967574
"ISEA aperture 4, res 6","21780",-12.4178719027217,12452.9768770011
"ISEA aperture 4, res 6","8038",-12.4903180306822,12452.9729891609
"ISEA aperture 4, res 6","11821",-12.8734287735059,12452.4726427565
"ISEA aperture 4, res 6","35629",-12.4540305567609,12452.9749914627
"ISEA aperture 4, res 6","16083",-12.6906175165361,12452.9797675666
"ISEA aperture 4, res 6","9351",-12.5766261429842,12452.9872965643
"ISEA aperture 4, res 6","15245",-12.7670055806214,12452.4525136306
"ISEA aperture 4, res 6","35564",-13.0209261258017,12452.9744081938
"ISEA aperture 4, res 6","38739",-12.0122544828291,12454.2970289982
"ISEA aperture 4, res 6","39323",-12.778306972189,12452.9707067067
"ISEA aperture 4, res 6","34274",-12.6773592481061,12452.9741697039
"ISEA aperture 4, res 6","38479",-12.2377647697854,12452.8463950684
"ISEA aperture 4, res 6","33048",-12.1882906127798,12452.9778657538
"ISEA aperture 4, res 6","24950",-12.3408334144161,12452.9898059081
"ISEA aperture 4, res 6","7906",-12.449462283977,12452.9725654174
"ISEA aperture 4, res 6","22243",-11.8768861296702,12452.9725754682
"ISEA aperture 4, res 6","21649",-11.8152854334745,12452.9810125021
"ISEA aperture 4, res 6","39259",-11.8028662041599,12452.9717320967
"ISEA aperture 4, res 6","28919",-12.4210717442501,12452.9883596017
"ISEA aperture 4, res 6","22506",-12.188296350458,12452.9734483967
"ISEA aperture 4, res 6","14666",-11.7721868767096,12452.9725067427
"ISEA aperture 4, res 6","9547",-12.0465232634354,12455.3203942314
"ISEA aperture 4, res 6","9287",-11.647754106066,12452.9898059105
"ISEA aperture 4, res 6","34920",-11.9072803679079,12452.9727953504
"ISEA aperture 4, res 6","21846",-12.4540303126086,12452.9749915628
"ISEA aperture 4, res 6","23033",-11.6625334683477,12452.5271315328
"ISEA aperture 4, res 6","7178",-12.1729841060436,12452.6049103169
"ISEA aperture 4, res 6","24753",-11.8493408591218,12452.977836467
"ISEA aperture 4, res 6","7907",-11.9072803711466,12452.9727953508
"ISEA aperture 4, res 6","40624",-11.7553747026246,12450.3258645443
"ISEA aperture 4, res 6","15439",-11.7284985535238,12453.3097862211
"ISEA aperture 4, res 6","21316",-11.6460395242698,12452.9866600156
"ISEA aperture 4, res 6","7577",-11.5805737846073,12452.9740751054
"ISEA aperture 4, res 6","21650",-11.2806932831343,12452.9789227821
"ISEA aperture 4, res 6","9222",-11.5342593499281,12452.9878754213
"ISEA aperture 4, res 6","21318",-11.3510140231231,12452.9960179046
"ISEA aperture 4, res 6","7974",-11.3739391274722,12452.973441482
"ISEA aperture 4, res 6","22967",-11.6068146655393,12452.1710928001
"ISEA aperture 4, res 6","29050",-11.2183594198034,12452.5520341544
"ISEA aperture 4, res 6","11042",-11.8950004768742,12452.9797689705
"ISEA aperture 4, res 6","9157",-11.4146756980198,12452.9862150874
"ISEA aperture 4, res 6","37699",-11.1566362055842,12452.9834775453
"ISEA aperture 4, res 6","22177",-11.9072803688293,12452.9727953127
"ISEA aperture 4, res 6","22835",-11.728498550229,12453.3097862215
"ISEA aperture 4, res 6","9873",-11.1026165624086,12452.8607020949
"ISEA aperture 4, res 6","7114",-11.1800723754661,12452.6451426507
"ISEA aperture 4, res 6","21715",-11.8493406449705,12452.9778365924
"ISEA aperture 4, res 6","8172",-11.3671118257772,12452.9744082846
"ISEA aperture 4, res 6","22902",-11.079203121127,12453.1134188996
"ISEA aperture 4, res 6","7842",-11.3374355157843,12452.9728032011
"ISEA aperture 4, res 6","38610",-11.0564700851829,12454.3663781187
"ISEA aperture 4, res 6","23166",-11.1839638088431,12452.9768201388
"ISEA aperture 4, res 6","11368",-11.102616256353,12452.8607019126
"ISEA aperture 4, res 6","37830",-10.6063542456453,12452.9903166845
"ISEA aperture 4, res 6","15375",-11.3561412014102,12453.0957802938
"ISEA aperture 4, res 6","23101",-10.6853554958449,12452.9772439453
"ISEA aperture 4, res 6","29696",-10.7121774163876,12452.9801467125
"ISEA aperture 4, res 6","40755",-10.6063536409294,12452.9903168648
"ISEA aperture 4, res 6","9938",-11.0564700852716,12454.366378119
"ISEA aperture 4, res 6","12212",-11.2888413668419,12452.9847640075
"ISEA aperture 4, res 6","32920",-11.1687723671049,12452.9752958956
"ISEA aperture 4, res 6","34340",-11.0905346862102,12452.9732658002
"ISEA aperture 4, res 6","36082",-10.6845160715952,12452.9842856275
"ISEA aperture 4, res 6","22771",-10.5909712887226,12452.2406885603
"ISEA aperture 4, res 6","10978",-10.8870365215135,12452.9767970101
"ISEA aperture 4, res 6","15956",-10.6863699976617,12452.9797126872
"ISEA aperture 4, res 6","22968",-11.1490037902509,12453.9381771165
"ISEA aperture 4, res 6","14215",-11.3606706283816,12452.9731096507
"ISEA aperture 4, res 6","11823",-11.0401398096053,12455.1345361244
"ISEA aperture 4, res 6","33114",-10.6853554975903,12452.9772440571
"ISEA aperture 4, res 6","35308",-10.8185795898682,12452.9742914503
"ISEA aperture 4, res 6","7116",-10.1612870508161,12452.4897619914
"ISEA aperture 4, res 6","8042",-10.2558950837569,12452.9748969936
"ISEA aperture 4, res 6","7910",-10.2555085936192,12452.9740195935
"ISEA aperture 4, res 6","28986",-10.4381174364839,12450.3834822183
"ISEA aperture 4, res 6","29051",-10.3166463079981,12454.8958885285
"ISEA aperture 4, res 6","21254",-10.4381174275153,12450.3834822199
"ISEA aperture 4, res 6","22969",-10.6718956542519,12452.5793742778
"ISEA aperture 4, res 6","39260",-10.8228271158878,12452.9720390271
"ISEA aperture 4, res 6","37635",-10.2229958634976,12452.9851635909
"ISEA aperture 4, res 6","23233",-10.6542735933672,12452.9744081929
"ISEA aperture 4, res 6","10328",-10.8656747940328,12452.9751448881
"ISEA aperture 4, res 6","10848",-10.8485555151922,12452.9738703718
"ISEA aperture 4, res 6","21784",-10.2469441260098,12452.9752957959
"ISEA aperture 4, res 6","8963",-10.2229958635779,12452.9851635909
"ISEA aperture 4, res 6","7313",-10.5909712917506,12452.2406871239
"ISEA aperture 4, res 6","36469",-10.7440549841864,12452.8825774245
"ISEA aperture 4, res 6","22245",-10.7253668049615,12452.9725067289
"ISEA aperture 4, res 6","6852",-10.1604993775163,12452.9746550768
"ISEA aperture 4, res 6","7117",-9.64806281000059,12453.8784801924
"ISEA aperture 4, res 6","7183",-9.58474999743134,12453.0957802938
"ISEA aperture 4, res 6","23037",-9.6776820110014,12452.9762319666
"ISEA aperture 4, res 6","15441",-9.44011498709457,12453.3579477946
"ISEA aperture 4, res 6","6919",-9.67768201568391,12452.9762320681
"ISEA aperture 4, res 6","9744",-10.1347828528839,12452.8661019295
"ISEA aperture 4, res 6","21389",-9.55882226106566,12452.9883597777
"ISEA aperture 4, res 6","38091",-10.2350099261131,12451.5799821638
"ISEA aperture 4, res 6","33244",-9.68235810989067,12452.9781998784
"ISEA aperture 4, res 6","29374",-10.116943618125,12452.9930250156
"ISEA aperture 4, res 6","21521",-9.60712622691948,12452.9793586073
"ISEA aperture 4, res 6","32792",-10.1379077390488,12452.5752854684
"ISEA aperture 4, res 6","6984",-10.1847858054762,12452.9776992852
"ISEA aperture 4, res 6","13958",-10.259020834276,12452.9744687703
"ISEA aperture 4, res 6","29632",-10.1440367364261,12452.9815200536
"ISEA aperture 4, res 6","9809",-10.0921554099839,12454.377163752
"ISEA aperture 4, res 6","10719",-9.85059660918768,12452.9727029965
"ISEA aperture 4, res 6","14990",-9.8705656215705,12452.7018342583
"ISEA aperture 4, res 6","13894",-9.69721470170116,12452.9751338865
"ISEA aperture 4, res 6","36791",-9.79277400765587,12452.9910675766
"ISEA aperture 4, res 6","33051",-9.16675736091022,12452.9751339763
"ISEA aperture 4, res 6","21122",-9.15058008485111,12450.7169114583
"ISEA aperture 4, res 6","33502",-9.64806280711851,12453.8784801911
"ISEA aperture 4, res 6","14346",-9.10805269386104,12452.9735414664
"ISEA aperture 4, res 6","24824",-8.99848901689603,12452.9907345123
"ISEA aperture 4, res 6","39781",-9.95472021629301,12452.9802761031
"ISEA aperture 4, res 6","40172",-9.15794843108622,12454.8008606039
"ISEA aperture 4, res 6","21984",-9.12546904705781,12452.9741691123
"ISEA aperture 4, res 6","12084",-9.68197253413101,12452.9930250163
"ISEA aperture 4, res 6","21188",-9.79277393952522,12452.9910673904
"ISEA aperture 4, res 6","21455",-9.57651078546997,12452.9830549567
"ISEA aperture 4, res 6","25216",-9.79277399160387,12452.991067576
"ISEA aperture 4, res 6","22642",-9.09817529612806,12452.733137516
"ISEA aperture 4, res 6","23104",-9.15021927766648,12452.9741022392
"ISEA aperture 4, res 6","14088",-9.1345214032295,12452.974781793
"ISEA aperture 4, res 6","21786",-9.13291825143423,12452.9759137782
"ISEA aperture 4, res 6","37962",-9.2285686508554,12451.707881489
"ISEA aperture 4, res 6","39587",-8.90683621520823,12452.9751055148
"ISEA aperture 4, res 6","7383",-9.24537240683859,12452.5340927574
"ISEA aperture 4, res 6","25152",-8.87191196257166,12452.9936063154
"ISEA aperture 4, res 6","6986",-9.17816663774155,12452.9787678293
"ISEA aperture 4, res 6","25217",-9.00872718996723,12452.9890748649
"ISEA aperture 4, res 6","14540",-8.50592098568823,12452.9727029965
"ISEA aperture 4, res 6","38482",-9.04973994570541,12449.9717184249
"ISEA aperture 4, res 6","10525",-8.86449807835185,12452.9724124164
"ISEA aperture 4, res 6","33180",-9.17683299827427,12452.9765616987
"ISEA aperture 4, res 6","7449",-9.38934416941936,12452.9734781226
"ISEA aperture 4, res 6","22182",-9.03898735442244,12452.9723714732
"ISEA aperture 4, res 6","10655",-8.86732500423305,12452.9725811912
"ISEA aperture 4, res 6","11760",-9.33901688643843,12454.4150361155
"ISEA aperture 4, res 6","37702",-8.76135498236757,12450.5590604989
"ISEA aperture 4, res 6","22840",-9.16633749598241,12452.5549857663
"ISEA aperture 4, res 6","34019",-9.03867585223329,12453.1320021905
"ISEA aperture 4, res 6","10850",-8.89273919554794,12452.9741697039
"ISEA aperture 4, res 6","37571",-9.29212275339359,12452.9870253147
"ISEA aperture 4, res 6","12085",-8.76135436316223,12450.5590606953
"ISEA aperture 4, res 6","21787",-8.57293228364634,12452.9762319659
"ISEA aperture 4, res 6","21656",-7.99806298497016,12452.9778656324
"ISEA aperture 4, res 6","14798",-8.391742623395,12452.9717320971
"ISEA aperture 4, res 6","34149",-8.15235556303983,12452.4101758862
"ISEA aperture 4, res 6","39197",-8.86449807826158,12452.9724124167
"ISEA aperture 4, res 6","33632",-8.61219299079399,12452.5647349155
"ISEA aperture 4, res 6","29053",-8.53251907611194,12452.5554699503
"ISEA aperture 4, res 6","21589",-8.54052403202928,12452.9778364678
"ISEA aperture 4, res 6","24890",-9.01283989502573,12450.3834822183
"ISEA aperture 4, res 6","7186",-7.94963661105998,12453.1121951151
"ISEA aperture 4, res 6","7185",-8.50861345404508,12452.7331358598
"ISEA aperture 4, res 6","13379",-8.52191888680912,12452.9782619343
"ISEA aperture 4, res 6","37833",-8.21359869058866,12452.8823161753
"ISEA aperture 4, res 6","38937",-8.89273931703197,12452.9741697685
"ISEA aperture 4, res 6","13766",-8.5664343653256,12452.976820138
"ISEA aperture 4, res 6","7251",-8.73368421482713,12452.2044739706
"ISEA aperture 4, res 6","9356",-8.24789426978854,12452.8793787774
"ISEA aperture 4, res 6","14476",-7.96590257621348,12452.9732657997
"ISEA aperture 4, res 6","36213",-8.4442394089099,12452.9866600159
"ISEA aperture 4, res 6","13637",-8.55547767603633,12452.9773556532
"ISEA aperture 4, res 6","8900",-8.50185938133443,12452.9910673907
"ISEA aperture 4, res 6","10396",-7.88833876225221,12452.9727084127
"ISEA aperture 4, res 6","15249",-8.34701109823091,12453.3439727229
"ISEA aperture 4, res 6","22512",-8.34701109499998,12453.3439727238
"ISEA aperture 4, res 6","15572",-7.62784173353943,12452.9074155444
"ISEA aperture 4, res 6","25023",-7.83608595583475,12450.4492606119
"ISEA aperture 4, res 6","21920",-8.00365153753728,12452.9750227298
"ISEA aperture 4, res 6","11696",-8.2478938039464,12452.8793785632
"ISEA aperture 4, res 6","22250",-7.7989902474693,12452.9713791821
"ISEA aperture 4, res 6","40108",-8.10521914756498,12449.8816126267
"ISEA aperture 4, res 6","35440",-7.43853181687521,12452.9784172404
"ISEA aperture 4, res 6","15830",-7.66443338029276,12452.9777126253
"ISEA aperture 4, res 6","15894",-8.17010084830415,12452.977287064
"ISEA aperture 4, res 6","14863",-7.79899025066363,12452.9713791826
"ISEA aperture 4, res 6","22184",-7.8767484987159,12452.9715177083
"ISEA aperture 4, res 6","7319",-8.15235556622069,12452.4101758862
"ISEA aperture 4, res 6","14347",-7.98948754526058,12452.9741697033
"ISEA aperture 4, res 6","15378",-7.94963661105998,12453.1121951152
"ISEA aperture 4, res 6","7782",-8.01040514464482,12452.9758206407
"ISEA aperture 4, res 6","37507",-8.36418473892009,12452.989074682
"ISEA aperture 4, res 6","10657",-6.9081406275609,12452.9727773774
"ISEA aperture 4, res 6","33633",-7.62784173155121,12452.9074156955
"ISEA aperture 4, res 6","14670",-7.35193915390965,12452.971732078
"ISEA aperture 4, res 6","24958",-7.73246525435864,12454.9803980136
"ISEA aperture 4, res 6","36858",-7.16418947253685,12452.9937857591
"ISEA aperture 4, res 6","14025",-7.44761630806329,12452.9769095798
"ISEA aperture 4, res 6","16024",-7.15138907317995,12452.9747817925
"ISEA aperture 4, res 6","37508",-7.57932170682738,12452.9936061233
"ISEA aperture 4, res 6","7848",-8.01112619650088,12452.9765616987
"ISEA aperture 4, res 6","6725",-7.63992148559528,12452.9737769729
"ISEA aperture 4, res 6","22976",-7.12441699423774,12452.9732299279
"ISEA aperture 4, res 6","22513",-7.60489350929449,12453.1348376221
"ISEA aperture 4, res 6","7783",-7.44761630720761,12452.9769096839
"ISEA aperture 4, res 6","34020",-7.93868867616865,12452.408762253
"ISEA aperture 4, res 6","7188",-7.23368978214036,12452.209139291
"ISEA aperture 4, res 6","6791",-7.65372625913814,12452.9746329678
"ISEA aperture 4, res 6","22712",-7.15736606651104,12450.8048567642
"ISEA aperture 4, res 6","34924",-7.43611712784639,12452.9751055933
"ISEA aperture 4, res 6","9097",-7.31634542674977,12452.5980291566
"ISEA aperture 4, res 6","15637",-7.14512614499999,12452.4196444732
"ISEA aperture 4, res 6","32924",-7.12441699628196,12452.9732299925
"ISEA aperture 4, res 6","8114",-6.82511271815163,12452.981520054
"ISEA aperture 4, res 6","16153",-7.13985710438659,12452.9739077952
"ISEA aperture 4, res 6","11957",-7.19045297658307,12452.8825684865
"ISEA aperture 4, res 6","11502",-7.11908138413915,12450.1086376566
"ISEA aperture 4, res 6","7321",-7.19994495954129,12452.723902785
"ISEA aperture 4, res 6","36601",-7.3796366229198,12454.9803978904
"ISEA aperture 4, res 6","7651",-7.43611713111551,12452.9751055943
"ISEA aperture 4, res 6","9942",-6.96795687795379,12452.9769096838
"ISEA aperture 4, res 6","35118",-6.88251471367511,12452.9772871679
"ISEA aperture 4, res 6","21195",-7.31718836704196,12452.991067577
"ISEA aperture 4, res 6","37574",-6.93232372351361,12452.5934418015
"ISEA aperture 4, res 6","21856",-6.87809336962351,12452.9762778671
"ISEA aperture 4, res 6","38419",-7.022115756149,12452.9814717563
"ISEA aperture 4, res 6","33892",-6.45911019529947,12452.8160687763
"ISEA aperture 4, res 6","6594",-7.10566312217545,12452.1900153619
"ISEA aperture 4, res 6","9032",-7.19045355436599,12452.8825682625
"ISEA aperture 4, res 6","9227",-7.24380007942893,12452.8800369064
"ISEA aperture 4, res 6","6926",-6.13938714746472,12452.5244380759
"ISEA aperture 4, res 6","38549",-6.98422638489888,12452.9781998785
"ISEA aperture 4, res 6","10788",-5.93793180481155,12452.9735613045
"ISEA aperture 4, res 6","6794",-6.14214707742257,12452.9750228098
"ISEA aperture 4, res 6","6661",-6.62483012600934,12452.9733453129
"ISEA aperture 4, res 6","16154",-6.12342551035052,12452.9734414203
"ISEA aperture 4, res 6","9033",-6.26136604205739,12452.8825775491
"ISEA aperture 4, res 6","7718",-6.88251471696087,12452.9772871689
"ISEA aperture 4, res 6","21461",-6.28456971664746,12452.981976862
"ISEA aperture 4, res 6","34473",-6.77179630161373,12452.9707067061
"ISEA aperture 4, res 6","36408",-6.75616992484482,12452.993606122
"ISEA aperture 4, res 6","14542",-6.27597680428931,12452.9734781221
"ISEA aperture 4, res 6","33957",-6.11076752695725,12453.0221854014
"ISEA aperture 4, res 6","20997",-6.933515150896,12452.6112162279
"ISEA aperture 4, res 6","10463",-5.92011001458886,12452.9723964988
"ISEA aperture 4, res 6","21725",-6.31679929502874,12452.9787677126
"ISEA aperture 4, res 6","35699",-6.2845697155701,12452.981977011
"ISEA aperture 4, res 6","38874",-6.92085024767143,12452.9735736232
"ISEA aperture 4, res 6","7454",-6.81808468574956,12452.9723804325
"ISEA aperture 4, res 6","6993",-5.60284957089504,12452.4087624016
"ISEA aperture 4, res 6","33506",-5.63628664230476,12450.8017239222
"ISEA aperture 4, res 6","35570",-6.29702445495589,12452.9813125136
"ISEA aperture 4, res 6","15058",-5.9683263234105,12451.1165189773
"ISEA aperture 4, res 6","33054",-6.12342550922385,12452.9734414817
"ISEA aperture 4, res 6","14026",-6.31679929832305,12452.9787677121
"ISEA aperture 4, res 6","40760",-6.02434815022668,12452.5720374363
"ISEA aperture 4, res 6","33828",-6.06080578397679,12452.071547412
"ISEA aperture 4, res 6","8708",-5.74500640240342,12452.9994242136
"ISEA aperture 4, res 6","35183",-6.31679929422316,12452.9787678286
"ISEA aperture 4, res 6","29313",-6.19399107759423,12452.9890748647
"ISEA aperture 4, res 6","37770",-6.23136461053185,12452.880583875
"ISEA aperture 4, res 6","40500",-6.23136407340516,12452.8805836599
"ISEA aperture 4, res 6","25025",-6.24736255706298,12452.9964724387
"ISEA aperture 4, res 6","10658",-5.92652833892757,12452.9728031658
"ISEA aperture 4, res 6","39785",-5.99126780714842,12452.9776991714
"ISEA aperture 4, res 6","38290",-6.04016693906152,12452.9823210266
"ISEA aperture 4, res 6","15380",-6.06080578622092,12452.0715472267
"ISEA aperture 4, res 6","21660",-5.748249039705,12452.9805149878
"ISEA aperture 4, res 6","22846",-6.12342550738748,12452.9734414207
"ISEA aperture 4, res 6","21264",-5.67977937170146,12452.9847638432
"ISEA aperture 4, res 6","22650",-5.12324942532388,12452.9741937927
"ISEA aperture 4, res 6","33893",-5.52409474561163,12453.0221833552
"ISEA aperture 4, res 6","39395",-5.93151844473432,12452.9731293379
"ISEA aperture 4, res 6","12283",-5.5995948721165,12452.9964724392
"ISEA aperture 4, res 6","7390",-5.70252010255183,12452.972735371
"ISEA aperture 4, res 6","13382",-5.13812895751131,12452.9856832419
"ISEA aperture 4, res 6","8182",-5.66102675030796,12452.9851637603
"ISEA aperture 4, res 6","16155",-5.10536061477026,12452.9730612668
"ISEA aperture 4, res 6","9293",-6.14942428099926,12450.1059715995
"ISEA aperture 4, res 6","37511",-5.26130810446515,12452.5554699499
"ISEA aperture 4, res 6","34732",-5.72642338485133,12450.8628138363
"ISEA aperture 4, res 6","40631",-5.23559758997392,12452.8828319897
"ISEA aperture 4, res 6","33119",-5.62031182758643,12452.9735150604
"ISEA aperture 4, res 6","24896",-5.2308979784229,12450.5311718886
"ISEA aperture 4, res 6","21661",-5.18121734099662,12450.5748184327
"ISEA aperture 4, res 6","39460",-5.93793180472164,12452.9735613045
"ISEA aperture 4, res 6","37901",-5.12260754005594,12452.9926064347
"ISEA aperture 4, res 6","7060",-4.96855800319104,12452.8382387091
"ISEA aperture 4, res 6","21662",-4.61250069562188,12452.5549857669
"ISEA aperture 4, res 6","34926",-5.17870891536753,12452.6103235941
"ISEA aperture 4, res 6","21397",-5.1509410641295,12452.9850577684
"ISEA aperture 4, res 6","11114",-4.99680006058748,12452.9772439452
"ISEA aperture 4, res 6","37966",-5.10315363993313,12452.989806087
"ISEA aperture 4, res 6","39786",-4.99680006049879,12452.9772439453
"ISEA aperture 4, res 6","20802",-4.53248242147533,12456.9955533757
"ISEA aperture 4, res 6","36410",-4.50048118579521,12455.9748828415
"ISEA aperture 4, res 6","7193",-5.00991358914766,12452.6759352602
"ISEA aperture 4, res 6","8052",-4.55059329059066,12452.9883597778
"ISEA aperture 4, res 6","34797",-5.17024300317069,12452.6186045288
"ISEA aperture 4, res 6","39526",-4.95972768121924,12452.9740195233
"ISEA aperture 4, res 6","7919",-5.15094106640207,12452.9850579269
"ISEA aperture 4, res 6","10334",-4.93787811350364,12452.9724149144
"ISEA aperture 4, res 6","34216",-5.49961780522671,12452.3384554487
"ISEA aperture 4, res 6","33700",-5.11672736623091,12451.6381003942
"ISEA aperture 4, res 6","20868",-5.23089790875681,12450.5311716691
"ISEA aperture 4, res 6","37446",-5.12101299221989,12454.9803874991
"ISEA aperture 4, res 6","12219",-4.83356786682579,12450.6770813726
"ISEA aperture 4, res 6","10464",-4.93678477648256,12452.9723404946
"ISEA aperture 4, res 6","10010",-3.96652595958448,12452.9734414816
"ISEA aperture 4, res 6","22388",-4.1050284924091,12452.4101758863
"ISEA aperture 4, res 6","15382",-4.08941880263867,12453.3995272719
"ISEA aperture 4, res 6","40372",-4.11263326147821,12452.9930248265
"ISEA aperture 4, res 6","9035",-4.12900558348311,12450.5590606931
"ISEA aperture 4, res 6","9425",-4.0425605498405,12452.9819770107
"ISEA aperture 4, res 6","37317",-4.0753903743402,12452.5934280734
"ISEA aperture 4, res 6","36281",-4.51854528021711,12452.9890748638
"ISEA aperture 4, res 6","22189",-4.87705763075601,12452.5891285607
"ISEA aperture 4, res 6","32862",-4.57801733667737,12452.972322046
"ISEA aperture 4, res 6","22190",-4.22014681538811,12452.5171926125
"ISEA aperture 4, res 6","21069",-3.9638668391793,12452.9910673891
"ISEA aperture 4, res 6","10855",-3.97176758619569,12452.9739077949
"ISEA aperture 4, res 6","7656",-4.6096780623238,12452.5793744227
"ISEA aperture 4, res 6","9944",-4.96736782789715,12452.9746329676
"ISEA aperture 4, res 6","14544",-4.02667224154806,12452.4101758867
"ISEA aperture 4, res 6","22321",-4.56087470045469,12452.7555052584
"ISEA aperture 4, res 6","34733",-4.59888914665931,12452.5340928524
"ISEA aperture 4, res 6","39527",-3.97176758610613,12452.9739077951
"ISEA aperture 4, res 6","40437",-4.12900504577598,12450.5590604985
"ISEA aperture 4, res 6","22058",-4.50103145168187,12451.0967430801
"ISEA aperture 4, res 6","6732",-4.10660928561734,12452.9740751681
"ISEA aperture 4, res 6","22323",-3.5929490988501,12451.6476148796
"ISEA aperture 4, res 6","35314",-4.03601066585091,12452.5271316894
"ISEA aperture 4, res 6","37512",-4.18279203771957,12454.6693411268
"ISEA aperture 4, res 6","37772",-4.1126337754396,12452.9930250171
"ISEA aperture 4, res 6","22125",-3.78605918589635,12452.137027806
"ISEA aperture 4, res 6","24766",-4.53365819492204,12450.5311716676
"ISEA aperture 4, res 6","34927",-4.04129630976744,12452.4196446017
"ISEA aperture 4, res 6","39072",-3.95200089481562,12452.9722471045
"ISEA aperture 4, res 6","7525",-4.04214495239472,12452.4525136306
"ISEA aperture 4, res 6","40177",-4.06822338822917,12452.9856832432
"ISEA aperture 4, res 6","22322",-4.0894187997154,12453.3995272687
"ISEA aperture 4, res 6","35701",-4.01319536934835,12452.6253103745
"ISEA aperture 4, res 6","35959",-3.99098436689801,12450.8951873182
"ISEA aperture 4, res 6","21729",-4.04129631033724,12452.4196444725
"ISEA aperture 4, res 6","34218",-3.31573009435931,12451.9138859053
"ISEA aperture 4, res 6","24636",-3.36500596071285,12456.6451563491
"ISEA aperture 4, res 6","40503",-3.10735786959889,12452.9962383223
"ISEA aperture 4, res 6","21004",-3.39334605891582,12452.9936061223
"ISEA aperture 4, res 6","10206",-2.96784293544902,12452.9723155053
"ISEA aperture 4, res 6","33250",-3.58712848110747,12452.9731132467
"ISEA aperture 4, res 6","37513",-3.12013187867779,12450.6091523886
"ISEA aperture 4, res 6","15576",-3.59744430813602,12452.6510659161
"ISEA aperture 4, res 6","40048",-3.0332901659652,12452.9810123584
"ISEA aperture 4, res 6","8581",-3.17665485381362,12454.6412641787
"ISEA aperture 4, res 6","39723",-2.99696424987212,12452.9756026525
"ISEA aperture 4, res 6","21399",-4.02231347501586,12452.5954380916
"ISEA aperture 4, res 6","36411",-3.37965660302458,12452.9937857583
"ISEA aperture 4, res 6","16221",-3.57134085643696,12452.9724790314
"ISEA aperture 4, res 6","15318",-3.57356551141558,12452.0556477274
"ISEA aperture 4, res 6","21796",-3.46406436708125,12452.2097347337
"ISEA aperture 4, res 6","21862",-3.45369064283879,12452.2179916942
"ISEA aperture 4, res 6","36282",-3.39334605767069,12452.9936063152
"ISEA aperture 4, res 6","10921",-2.98633000478509,12452.9742913686
"ISEA aperture 4, res 6","12286",-2.86705086071565,12450.7581194766
"ISEA aperture 4, res 6","9361",-3.03329056996173,12452.9810125022
"ISEA aperture 4, res 6","21929",-2.85890618506865,12451.4602733441
"ISEA aperture 4, res 6","15319",-2.56685457844656,12452.5891284601
"ISEA aperture 4, res 6","38228",-3.0098279766757,12452.9773557714
"ISEA aperture 4, res 6","15383",-3.08019732383602,12451.1165188777
"ISEA aperture 4, res 6","9556",-3.00982797676376,12452.9773557719
"ISEA aperture 4, res 6","7790",-3.44692215853366,12452.5595927591
"ISEA aperture 4, res 6","40243",-3.06173332657426,12452.9862150877
"ISEA aperture 4, res 6","7923",-2.85472769076601,12452.6031092353
"ISEA aperture 4, res 6","10271",-2.96672178350859,12452.9722082709
"ISEA aperture 4, res 6","35121",-3.46886410265758,12452.3638731716
"ISEA aperture 4, res 6","21268",-3.43827650755949,12452.5959172464
"ISEA aperture 4, res 6","8055",-2.83497315930924,12450.765044353
"ISEA aperture 4, res 6","39268",-2.96952441307548,12452.9724790306
"ISEA aperture 4, res 6","36540",-3.36500597211917,12456.6455531096
"ISEA aperture 4, res 6","6603",-2.56786367477841,12452.972923455
"ISEA aperture 4, res 6","6800",-3.08561438187195,12452.581645833
"ISEA aperture 4, res 6","7858",-2.28885640882989,12452.5348367642
"ISEA aperture 4, res 6","9881",-2.98185046971278,12452.9737769737
"ISEA aperture 4, res 6","7990",-2.27354272405946,12452.6146765913
"ISEA aperture 4, res 6","7462",-2.31865572665398,12451.537894423
"ISEA aperture 4, res 6","37514",-2.07034626051615,12452.9936063158
"ISEA aperture 4, res 6","21401",-2.88422048509056,12452.414649244
"ISEA aperture 4, res 6","21930",-2.28311240478376,12451.3659665443
"ISEA aperture 4, res 6","13771",-2.88422048842732,12452.4146492446
"ISEA aperture 4, res 6","13707",-2.30703468306749,12454.8008606016
"ISEA aperture 4, res 6","20742",-2.23550979699395,12457.3522700494
"ISEA aperture 4, res 6","36412",-2.25575924392171,12450.8197112427
"ISEA aperture 4, res 6","21006",-2.2735427218982,12452.6146763868
"ISEA aperture 4, res 6","22062",-1.98742564414015,12452.1780676594
"ISEA aperture 4, res 6","6868",-2.05297663381889,12452.1370278074
"ISEA aperture 4, res 6","6406",-2.04406226519457,12452.9723727075
"ISEA aperture 4, res 6","21270",-2.30163927992917,12454.6837452877
"ISEA aperture 4, res 6","36283",-2.26495848506196,12452.6466369706
"ISEA aperture 4, res 6","14610",-2.31572996564829,12453.3995272689
"ISEA aperture 4, res 6","34090",-1.98742564428502,12452.1780676723
"ISEA aperture 4, res 6","38099",-2.01280834801662,12452.9778365922
"ISEA aperture 4, res 6","40244",-2.04134469342922,12452.9847638421
"ISEA aperture 4, res 6","39529",-1.98994021846401,12452.9736296167
"ISEA aperture 4, res 6","8387",-1.96399671587267,12452.6615677495
"ISEA aperture 4, res 6","12027",-2.09567655507922,12450.6770811591
"ISEA aperture 4, res 6","20940",-2.26495848625682,12452.646636765
"ISEA aperture 4, res 6","7265",-1.74417913661679,12452.9735315401
"ISEA aperture 4, res 6","6671",-1.54551094520663,12452.9713791824
"ISEA aperture 4, res 6","39919",-2.01280798218578,12452.9778364679
"ISEA aperture 4, res 6","7330",-2.32128031723807,12452.4984467536
"ISEA aperture 4, res 6","8452",-2.12406010467567,12456.1910917015
"ISEA aperture 4, res 6","20808",-2.24594403561237,12451.0167859317
"ISEA aperture 4, res 6","22524",-2.04885900018072,12452.9725754684
"ISEA aperture 4, res 6","35509",-2.30703467892386,12454.8008607956
"ISEA aperture 4, res 6","33445",-2.0563627565368,12452.9727030279
"ISEA aperture 4, res 6","22525",-1.53504802008304,12452.9724148986
"ISEA aperture 4, res 6","28736",-1.80169676085227,12454.0232374099
"ISEA aperture 4, res 6","10662",-1.98317729401634,12452.9726244881
"ISEA aperture 4, res 6","11897",-2.07844922122602,12452.9963869681
"ISEA aperture 4, res 6","13192",-1.14200349878542,12452.8805836588
"ISEA aperture 4, res 6","22130",-1.03180165567098,12452.675935261
"ISEA aperture 4, res 6","37320",-1.04256555696751,12452.9964724387
"ISEA aperture 4, res 6","14933",-1.70603561854457,12451.3925733807
"ISEA aperture 4, res 6","21667",-1.74417913366042,12452.9735313697
"ISEA aperture 4, res 6","7925",-1.70917378518422,12452.5520343639
"ISEA aperture 4, res 6","36284",-1.13365767839533,12454.6693411269
"ISEA aperture 4, res 6","6672",-1.03116276253839,12452.96950248
"ISEA aperture 4, res 6","37060",-1.06024585682916,12452.661580243
"ISEA aperture 4, res 6","12418",-1.11339642322762,12454.0217878373
"ISEA aperture 4, res 6","7002",-1.15573982732073,12453.2741020196
"ISEA aperture 4, res 6","9428",-1.00487633215822,12452.9764222894
"ISEA aperture 4, res 6","28801",-1.72346923997843,12455.6443861785
"ISEA aperture 4, res 6","10858",-0.996001974218302,12452.9734681505
"ISEA aperture 4, res 6","20810",-1.1290426147322,12452.6112162295
"ISEA aperture 4, res 6","15062",-1.60288485015877,12452.1417220415
"ISEA aperture 4, res 6","7596",-1.15518068132199,12452.1160603574
"ISEA aperture 4, res 6","10207",-1.97953454995333,12452.9721294305
"ISEA aperture 4, res 6","35703",-1.72517878161828,12452.8761177287
"ISEA aperture 4, res 6","37385",-1.03854402629907,12452.9937857579
"ISEA aperture 4, res 6","34220",-1.12525881376439,12451.6392855458
"ISEA aperture 4, res 6","7993",-0.565939861405246,12452.8830840346
"ISEA aperture 4, res 6","10598",-0.991804949478681,12452.9723220066
"ISEA aperture 4, res 6","40245",-1.0208343216643,12452.9834775449
"ISEA aperture 4, res 6","15643",-1.03004664087877,12452.9717320774
"ISEA aperture 4, res 6","10988",-0.999068205553602,12452.9744081938
"ISEA aperture 4, res 6","7267",-0.582623875952057,12452.4440690403
"ISEA aperture 4, res 6","7926",-1.1379773216291,12454.8958887431
"ISEA aperture 4, res 6","34414",-0.583183836856856,12452.3770288845
"ISEA aperture 4, res 6","37710",-1.02083482324425,12452.9834777064
"ISEA aperture 4, res 6","37515",-1.03098025367392,12452.9890748653
"ISEA aperture 4, res 6","8190",-1.11891534868623,12450.7581194765
"ISEA aperture 4, res 6","13837",-1.15773116541065,12453.2173317644
"ISEA aperture 4, res 6","39270",-0.991804949388708,12452.9723220067
"ISEA aperture 4, res 6","39790",-1.00277901910671,12452.9756600854
"ISEA aperture 4, res 6","34994",-1.16341327341486,12453.1821903558
"ISEA aperture 4, res 6","14160",-0.581832350099808,12452.2406845487
"ISEA aperture 4, res 6","21800",-1.16264408707855,12452.5171924596
"ISEA aperture 4, res 6","39010",-0.990190389014858,12452.9719249019
"ISEA aperture 4, res 6","34027",-0.516223477404568,12451.3925734194
"ISEA aperture 4, res 6","39920",-1.00713387542284,12452.9772863959
"ISEA aperture 4, res 6","36543",2.85178391973308e-09,12452.5105120608
"ISEA aperture 4, res 6","11444",2.29758311704176e-07,12454.2152409133
"ISEA aperture 4, res 6","33189",6.8091945618972e-10,12452.972396498
"ISEA aperture 4, res 6","7400",-1.68715466240613e-09,12452.8045517
"ISEA aperture 4, res 6","21471",-0.581832346719699,12452.2406889122
"ISEA aperture 4, res 6","36220",-0.56817192694167,12452.8828321135
"ISEA aperture 4, res 6","7862",-1.65305670156761e-09,12452.5770467973
"ISEA aperture 4, res 6","36285",2.74243381668595e-09,12452.5554699493
"ISEA aperture 4, res 6","32866",-0.508964064504726,12452.9719249061
"ISEA aperture 4, res 6","15966",-0.51288945248077,12452.9724497057
"ISEA aperture 4, res 6","15386",-1.22001670696043e-09,12452.9575744666
"ISEA aperture 4, res 6","35059",-0.581832346225407,12452.2406885604
"ISEA aperture 4, res 6","20547",-0.55552788487754,12454.1574932578
"ISEA aperture 4, res 6","8454",-3.52016893521278e-07,12457.3572362966
"ISEA aperture 4, res 6","11834",3.01387720449267e-07,12455.9701442411
"ISEA aperture 4, res 6","21538",1.69551090626784e-09,12453.1121947285
"ISEA aperture 4, res 6","21537",-0.582623872993639,12452.4440718856
"ISEA aperture 4, res 6","15193",0.516223477404559,12451.3925734196
"ISEA aperture 4, res 6","40701",3.356052472677e-07,12456.9862903056
"ISEA aperture 4, res 6","13451",-2.50905120629314e-09,12454.9864610745
"ISEA aperture 4, res 6","6674",-1.78877563346308e-09,12452.9575744671
"ISEA aperture 4, res 6","6608",-1.8935964536344e-09,12452.9689147395
"ISEA aperture 4, res 6","22395",-0.512889449492712,12452.9724497054
"ISEA aperture 4, res 6","34479",1.86156751588843e-09,12452.8839774713
"ISEA aperture 4, res 6","35640",2.44806099676164e-09,12453.9467600764
"ISEA aperture 4, res 6","14483",-1.99677373575273e-09,12452.8160687246
"ISEA aperture 4, res 6","34930",-0.582623872567643,12452.4440720722
"ISEA aperture 4, res 6","10599",6.3432257400641e-08,12452.0064751184
"ISEA aperture 4, res 6","21273",-0.578558210999112,12453.3719887136
"ISEA aperture 4, res 6","8974",-2.59409274444275e-07,12454.7607800974
"ISEA aperture 4, res 6","37906",-2.10216137713719e-07,12453.7328967401
"ISEA aperture 4, res 6","40571",3.12981910929575e-07,12456.2967248384
"ISEA aperture 4, res 6","15128",-1.43476956379203e-09,12451.6392855551
"ISEA aperture 4, res 6","39726",1.54538635584665e-07,12452.9004383645
"ISEA aperture 4, res 6","21076",1.67018716713869e-09,12454.9864593244
"ISEA aperture 4, res 6","12029",3.35524785595368e-07,12456.990313017
"ISEA aperture 4, res 6","35898",2.56911115034801e-09,12453.7079463554
"ISEA aperture 4, res 6","40246",2.54178235243001e-07,12454.7513898998
"ISEA aperture 4, res 6","16225",0.510427866115596,12452.972155194
"ISEA aperture 4, res 6","11509",2.41979567623262e-07,12454.4788830739
"ISEA aperture 4, res 6","33125",0.511736034007799,12452.972340494
"ISEA aperture 4, res 6","38232",0.999068481523412,12452.9744081939
"ISEA aperture 4, res 6","11705",1.03097996715648,12452.9890748636
"ISEA aperture 4, res 6","10339",1.06134091942939e-08,12450.6950042492
"ISEA aperture 4, res 6","6939",0.583183837007295,12452.377028751
"ISEA aperture 4, res 6","10470",0.991159187163311,12452.9721602575
"ISEA aperture 4, res 6","21605",0.583658915667955,12453.0221833554
"ISEA aperture 4, res 6","12871",0.565939858121764,12452.8830943247
"ISEA aperture 4, res 6","8909",-2.7141881674099e-07,12456.4247115598
"ISEA aperture 4, res 6","33963",1.32753318629191e-09,12452.8077134101
"ISEA aperture 4, res 6","14161",0.581832346225427,12452.2406885605
"ISEA aperture 4, res 6","16096",0.511736032753541,12452.9723404992
"ISEA aperture 4, res 6","13774",0.578558210301975,12453.3719888821
"ISEA aperture 4, res 6","38037",1.00487633215352,12452.9764221738
"ISEA aperture 4, res 6","36479",0.563561251439521,12454.72418019
"ISEA aperture 4, res 6","39532",0.997454487021742,12452.9739028179
"ISEA aperture 4, res 6","10925",0.999068343453411,12452.9744082846
"ISEA aperture 4, res 6","21803",0.579657854575016,12452.1417216235
"ISEA aperture 4, res 6","22068",1.03116276253837,12452.9695024797
"ISEA aperture 4, res 6","21738",1.15573982732072,12453.2741020195
"ISEA aperture 4, res 6","11965",1.04674632656413,12452.9993970287
"ISEA aperture 4, res 6","38362",0.996002198311089,12452.9734681504
"ISEA aperture 4, res 6","14032",0.580886556050758,12452.7066762072
"ISEA aperture 4, res 6","40312",1.02743773559784,12452.987025489
"ISEA aperture 4, res 6","6940",1.16264408707854,12452.5171924596
"ISEA aperture 4, res 6","21143",0.577180929959092,12453.2910107547
"ISEA aperture 4, res 6","20681",0.563561250225562,12454.7241804161
"ISEA aperture 4, res 6","14742",1.16264408686987,12452.5171926125
"ISEA aperture 4, res 6","11380",1.01487255663072,12452.9805862817
"ISEA aperture 4, res 6","34996",1.16341327727316,12453.1821901573
"ISEA aperture 4, res 6","14226",1.16341327341486,12453.1821903561
"ISEA aperture 4, res 6","35125",1.161874292227,12453.8747256029
"ISEA aperture 4, res 6","38817",0.990351885775756,12452.9719635082
"ISEA aperture 4, res 6","10665",0.99358085716786,12452.9727870348
"ISEA aperture 4, res 6","7798",1.13797731941029,12454.8958885297
"ISEA aperture 4, res 6","20682",1.12904261679759,12452.6112164471
"ISEA aperture 4, res 6","8520",1.04674632655418,12452.9993968221
"ISEA aperture 4, res 6","6676",1.03142714255988,12451.3659665512
"ISEA aperture 4, res 6","36932",1.06506367979177,12455.6443787986
"ISEA aperture 4, res 6","35706",1.72517878583152,12452.8761175249
"ISEA aperture 4, res 6","15839",1.54134973653018,12452.9725812123
"ISEA aperture 4, res 6","16290",1.01940541145369,12452.9720613586
"ISEA aperture 4, res 6","37258",2.08689366597991,12452.9994242135
"ISEA aperture 4, res 6","21145",1.73352434882165,12451.6572147525
"ISEA aperture 4, res 6","9236",2.01782757877981,12452.9789226486
"ISEA aperture 4, res 6","13517",1.72517878161828,12452.8761177301
"ISEA aperture 4, res 6","39662",1.00084307112954,12452.9749915618
"ISEA aperture 4, res 6","21277",1.73983051329617,12452.5896072955
"ISEA aperture 4, res 6","40637",1.04674599428139,12452.9993970289
"ISEA aperture 4, res 6","15323",1.54591279251202,12451.4602734101
"ISEA aperture 4, res 6","10016",1.98040194425139,12452.9722443335
"ISEA aperture 4, res 6","14678",1.73990618963272,12452.0556478648
"ISEA aperture 4, res 6","37843",2.02319154502865,12452.9801465711
"ISEA aperture 4, res 6","9756",1.98733953858589,12452.9732299282
"ISEA aperture 4, res 6","14872",2.28311240459598,12451.3659665984
"ISEA aperture 4, res 6","35190",1.73983051390628,12452.5896071037
"ISEA aperture 4, res 6","9366",2.00813343559596,12452.9768768852
"ISEA aperture 4, res 6","35513",2.30703468306743,12454.8008606011
"ISEA aperture 4, res 6","35448",1.7335243495669,12451.6572145528
"ISEA aperture 4, res 6","21673",1.73103047322709,12452.1370278038
"ISEA aperture 4, res 6","6678",1.98742564414014,12452.1780676596
"ISEA aperture 4, res 6","40183",2.04808196375331,12452.9866601879
"ISEA aperture 4, res 6","34868",2.32128031770114,12452.4984465924
"ISEA aperture 4, res 6","13130",1.70917378188138,12452.5520343638
"ISEA aperture 4, res 6","14936",1.70603561517506,12451.3925734078
"ISEA aperture 4, res 6","6743",1.60288484697488,12452.1417220838
"ISEA aperture 4, res 6","8064",2.27436102169576,12452.661580243
"ISEA aperture 4, res 6","11121",2.0128081651062,12452.9778365928
"ISEA aperture 4, res 6","32933",2.03860636273642,12452.9721294113
"ISEA aperture 4, res 6","10731",1.98994032416902,12452.97362969
"ISEA aperture 4, res 6","9561",1.99618040334302,12452.974654987
"ISEA aperture 4, res 6","11381",2.03495041350574,12452.9830549562
"ISEA aperture 4, res 6","35320",2.8892482253976,12452.3472904787
"ISEA aperture 4, res 6","33901",2.56685457844655,12452.5891284601
"ISEA aperture 4, res 6","38754",2.96672178350699,12452.972208256
"ISEA aperture 4, res 6","22400",2.03860636477284,12452.9721294292
"ISEA aperture 4, res 6","14227",2.32063976731748,12452.0075835383
"ISEA aperture 4, res 6","9237",3.02491490933041,12452.9796398979
"ISEA aperture 4, res 6","40379",3.12013128286294,12450.6091523883
"ISEA aperture 4, res 6","9887",2.97176625560194,12452.9727021424
"ISEA aperture 4, res 6","21411",2.895177530412,12452.5785505824
"ISEA aperture 4, res 6","8716",2.07034596820319,12452.9936061225
"ISEA aperture 4, res 6","6019",2.54437679858238,12452.9720414596
"ISEA aperture 4, res 6","14292",2.89656986076281,12452.9074156981
"ISEA aperture 4, res 6","33578",2.05891475715333,12452.9723803943
"ISEA aperture 4, res 6","9172",3.03329036791142,12452.9810123586
"ISEA aperture 4, res 6","9952",2.96952445962133,12452.9724790312
"ISEA aperture 4, res 6","21344",2.32063977067064,12452.0075835397
"ISEA aperture 4, res 6","8781",2.06258322224732,12452.9910673888
"ISEA aperture 4, res 6","22269",2.55788003762727,12452.9725654175
"ISEA aperture 4, res 6","40314",3.10735786970827,12452.9962385213
"ISEA aperture 4, res 6","38169",2.9969645267664,12452.975602652
"ISEA aperture 4, res 6","33579",3.08543223001336,12452.973478122
"ISEA aperture 4, res 6","13325",3.42855837428379,12452.6279867751
"ISEA aperture 4, res 6","32934",3.05739862042393,12452.9722443338
"ISEA aperture 4, res 6","9367",3.00982781257677,12452.977355655
"ISEA aperture 4, res 6","34998",3.47017187527995,12452.3047326699
"ISEA aperture 4, res 6","21609",2.85890618808388,12451.4602734099
"ISEA aperture 4, res 6","40249",3.09513011829251,12452.9933556519
"ISEA aperture 4, res 6","8327",3.02294133849395,12452.6300434312
"ISEA aperture 4, res 6","20420",2.61975485563455,12452.6615677511
"ISEA aperture 4, res 6","34740",3.46406437039412,12452.2097347353
"ISEA aperture 4, res 6","35836",2.8633941075428,12452.5657206158
"ISEA aperture 4, res 6","11057",3.01709378086057,12452.9784254396
"ISEA aperture 4, res 6","15260",3.05521540689812,12452.5171926108
"ISEA aperture 4, res 6","21015",2.87818534589717,12452.4726427564
"ISEA aperture 4, res 6","39079",2.96952441316929,12452.9724790653
"ISEA aperture 4, res 6","7207",2.89314072360006,12454.3663779496
"ISEA aperture 4, res 6","38949",2.96672174357574,12452.97220827
"ISEA aperture 4, res 6","11382",3.06173356546605,12452.9862152543
"ISEA aperture 4, res 6","32999",3.57134085643691,12452.9724790316
"ISEA aperture 4, res 6","14164",4.04214494907155,12452.4525136303
"ISEA aperture 4, res 6","20621",3.96386684121291,12452.9910675767
"ISEA aperture 4, res 6","22271",3.57134085837217,12452.9724790652
"ISEA aperture 4, res 6","6351",3.59744430515813,12452.6510659163
"ISEA aperture 4, res 6","6152",3.07235090552739,12452.9728031663
"ISEA aperture 4, res 6","8457",3.16171226250227,12454.7241911964
"ISEA aperture 4, res 6","12938",3.39334605767068,12452.9936063159
"ISEA aperture 4, res 6","7340",3.45442929637283,12452.5184803039
"ISEA aperture 4, res 6","6548",3.0552154065387,12452.5171924579
"ISEA aperture 4, res 6","6021",3.57134085346808,12452.9724790307
"ISEA aperture 4, res 6","21412",3.46406436995177,12452.2097348539
"ISEA aperture 4, res 6","8522",3.14731004281514,12452.6112162293
"ISEA aperture 4, res 6","13132",3.9780190729289,12452.9907346954
"ISEA aperture 4, res 6","12358",3.52042103691141,12450.7581194767
"ISEA aperture 4, res 6","11122",3.0249149093464,12452.9796400334
"ISEA aperture 4, res 6","8392",3.1766545091122,12454.6412643879
"ISEA aperture 4, res 6","6154",4.10174493970502,12452.9735414666
"ISEA aperture 4, res 6","6285",3.59654484752553,12452.9738703717
"ISEA aperture 4, res 6","21347",4.03669081871745,12452.3998200442
"ISEA aperture 4, res 6","35837",4.00272717386211,12450.7197530252
"ISEA aperture 4, res 6","8263",3.77409500246192,12450.8888820463
"ISEA aperture 4, res 6","40445",4.20226831889735,12452.8830943243
"ISEA aperture 4, res 6","33902",3.57356551141557,12452.0556477273
"ISEA aperture 4, res 6","22272",4.07557841668652,12452.9724083665
"ISEA aperture 4, res 6","16035",4.09471962655753,12452.9731293841
"ISEA aperture 4, res 6","21942",4.10843966489327,12450.8628138377
"ISEA aperture 4, res 6","20688",4.55059329059066,12452.9883597778
"ISEA aperture 4, res 6","37780",4.05499647414232,12452.9837227211
"ISEA aperture 4, res 6","7803",3.93208647700299,12456.3042900722
"ISEA aperture 4, res 6","7672",4.51854528151304,12452.9890746817
"ISEA aperture 4, res 6","21611",3.91310893926557,12452.803557067
"ISEA aperture 4, res 6","9238",4.03091777197816,12452.9804291937
"ISEA aperture 4, res 6","11643",4.16408704512716,12452.5934420128
"ISEA aperture 4, res 6","35514",3.45442929969998,12452.5184803047
"ISEA aperture 4, res 6","37065",4.07539037248305,12452.5934282981
"ISEA aperture 4, res 6","37455",4.12900558345018,12450.5590604987
"ISEA aperture 4, res 6","5956",4.07557841168415,12452.9724083303
"ISEA aperture 4, res 6","33064",4.08593111336581,12452.9727601652
"ISEA aperture 4, res 6","36936",4.68499063257086,12452.9993970285
"ISEA aperture 4, res 6","11318",4.08224036953529,12452.9878755915
"ISEA aperture 4, res 6","33193",4.09471962790804,12452.9731293375
"ISEA aperture 4, res 6","7011",4.04129631033724,12452.4196444728
"ISEA aperture 4, res 6","21150",4.61250069824063,12452.5549859036
"ISEA aperture 4, res 6","16164",4.08593111222791,12452.972760206
"ISEA aperture 4, res 6","22140",4.09471962953369,12452.9731293844
"ISEA aperture 4, res 6","14745",4.55217304502807,12452.696218925
"ISEA aperture 4, res 6","35128",4.61250069893769,12452.5549857662
"ISEA aperture 4, res 6","38951",4.94006444412107,12452.9725654185
"ISEA aperture 4, res 6","33516",4.61850720222827,12452.9751448113
"ISEA aperture 4, res 6","39535",4.00076709358795,12452.976820249
"ISEA aperture 4, res 6","20099",4.50237366841231,12452.9964724395
"ISEA aperture 4, res 6","14100",4.61250069492479,12452.5549859025
"ISEA aperture 4, res 6","7739",5.06459689690818,12452.9937857582
"ISEA aperture 4, res 6","14874",4.50103145139661,12451.0967430803
"ISEA aperture 4, res 6","9239",5.03595507216107,12452.9813123719
"ISEA aperture 4, res 6","9694",4.95972776780471,12452.974019523
"ISEA aperture 4, res 6","35773",4.57695135357839,12450.9002264596
"ISEA aperture 4, res 6","22075",4.60937282876036,12452.9735736238
"ISEA aperture 4, res 6","12875",5.07000388878465,12458.904952757
"ISEA aperture 4, res 6","10214",4.93787809334871,12452.972414915
"ISEA aperture 4, res 6","6221",4.61850719925566,12452.9751448114
"ISEA aperture 4, res 6","34290",5.00991358942354,12452.6759352939
"ISEA aperture 4, res 6","5826",5.07855237560703,12452.0072326998
"ISEA aperture 4, res 6","3975",5.0856522172947,12450.6770811594
"ISEA aperture 4, res 6","34935",5.17870891928433,12452.6103234855
"ISEA aperture 4, res 6","8719",5.18727538891726,12454.5668628338
"ISEA aperture 4, res 6","33774",4.60369643853006,12452.7170838728
"ISEA aperture 4, res 6","7144",4.60967805977179,12452.5793742766
"ISEA aperture 4, res 6","9434",4.99680019938838,12452.9772439455
"ISEA aperture 4, res 6","8459",5.12101266789402,12454.9803877226
"ISEA aperture 4, res 6","38496",4.94771440113368,12452.9731096509
"ISEA aperture 4, res 6","6156",5.12754903057819,12452.9751518949
"ISEA aperture 4, res 6","13198",5.67977937048362,12452.9847640067
"ISEA aperture 4, res 6","10085",5.92011001449859,12452.9723964993
"ISEA aperture 4, res 6","7673",5.07000389013833,12458.9049428627
"ISEA aperture 4, res 6","20954",5.7430287878633,12452.9814717567
"ISEA aperture 4, res 6","33904",5.52409474791425,12453.0221831517
"ISEA aperture 4, res 6","15520",5.11672736623089,12451.6381003948
"ISEA aperture 4, res 6","34355",5.6022576047001,12451.1914456888
"ISEA aperture 4, res 6","10864",5.00877488432991,12452.9784172404
"ISEA aperture 4, res 6","33194",5.11559397161518,12452.9735613049
"ISEA aperture 4, res 6","34097",5.31852250071276,12452.0556478656
"ISEA aperture 4, res 6","7410",5.69665816573452,12452.9842856276
"ISEA aperture 4, res 6","9044",5.08475750724114,12452.9872965633
"ISEA aperture 4, res 6","12488",5.14421057911391,12454.6412643879
"ISEA aperture 4, res 6","15649",5.12679654134137,12452.6186045301
"ISEA aperture 4, res 6","37067",5.88641705784836,12450.4492606146
"ISEA aperture 4, res 6","22144",6.10928920208356,12452.9728968128
"ISEA aperture 4, res 6","33066",6.12342551035051,12452.9734414206
"ISEA aperture 4, res 6","21086",5.75013470922919,12452.9794392213
"ISEA aperture 4, res 6","10020",5.92082330492067,12452.9724409721
"ISEA aperture 4, res 6","6355",5.52409474514141,12453.0221831513
"ISEA aperture 4, res 6","14230",5.74796160566753,12450.8048568706
"ISEA aperture 4, res 6","11840",5.7450060561824,12452.9994242135
"ISEA aperture 4, res 6","15004",5.4996178052267,12452.3384554491
"ISEA aperture 4, res 6","33969",6.11076753042569,12453.0221852593
"ISEA aperture 4, res 6","39407",5.99126780726039,12452.9776992852
"ISEA aperture 4, res 6","9890",5.92652837904776,12452.9728031664
"ISEA aperture 4, res 6","34162",5.96832632341049,12451.1165189772
"ISEA aperture 4, res 6","7014",5.75013470667583,12452.9794391008
"ISEA aperture 4, res 6","10930",6.04016676789458,12452.9823210264
"ISEA aperture 4, res 6","14682",6.24194530388031,12452.9713791823
"ISEA aperture 4, res 6","12682",5.64019928188191,12452.9994242138
"ISEA aperture 4, res 6","37392",6.23136461056391,12452.8805836602
"ISEA aperture 4, res 6","12489",6.03616807241498,12452.5934282982
"ISEA aperture 4, res 6","9500",5.97777444562829,12452.9765615954
"ISEA aperture 4, res 6","9955",5.92296296793589,12452.9725754682
"ISEA aperture 4, res 6","21351",6.24194530711543,12452.971379182
"ISEA aperture 4, res 6","33002",6.62483012406883,12452.9733452499
"ISEA aperture 4, res 6","14166",6.31592899184479,12452.9777127322
"ISEA aperture 4, res 6","38498",6.91358905453049,12452.9731132034
"ISEA aperture 4, res 6","6027",6.65196085839495,12452.9762778678
"ISEA aperture 4, res 6","7808",6.13446111469007,12450.6770811594
"ISEA aperture 4, res 6","20424",6.24736255918374,12452.9964722378
"ISEA aperture 4, res 6","34678",6.27597680428928,12452.973478122
"ISEA aperture 4, res 6","21815",6.64899043996604,12452.6103235949
"ISEA aperture 4, res 6","36033",6.80544557035946,12452.9819555054
"ISEA aperture 4, res 6","10281",6.91358900741933,12452.9731132467
"ISEA aperture 4, res 6","9501",6.96795676446043,12452.9769095806
"ISEA aperture 4, res 6","6884",6.87809336962351,12452.976277868
"ISEA aperture 4, res 6","7015",6.31679929502874,12452.9787677124
"ISEA aperture 4, res 6","8980",6.12482361162949,12450.3258643598
"ISEA aperture 4, res 6","33711",6.11891123641018,12453.1320021895
"ISEA aperture 4, res 6","8266",6.51776368736723,12452.9937857587
"ISEA aperture 4, res 6","11841",6.51776368948505,12452.9937855631
"ISEA aperture 4, res 6","13134",6.23310016165583,12452.9834777068
"ISEA aperture 4, res 6","11711",6.79835585010106,12450.6091521838
"ISEA aperture 4, res 6","6291",6.45911019482805,12452.8160687245
"ISEA aperture 4, res 6","20758",6.85684012308924,12452.9804293319
"ISEA aperture 4, res 6","34034",6.83659299594134,12453.0151530465
"ISEA aperture 4, res 6","38043",7.00228162918978,12452.9797126871
"ISEA aperture 4, res 6","15135",7.50941413449923,12452.7170838729
"ISEA aperture 4, res 6","35582",7.42810067730858,12452.979063845
"ISEA aperture 4, res 6","8786",7.24379982847656,12452.8800366916
"ISEA aperture 4, res 6","15909",7.15793073003613,12452.9760468098
"ISEA aperture 4, res 6","39603",7.06708968722241,12452.9858278759
"ISEA aperture 4, res 6","39863",7.17801343920648,12454.5522952354
"ISEA aperture 4, res 6","37718",7.11908178940785,12450.1086376562
"ISEA aperture 4, res 6","12426",7.04259047444007,12452.999424421
"ISEA aperture 4, res 6","19843",6.76076703272923,12452.9870254889
"ISEA aperture 4, res 6","37328",7.31634542523373,12452.5980293647
"ISEA aperture 4, res 6","11386",7.27923385030215,12452.8823248478
"ISEA aperture 4, res 6","16296",7.12441699628188,12452.9732299926
"ISEA aperture 4, res 6","5830",7.13985710142855,12452.9739077954
"ISEA aperture 4, res 6","22080",7.12441699923626,12452.9732299923
"ISEA aperture 4, res 6","9956",6.90450725692372,12452.9725580184
"ISEA aperture 4, res 6","20957",7.44761630720765,12452.9769096835
"ISEA aperture 4, res 6","7679",7.83608592768917,12450.4492604013
"ISEA aperture 4, res 6","40449",7.439344704197,12452.9913239398
"ISEA aperture 4, res 6","21684",7.10986239002184,12452.4984467528
"ISEA aperture 4, res 6","33777",7.55735642959551,12452.2044739704
"ISEA aperture 4, res 6","38499",7.89403134729872,12452.973050376
"ISEA aperture 4, res 6","33325",7.15793073156806,12452.9760467183
"ISEA aperture 4, res 6","9827",7.89403130675445,12452.973050376
"ISEA aperture 4, res 6","35389",8.00678146844589,12452.9772439453
"ISEA aperture 4, res 6","37784",8.10521951593785,12449.8816126264
"ISEA aperture 4, res 6","12427",7.95512829143411,12452.9963871683
"ISEA aperture 4, res 6","10411",6.92992139456083,12452.9741691793
"ISEA aperture 4, res 6","16232",7.6399214826411,12452.9737769725
"ISEA aperture 4, res 6","34228",7.68397821870156,12452.5816458332
"ISEA aperture 4, res 6","14361",7.98948754129377,12452.9741697688
"ISEA aperture 4, res 6","7083",7.43853181786803,12452.9784171191
"ISEA aperture 4, res 6","16038",7.15138907185271,12452.9747818721
"ISEA aperture 4, res 6","7084",7.99806298497022,12452.9778656338
"ISEA aperture 4, res 6","9567",7.93948503666728,12452.9760467189
"ISEA aperture 4, res 6","9957",7.88492203030328,12452.9725067289
"ISEA aperture 4, res 6","19650",7.35551868044495,12454.4829537665
"ISEA aperture 4, res 6","39929",8.28885775022177,12452.279312278
"ISEA aperture 4, res 6","21488",8.34701109795242,12453.3439725521
"ISEA aperture 4, res 6","15523",8.08795779633173,12453.5523967702
"ISEA aperture 4, res 6","15974",7.66250925637904,12452.9758206409
"ISEA aperture 4, res 6","21884",8.16558371255274,12452.9755946936
"ISEA aperture 4, res 6","32810",8.11768464560257,12452.3037724164
"ISEA aperture 4, res 6","20231",7.73246525617355,12454.9803874999
"ISEA aperture 4, res 6","7348",7.92775507829214,12454.2180906507
"ISEA aperture 4, res 6","7481",8.44014526999893,12452.9933556518
"ISEA aperture 4, res 6","12299",8.2209155301377,12458.9048823273
"ISEA aperture 4, res 6","19715",7.89745396278072,12452.9834777071
"ISEA aperture 4, res 6","33261",7.66250925780339,12452.9758205496
"ISEA aperture 4, res 6","10152",7.88833873517421,12452.9727084126
"ISEA aperture 4, res 6","19844",7.87995028488271,12452.9887568331
"ISEA aperture 4, res 6","39019",7.91223122999831,12452.97419386
"ISEA aperture 4, res 6","38564",7.88833876224593,12452.9727083863
"ISEA aperture 4, res 6","39864",8.24789380400792,12452.8793787778
"ISEA aperture 4, res 6","39279",7.97573735508086,12452.9787678287
"ISEA aperture 4, res 6","6492",8.97991563010859,12452.972039027
"ISEA aperture 4, res 6","5635",8.63435385517763,12452.9734681507
"ISEA aperture 4, res 6","21487",7.93868867937271,12452.408762253
"ISEA aperture 4, res 6","33713",8.08795779837129,12453.5523965914
"ISEA aperture 4, res 6","36940",8.36418473689511,12452.9890748652
"ISEA aperture 4, res 6","35196",8.574347293415,12452.9755946021
"ISEA aperture 4, res 6","5898",8.17010084536017,12452.9772870626
"ISEA aperture 4, res 6","37070",8.63415627573603,12452.9933556525
"ISEA aperture 4, res 6","33004",8.65325999826074,12452.9742913688
"ISEA aperture 4, res 6","6030",8.1429638219718,12452.3047326708
"ISEA aperture 4, res 6","7547",8.46515147638042,12450.2031950387
"ISEA aperture 4, res 6","3653",8.74370828666904,12452.9993993612
"ISEA aperture 4, res 6","15717",8.65571092034199,12452.4525136307
"ISEA aperture 4, res 6","13136",8.46694300428371,12452.9819555056
"ISEA aperture 4, res 6","39409",8.020915799654,12452.9825574659
"ISEA aperture 4, res 6","5833",8.67426916274305,12452.9769095799
"ISEA aperture 4, res 6","8333",8.50185904353722,12452.9910675765
"ISEA aperture 4, res 6","7612",7.9206772563138,12452.5720374362
"ISEA aperture 4, res 6","39734",8.17228500915624,12454.6837454816
"ISEA aperture 4, res 6","37200",8.88382083619461,12452.5777602749
"ISEA aperture 4, res 6","20297",8.74370835005109,12452.9993991555
"ISEA aperture 4, res 6","19716",9.00983491427177,12452.9847640057
"ISEA aperture 4, res 6","6295",9.24537240406052,12452.5340928522
"ISEA aperture 4, res 6","6032",9.05167991394502,12452.5499658695
"ISEA aperture 4, res 6","34423",9.4914815549898,12452.972337503
"ISEA aperture 4, res 6","3458",9.15058009523637,12450.7166274507
"ISEA aperture 4, res 6","39280",8.99109127705801,12452.9814898162
"ISEA aperture 4, res 6","10608",8.99109140393888,12452.9814898162
"ISEA aperture 4, res 6","3523",9.00872715711473,12452.9890748644
"ISEA aperture 4, res 6","38175",8.9434155536186,12452.977712626
"ISEA aperture 4, res 6","10218",8.88145033395722,12452.9734483968
"ISEA aperture 4, res 6","20564",9.09313832380037,12452.9772865189
"ISEA aperture 4, res 6","37525",9.28988714353882,12451.5799909077
"ISEA aperture 4, res 6","3718",8.62864521297302,12452.5720374363
"ISEA aperture 4, res 6","10088",8.86732502446329,12452.9725812123
"ISEA aperture 4, res 6","33456",9.16633749889309,12452.5549857668
"ISEA aperture 4, res 6","15524",9.05167991474127,12452.5499660675
"ISEA aperture 4, res 6","35841",8.52191888680917,12452.9782619359
"ISEA aperture 4, res 6","10153",8.87297703827744,12452.972923455
"ISEA aperture 4, res 6","14814",9.49148155124788,12452.9723374763
"ISEA aperture 4, res 6","21358",9.69918153917389,12452.3998199282
"ISEA aperture 4, res 6","38826",9.85930841960109,12452.973265847
"ISEA aperture 4, res 6","38370",8.8927393171056,12452.9741697037
"ISEA aperture 4, res 6","7218",9.07180912207204,12453.7277776293
"ISEA aperture 4, res 6","7416",8.99848894676587,12452.9907346964
"ISEA aperture 4, res 6","9504",9.92877453236857,12452.9782186529
"ISEA aperture 4, res 6","6230",9.6991815363813,12452.3998200437
"ISEA aperture 4, res 6","35261",9.13665742658694,12452.9753662037
"ISEA aperture 4, res 6","20763",9.69721470067432,12452.9751339764
"ISEA aperture 4, res 6","16234",9.6646185604359,12452.9748969935
"ISEA aperture 4, res 6","7482",9.01283983608181,12450.3834824209
"ISEA aperture 4, res 6","5901",9.64806280600337,12453.8784800359
"ISEA aperture 4, res 6","34552",9.56453212615878,12452.9722620014
"ISEA aperture 4, res 6","34681",9.61656195080836,12452.9725811918
"ISEA aperture 4, res 6","13008",9.55882234429135,12452.9883596008
"ISEA aperture 4, res 6","3524",9.79277394831293,12452.9910675748
"ISEA aperture 4, res 6","12365",9.93612846131186,12452.9870254878
"ISEA aperture 4, res 6","15266",9.45513127733757,12452.4984465919
"ISEA aperture 4, res 6","38046",9.9840576967934,12452.9827349898
"ISEA aperture 4, res 6","33972",9.455131280885,12452.4984467529
"ISEA aperture 4, res 6","38501",9.85059666354202,12452.9727029964
"ISEA aperture 4, res 6","37071",9.55762568842373,12452.9907346954
"ISEA aperture 4, res 6","19588",10.1440369226548,12452.9815200531
"ISEA aperture 4, res 6","14750",10.0819975592524,12452.972371473
"ISEA aperture 4, res 6","15912",10.1816471579404,12450.9266936513
"ISEA aperture 4, res 6","8399",9.55762536963474,12452.990734695
"ISEA aperture 4, res 6","13976",10.2590208299985,12452.9744688526
"ISEA aperture 4, res 6","6560",10.1920991412203,12452.9727083863
"ISEA aperture 4, res 6","11520",10.3568050031477,12452.9866600147
"ISEA aperture 4, res 6","38696",9.84536646380538,12452.9723714891
"ISEA aperture 4, res 6","21160",10.081997562459,12452.9723714727
"ISEA aperture 4, res 6","39801",10.2350094562763,12451.579982163
"ISEA aperture 4, res 6","39606",10.2297236662997,12451.547152023
"ISEA aperture 4, res 6","34230",9.87056562157048,12452.7018342584
"ISEA aperture 4, res 6","20697",9.69096369134485,12452.9756027507
"ISEA aperture 4, res 6","3589",9.65620453408102,12452.9962385222
"ISEA aperture 4, res 6","7551",9.65620456741515,12452.9962383236
"ISEA aperture 4, res 6","34939",9.67693486596427,12452.9735735673
"ISEA aperture 4, res 6","21493",10.5443864010694,12453.3097862207
"ISEA aperture 4, res 6","11390",10.606353944183,12452.9903166846
"ISEA aperture 4, res 6","12430",10.7175421567773,12452.9887568328
"ISEA aperture 4, res 6","11455",10.4845358263416,12452.9883596011
"ISEA aperture 4, res 6","7352",10.1169436921947,12452.993025015
"ISEA aperture 4, res 6","5639",10.6853554958449,12452.9772439462
"ISEA aperture 4, res 6","9309",10.0167613149547,12449.7873187522
"ISEA aperture 4, res 6","3853",10.672883145715,12452.9903166872
"ISEA aperture 4, res 6","10284",9.88714351666312,12452.9751519736
"ISEA aperture 4, res 6","9244",10.0528039266592,12452.4204114937
"ISEA aperture 4, res 6","37137",10.6063542439366,12452.9903168653
"ISEA aperture 4, res 6","35198",10.8180313675851,12452.9739077947
"ISEA aperture 4, res 6","21360",10.5603554014985,12453.433605768
"ISEA aperture 4, res 6","35520",10.2469441292693,12452.9752957967
"ISEA aperture 4, res 6","3590",10.4381174346813,12450.383482422
"ISEA aperture 4, res 6","13138",10.6845159811741,12452.9842856282
"ISEA aperture 4, res 6","10739",10.0921552506414,12454.3771637523
"ISEA aperture 4, res 6","33135",10.6853554987763,12452.9772439453
"ISEA aperture 4, res 6","9700",10.8485555627649,12452.9738703717
"ISEA aperture 4, res 6","4051",10.7474222206552,12452.9772863968
"ISEA aperture 4, res 6","3461",11.4950784119176,12452.9907346959
"ISEA aperture 4, res 6","15138",10.7946855921019,12452.5244379638
"ISEA aperture 4, res 6","6759",10.8180313643307,12452.973907795
"ISEA aperture 4, res 6","35134",11.3739391284727,12452.9734414205
"ISEA aperture 4, res 6","20897",10.7931076888272,12452.9731293842
"ISEA aperture 4, res 6","14686",10.6686990359827,12452.9724124103
"ISEA aperture 4, res 6","9310",11.0143525700318,12452.363873017
"ISEA aperture 4, res 6","6693",10.8099681948092,12452.9735150014
"ISEA aperture 4, res 6","37592",11.3264408040472,12453.4435556291
"ISEA aperture 4, res 6","6957",10.8007309752249,12452.974991463
"ISEA aperture 4, res 6","6101",11.2364550583148,12452.4196446016
"ISEA aperture 4, res 6","16364",10.6542735955235,12452.9744082845
"ISEA aperture 4, res 6","16042",11.1890968231231,12452.9790253395
"ISEA aperture 4, res 6","34876",11.3374355166449,12452.9728031653
"ISEA aperture 4, res 6","39217",11.0143524427548,12452.3638731714
"ISEA aperture 4, res 6","12559",11.3510140653534,12452.996018101
"ISEA aperture 4, res 6","3854",11.2310852956177,12452.9878754195
"ISEA aperture 4, res 6","3788",11.235989694789,12452.9957183558
"ISEA aperture 4, res 6","33845",11.3561412014102,12453.0957802937
"ISEA aperture 4, res 6","7289",11.8148505121091,12452.5033883271
"ISEA aperture 4, res 6","6893",11.9193822337783,12452.7327644396
"ISEA aperture 4, res 6","14235",11.3606706242066,12452.9731097006
"ISEA aperture 4, res 6","37268",11.7553752428844,12450.3258645439
"ISEA aperture 4, res 6","37983",12.0122544828704,12454.2970288368
"ISEA aperture 4, res 6","6958",11.3521914260754,12452.9043443386
"ISEA aperture 4, res 6","16171",11.1839638106937,12452.9768202487
"ISEA aperture 4, res 6","19202",11.352191550828,12452.9059521377
"ISEA aperture 4, res 6","9766",11.810796055934,12452.9723803943
"ISEA aperture 4, res 6","14106",11.3739391242227,12452.9734414817
"ISEA aperture 4, res 6","21031",11.7721868759981,12452.9725067289
"ISEA aperture 4, res 6","6233",11.5805737819887,12452.9740751679
"ISEA aperture 4, res 6","6695",11.9360762435546,12452.9733452491
"ISEA aperture 4, res 6","7156",11.2493909454046,12452.9825563918
"ISEA aperture 4, res 6","13590",11.3521914247968,12452.9043443721
"ISEA aperture 4, res 6","20700",11.3787347831488,12452.9737769726
"ISEA aperture 4, res 6","11391",11.4146753866092,12452.986215086
"ISEA aperture 4, res 6","14429",11.8768861288189,12452.972575492
"ISEA aperture 4, res 6","39218",12.0613625908962,12452.1703917647
"ISEA aperture 4, res 6","38243",11.8661334672023,12452.9771330732
"ISEA aperture 4, res 6","36879",11.9553813309732,12454.4813056111
"ISEA aperture 4, res 6","33846",12.4748988961832,12452.6148866561
"ISEA aperture 4, res 6","13655",11.9193822325073,12452.7327644708
"ISEA aperture 4, res 6","6827",11.9316800851059,12452.9739027351
"ISEA aperture 4, res 6","7290",12.4155161248205,12452.8823248479
"ISEA aperture 4, res 6","38763",11.8239987843011,12452.9734781795
"ISEA aperture 4, res 6","35328",11.9374965618032,12452.9736296167
"ISEA aperture 4, res 6","34748",12.4110960696452,12452.9724409717
"ISEA aperture 4, res 6","9506",11.8950005583428,12452.9797689707
"ISEA aperture 4, res 6","14236",12.4752114703526,12452.9727602057
"ISEA aperture 4, res 6","3855",11.7912947352376,12452.9856832426
"ISEA aperture 4, res 6","34296",11.58057378518,12452.9740751684
"ISEA aperture 4, res 6","21430",12.0358078231629,12453.2868807071
"ISEA aperture 4, res 6","38373",11.8239988663582,12452.9734781222
"ISEA aperture 4, res 6","15720",11.6068146666601,12452.1710929834
"ISEA aperture 4, res 6","38828",11.8424540227943,12452.9750507807
"ISEA aperture 4, res 6","6365",11.7721868734986,12452.9725067421
"ISEA aperture 4, res 6","39283",12.1153694356416,12451.3849556789
"ISEA aperture 4, res 6","5643",12.6463547005167,12453.9532573803
"ISEA aperture 4, res 6","8597",12.6815325393758,12452.9891951934
"ISEA aperture 4, res 6","15914",12.1729841031572,12452.6049103163
"ISEA aperture 4, res 6","38569",12.7783069585127,12452.970706706
"ISEA aperture 4, res 6","38699",12.7979280600481,12452.9727353711
"ISEA aperture 4, res 6","38309",12.8175079665835,12452.9747975489
"ISEA aperture 4, res 6","37139",12.4654417479446,12452.9856834064
"ISEA aperture 4, res 6","12946",12.3564572436556,12449.8789023853
"ISEA aperture 4, res 6","6366",12.3574506497099,12452.9724497107
"ISEA aperture 4, res 6","3856",12.3532496465006,12452.9837227199
"ISEA aperture 4, res 6","9377",12.9598503748213,12454.1474507652
"ISEA aperture 4, res 6","37269",12.6815328056748,12452.9891951934
"ISEA aperture 4, res 6","19719",12.3408334134075,12452.9898060874
"ISEA aperture 4, res 6","11132",12.6815325409529,12452.9891950199
"ISEA aperture 4, res 6","37399",12.8734292495603,12452.4726427565
"ISEA aperture 4, res 6","19074",12.4849564519907,12452.5771132569
"ISEA aperture 4, res 6","20967",12.875407445118,12452.9725580186
"ISEA aperture 4, res 6","9962",12.7848519437292,12452.9713791824
"ISEA aperture 4, res 6","14946",12.677359248106,12452.9741697039
"ISEA aperture 4, res 6","21167",13.4348637676254,12452.6157819998
"ISEA aperture 4, res 6","16366",12.666879552109,12452.9756601919
"ISEA aperture 4, res 6","21366",12.9799467995477,12452.84639213
"ISEA aperture 4, res 6","37010",13.161074897592,12452.9815200541
"ISEA aperture 4, res 6","37529",13.0440244688139,12454.8709080494
"ISEA aperture 4, res 6","5578",13.1599369485785,12452.562632723
"ISEA aperture 4, res 6","21432",13.100254798649,12451.7620817128
"ISEA aperture 4, res 6","4055",13.0209258681726,12452.9744081926
"ISEA aperture 4, res 6","37594",13.1230302753705,12452.0241489794
"ISEA aperture 4, res 6","9052",13.2755408949766,12452.8045517001
"ISEA aperture 4, res 6","13463",13.5165064590246,12452.977355655
"ISEA aperture 4, res 6","33975",12.7670055806214,12452.4525136298
"ISEA aperture 4, res 6","21695",12.6845815180345,12452.9773557718
"ISEA aperture 4, res 6","36880",12.8950729374724,12454.2175834851
"ISEA aperture 4, res 6","5314",13.1564713696427,12453.0898070984
"ISEA aperture 4, res 6","7361",12.7369202545945,12452.9819555051
"ISEA aperture 4, res 6","34491",13.3864114301913,12452.9727774085
"ISEA aperture 4, res 6","8532",12.5766258611068,12452.9872967332
"ISEA aperture 4, res 6","10092",12.8175079184941,12452.9747976234
"ISEA aperture 4, res 6","34169",13.6267125751357,12451.3525414693
"ISEA aperture 4, res 6","15334",13.1853492692966,12453.3833570886
"ISEA aperture 4, res 6","15140",12.9880382180972,12452.6719080558
"ISEA aperture 4, res 6","11263",13.2837624742628,12452.9825562395
"ISEA aperture 4, res 6","33396",13.6228511423315,12452.8646112251
"ISEA aperture 4, res 6","8533",13.5088045235594,12452.9850579269
"ISEA aperture 4, res 6","39545",13.8809427426103,12452.4146492447
"ISEA aperture 4, res 6","19397",12.94910609089,12452.9784254391
"ISEA aperture 4, res 6","33009",13.6858017084182,12452.978425312
"ISEA aperture 4, res 6","14818",13.890089702423,12452.9731132033
"ISEA aperture 4, res 6","20043",13.6726303704174,12452.8800366918
"ISEA aperture 4, res 6","6368",13.5192083442184,12452.9723404945
"ISEA aperture 4, res 6","7226",13.5600715548938,12452.6183989868
"ISEA aperture 4, res 6","37595",14.0323205550701,12454.3184768739
"ISEA aperture 4, res 6","3464",13.808394264055,12449.8789025865
"ISEA aperture 4, res 6","10677",13.2755408958515,12452.8045515968
"ISEA aperture 4, res 6","33911",13.1853492729849,12453.3833572431
"ISEA aperture 4, res 6","39935",13.2837621706624,12452.9825562395
"ISEA aperture 4, res 6","20770",13.5603637746582,12452.9723727072
"ISEA aperture 4, res 6","5514",14.1404991239046,12453.9341864581
"ISEA aperture 4, res 6","33461",14.062611686351,12452.6693140314
"ISEA aperture 4, res 6","8858",13.9591237943595,12452.2708041254
"ISEA aperture 4, res 6","19656",14.0028275423436,12452.9891951941
"ISEA aperture 4, res 6","20904",14.4883861043272,12452.9728031657
"ISEA aperture 4, res 6","37725",14.1680828715667,12453.4786035508
"ISEA aperture 4, res 6","7162",14.4462390980881,12452.8820587329
"ISEA aperture 4, res 6","3138",13.8368790968719,12453.9669206471
"ISEA aperture 4, res 6","3859",14.0468780332395,12452.9790638459
"ISEA aperture 4, res 6","6897",14.0468781411093,12452.9790639744
"ISEA aperture 4, res 6","3925",14.0838762317492,12452.9764186287
"ISEA aperture 4, res 6","39155",14.153234751485,12452.5280978468
"ISEA aperture 4, res 6","9118",14.2346930343644,12452.8069539025
"ISEA aperture 4, res 6","37920",14.0788533759843,12453.3229929131
"ISEA aperture 4, res 6","37985",14.0117413548107,12453.0546798526
"ISEA aperture 4, res 6","14754",14.4883861011191,12452.9728031661
"ISEA aperture 4, res 6","33203",14.1768251565167,12452.6812586556
"ISEA aperture 4, res 6","21102",14.0862140460753,12452.7175119276
"ISEA aperture 4, res 6","7230",14.1198258709208,12452.9878754199
"ISEA aperture 4, res 6","34556",13.9786984485346,12452.9725754915
"ISEA aperture 4, res 6","3334",14.1198258401758,12452.9878755924
"ISEA aperture 4, res 6","7233",14.6179078553143,12452.9793584682
"ISEA aperture 4, res 6","11264",14.1008682766269,12452.9801465709
"ISEA aperture 4, res 6","15981",14.6538292698883,12452.59543826
"ISEA aperture 4, res 6","19076",14.6857612699971,12452.9741023222
"ISEA aperture 4, res 6","9183",14.1532348849622,12452.5280981982
"ISEA aperture 4, res 6","19527",14.0166296157599,12452.9830696675
"ISEA aperture 4, res 6","19205",14.6509428488191,12452.9756027523
"ISEA aperture 4, res 6","21501",14.6805248947057,12451.2410418562
"ISEA aperture 4, res 6","15012",14.2546347260472,12452.9750227294
"ISEA aperture 4, res 6","33977",14.9730585220773,12452.6286400324
"ISEA aperture 4, res 6","39611",14.638097476912,12452.9858277172
"ISEA aperture 4, res 6","18947",14.712276509701,12452.9730981866
"ISEA aperture 4, res 6","5448",14.1768251536339,12452.681258656
"ISEA aperture 4, res 6","35201",14.1668755020181,12452.9725297143
"ISEA aperture 4, res 6","37336",14.6380979636208,12452.9858278755
"ISEA aperture 4, res 6","38246",14.7934139228409,12452.2179916942
"ISEA aperture 4, res 6","16239",14.683947976271,12452.9796400335
"ISEA aperture 4, res 6","5252",15.1779882595993,12452.978922649
"ISEA aperture 4, res 6","5318",15.1811810147932,12452.981976863
"ISEA aperture 4, res 6","15142",15.1855788209021,12451.3704364681
"ISEA aperture 4, res 6","3466",15.3412701826911,12452.8793787768
"ISEA aperture 4, res 6","38701",14.7934138261299,12452.2179917919
"ISEA aperture 4, res 6","19399",15.1428296160601,12452.9797676982
"ISEA aperture 4, res 6","6634",14.7122763690722,12452.9730981869
"ISEA aperture 4, res 6","33333",15.1142532159233,12452.8682982215
"ISEA aperture 4, res 6","34557",15.0823444939272,12452.9725654175
"ISEA aperture 4, res 6","5778",14.7030955630019,12453.9381772812
"ISEA aperture 4, res 6","14045",15.2804049106739,12452.0073040361
"ISEA aperture 4, res 6","14948",14.8740255560446,12452.9741691123
"ISEA aperture 4, res 6","39026",15.0948906752166,12452.3032693168
"ISEA aperture 4, res 6","12370",14.6179078532453,12452.9793586077
"ISEA aperture 4, res 6","20772",14.6269281222638,12452.9722471043
"ISEA aperture 4, res 6","5909",14.5351088148466,12452.6747373715
"ISEA aperture 4, res 6","6107",14.9910804158727,12452.9731293836
"ISEA aperture 4, res 6","8989",15.0110984532008,12452.0080106312
"ISEA aperture 4, res 6","5251",14.6708455070449,12452.9772863977
"ISEA aperture 4, res 6","3400",14.7235385039566,12450.1059716009
"ISEA aperture 4, res 6","20045",15.4850576940126,12452.4845828671
"ISEA aperture 4, res 6","13723",15.7830560654954,12452.9742913684
"ISEA aperture 4, res 6","3598",15.674034980997,12452.4253268888
"ISEA aperture 4, res 6","8600",15.48052852568,12452.9823210269
"ISEA aperture 4, res 6","37856",15.1829968181484,12453.4108989474
"ISEA aperture 4, res 6","38116",14.8851545394875,12452.7025123785
"ISEA aperture 4, res 6","16304",15.1779882616717,12452.9789227818
"ISEA aperture 4, res 6","6701",15.2174291606591,12452.9748969926
"ISEA aperture 4, res 6","5910",15.1855788215454,12451.370436572
"ISEA aperture 4, res 6","3730",15.6753133962692,12452.982320883
"ISEA aperture 4, res 6","15336",15.3997494447231,12452.5793742769
"ISEA aperture 4, res 6","16111",15.6690267053161,12452.6989199867
"ISEA aperture 4, res 6","10615",15.8693093002725,12452.2693730756
"ISEA aperture 4, res 6","34493",15.5910367332559,12452.9727953507
"ISEA aperture 4, res 6","5187",15.669183146836,12452.9782619344
"ISEA aperture 4, res 6","20774",15.6724621877008,12452.9723726864
"ISEA aperture 4, res 6","10160",15.9421916962401,12452.7254633508
"ISEA aperture 4, res 6","38377",15.7127068062835,12450.2012738104
"ISEA aperture 4, res 6","34300",15.974173849223,12452.9741084488
"ISEA aperture 4, res 6","21240",15.9580522082495,12453.3239809172
"ISEA aperture 4, res 6","18755",16.3843856249486,12452.972322046
"ISEA aperture 4, res 6","5715",16.5069273902617,12452.6451426505
"ISEA aperture 4, res 6","7104",16.3379512781184,12452.9789226491
"ISEA aperture 4, res 6","39157",15.980067154372,12452.5308405213
"ISEA aperture 4, res 6","8406",16.1059530785817,12452.9784254391
"ISEA aperture 4, res 6","6307",16.3530773440824,12452.9719635078
"ISEA aperture 4, res 6","39092",16.028149350315,12453.2324086478
"ISEA aperture 4, res 6","37467",15.7341762828977,12449.9717184271
"ISEA aperture 4, res 6","7100",15.6449073510043,12452.9920929093
"ISEA aperture 4, res 6","32947",16.1733948607425,12452.9801465702
"ISEA aperture 4, res 6","19206",15.7462336159227,12452.9759138793
"ISEA aperture 4, res 6","6373",16.3790267739539,12451.8849192031
"ISEA aperture 4, res 6","20510",15.8313522593471,12451.9361840555
"ISEA aperture 4, res 6","8536",16.3221518988748,12452.9797676983
"ISEA aperture 4, res 6","15143",16.2862626474061,12452.9769095809
"ISEA aperture 4, res 6","21172",15.4853381887112,12452.237259848
"ISEA aperture 4, res 6","12628",15.8143375594815,12452.9872967333
"ISEA aperture 4, res 6","19916",16.1083747705602,12451.5799843155
"ISEA aperture 4, res 6","33270",16.6032100573495,12452.8709920592
"ISEA aperture 4, res 6","3207",16.7492938957441,12452.9850579272
"ISEA aperture 4, res 6","15531",16.6095219011209,12452.3894329013
"ISEA aperture 4, res 6","20908",16.4539379723098,12452.9747817919
"ISEA aperture 4, res 6","15272",16.076891593745,12452.6831808408
"ISEA aperture 4, res 6","13014",16.2608686638166,12452.878546227
"ISEA aperture 4, res 6","39418",16.5913039301505,12452.9825573251
"ISEA aperture 4, res 6","38573",16.7367955064424,12451.9604289296
"ISEA aperture 4, res 6","10616",16.7344750500389,12449.7873187541
"ISEA aperture 4, res 6","12500",16.1640139540337,12452.9810125037
"ISEA aperture 4, res 6","13530",16.2734095795436,12452.9772439451
"ISEA aperture 4, res 6","7035",16.4021320445861,12449.8563610882
"ISEA aperture 4, res 6","5321",16.6032100545253,12452.8709920599
"ISEA aperture 4, res 6","33592",16.214774566026,12453.1964675593
"ISEA aperture 4, res 6","18820",16.9311452873358,12452.972624535
"ISEA aperture 4, res 6","18949",16.9105996477977,12452.9733453125
"ISEA aperture 4, res 6","38898",17.0096838474129,12452.6869420507
"ISEA aperture 4, res 6","5122",16.1574353182844,12453.7277063452
"ISEA aperture 4, res 6","10226",17.0096839505975,12452.6869420507
"ISEA aperture 4, res 6","9186",16.9757743975052,12453.6307722353
"ISEA aperture 4, res 6","3338",17.1566157695957,12452.4253270842
"ISEA aperture 4, res 6","6506",16.9105995088124,12452.9733453127
"ISEA aperture 4, res 6","5190",17.1573025928797,12452.7157169369
"ISEA aperture 4, res 6","6507",17.4433947544618,12452.9739078672
"ISEA aperture 4, res 6","8796",16.6664679114849,12452.9838995864
"ISEA aperture 4, res 6","15402",16.9261851525276,12452.6049101642
"ISEA aperture 4, res 6","33206",17.1200174365137,12453.8245639347
"ISEA aperture 4, res 6","38248",16.7367955762185,12451.9604288283
"ISEA aperture 4, res 6","39288",16.7344748577539,12449.7873187543
"ISEA aperture 4, res 6","37598",16.7954545333486,12452.3638731734
"ISEA aperture 4, res 6","37923",17.009684053411,12452.6869422599
"ISEA aperture 4, res 6","10681",16.6664679127331,12452.9838994414
"ISEA aperture 4, res 6","5584",16.6095219016509,12452.3894330821
"ISEA aperture 4, res 6","14498",16.8424578365429,12452.9720613482
"ISEA aperture 4, res 6","12950",16.878611055834,12455.2606574787
"ISEA aperture 4, res 6","6770",16.7704550905451,12452.9835014449
"ISEA aperture 4, res 6","3273",17.3260274252398,12452.9914799305
"ISEA aperture 4, res 6","6970",17.1566158213781,12452.4253268888
"ISEA aperture 4, res 6","8602",17.360079944131,12452.9790253392
"ISEA aperture 4, res 6","16113",17.6317941134483,12452.6523031409
"ISEA aperture 4, res 6","2947",17.4565131122132,12452.9764222902
"ISEA aperture 4, res 6","21177",17.4461219587758,12453.2794227853
"ISEA aperture 4, res 6","5454",17.3551790116059,12452.6970900814
"ISEA aperture 4, res 6","18885",17.4719447440422,12452.9729891612
"ISEA aperture 4, res 6","21308",17.1200174381806,12453.8245641155
"ISEA aperture 4, res 6","37988",17.0451869988225,12452.9815951794
"ISEA aperture 4, res 6","18756",17.4869755656289,12452.9724083663
"ISEA aperture 4, res 6","10292",17.857177732229,12453.8151430867
"ISEA aperture 4, res 6","6375",17.4869754108546,12452.9724083675
"ISEA aperture 4, res 6","13531",17.3653461316463,12452.977699171
"ISEA aperture 4, res 6","10422",17.7765237873486,12452.3047326698
"ISEA aperture 4, res 6","6639",17.365346130725,12452.9776992851
"ISEA aperture 4, res 6","19788",17.3903684225418,12451.4319653794
"ISEA aperture 4, res 6","8927",17.7256012862397,12452.4525136309
"ISEA aperture 4, res 6","9577",17.706169295094,12452.2860286458
"ISEA aperture 4, res 6","37469",17.6017644278118,12452.9814898171
"ISEA aperture 4, res 6","37275",18.3028013353688,12452.9776992848
"ISEA aperture 4, res 6","5191",17.6317941116744,12452.6523029649
"ISEA aperture 4, res 6","14370",17.9999999971804,12454.0726573219
"ISEA aperture 4, res 6","38444",17.6688842003735,12449.0074275374
"ISEA aperture 4, res 6","6442",18.0072156271899,12452.9734414819
"ISEA aperture 4, res 6","6974",17.8733967547386,12452.980429193
"ISEA aperture 4, res 6","10487",17.72560128728,12452.4525134893
"ISEA aperture 4, res 6","10943",17.9969555212632,12452.9764186292
"ISEA aperture 4, res 6","6975",18.0558562569143,12452.9784253129
"ISEA aperture 4, res 6","16242",17.6578748567612,12451.4785049089
"ISEA aperture 4, res 6","5652",18.2875290612377,12452.7567206899
"ISEA aperture 4, res 6","9772",17.668884214381,12449.0074275373
"ISEA aperture 4, res 6","6178",17.9999999983578,12454.0726573218
"ISEA aperture 4, res 6","33013",17.6578748576528,12451.4785047486
"ISEA aperture 4, res 6","6112",17.9508069240086,12452.9719635206
"ISEA aperture 4, res 6","8343",17.8796296678531,12452.9760334274
"ISEA aperture 4, res 6","3470",17.9095705463143,12452.1919165448
"ISEA aperture 4, res 6","15856",18.3790794875066,12452.7886354165
"ISEA aperture 4, res 6","33401",18.3790794888627,12452.7886353137
"ISEA aperture 4, res 6","3405",18.528703258598,12454.0897766654
"ISEA aperture 4, res 6","20780",18.6592624353493,12452.9744687716
"ISEA aperture 4, res 6","15210",18.9477498469261,12452.977243945
"ISEA aperture 4, res 6","9383",18.8471464614259,12452.7777948625
"ISEA aperture 4, res 6","6773",18.4358345352426,12452.8722179562
"ISEA aperture 4, res 6","5259",18.3790794861527,12452.7886353132
"ISEA aperture 4, res 6","20515",18.5321689387796,12454.0634100899
"ISEA aperture 4, res 6","39681",18.7038555217952,12452.9749914646
"ISEA aperture 4, res 6","36951",18.703856133516,12452.9749915629
"ISEA aperture 4, res 6","39225",18.5394553155205,12452.9794391013
"ISEA aperture 4, res 6","14435",18.5321689355509,12454.0660763748
"ISEA aperture 4, res 6","20372",18.2341218658881,12452.9768768841
"ISEA aperture 4, res 6","11009",18.7038558285927,12452.9749914648
"ISEA aperture 4, res 6","10488",18.6029924627776,12452.9802761036
"ISEA aperture 4, res 6","33337",18.9333795743107,12453.6775345427
"ISEA aperture 4, res 6","6642",18.9587277682859,12452.9867058365
"ISEA aperture 4, res 6","10683",18.3893695137105,12452.9781997636
"ISEA aperture 4, res 6","34431",18.3004691914486,12452.9729891611
"ISEA aperture 4, res 6","6047",18.4740458609022,12452.9720414824
"ISEA aperture 4, res 6","37600",18.6588826361524,12450.0422026345
"ISEA aperture 4, res 6","20648",18.9050063478629,12452.9726244884
"ISEA aperture 4, res 6","32821",19.1370210813664,12454.4818029894
"ISEA aperture 4, res 6","14048",18.5883405365776,12452.9724790308
"ISEA aperture 4, res 6","9708",18.6359816791895,12451.546056911
"ISEA aperture 4, res 6","20914",19.1492791028655,12452.7076223923
"ISEA aperture 4, res 6","4995",18.6477258498648,12452.9819555061
"ISEA aperture 4, res 6","5391",19.243051892082,12453.8891857668
"ISEA aperture 4, res 6","6510",19.0207309553127,12452.9769096831
"ISEA aperture 4, res 6","39486",19.0531827791724,12452.9759137772
"ISEA aperture 4, res 6","39291",19.3321115363793,12452.9769095792
"ISEA aperture 4, res 6","19919",18.8235021886803,12454.8008606021
"ISEA aperture 4, res 6","21246",19.1159698465114,12452.6766055416
"ISEA aperture 4, res 6","6911",19.0060827490689,12452.9773556542
"ISEA aperture 4, res 6","9838",18.749172939379,12452.349083385
"ISEA aperture 4, res 6","34367",18.795291343616,12452.9733453127
"ISEA aperture 4, res 6","37990",18.8386975239234,12453.0539900626
"ISEA aperture 4, res 6","21311",18.6416771175295,12452.7314794952
"ISEA aperture 4, res 6","5982",18.9921968654515,12452.972160258
"ISEA aperture 4, res 6","37146",19.0531833070341,12452.9759138794
"ISEA aperture 4, res 6","37730",18.7478690575173,12452.2488052703
"ISEA aperture 4, res 6","8994",19.6404084774153,12449.982534824
"ISEA aperture 4, res 6","21313",19.6345738492819,12452.9834777061
"ISEA aperture 4, res 6","36952",19.6541622855744,12452.9744082846
"ISEA aperture 4, res 6","18306",19.0598581681885,12448.4783208884
"ISEA aperture 4, res 6","20915",19.5655460694477,12452.6812586554
"ISEA aperture 4, res 6","33788",19.5655460701358,12452.6812588098
"ISEA aperture 4, res 6","3935",19.6944114611965,12452.9722082564
"ISEA aperture 4, res 6","10554",19.4094282895056,12452.9772870632
"ISEA aperture 4, res 6","4997",19.6214020176768,12452.7151573629
"ISEA aperture 4, res 6","12953",19.5688063623558,12452.8722179563
"ISEA aperture 4, res 6","21181",19.5738834312034,12452.8746035684
"ISEA aperture 4, res 6","20848",19.394757531481,12451.6993528472
"ISEA aperture 4, res 6","5785",19.2833734923214,12452.9737769737
"ISEA aperture 4, res 6","5130",19.8673785192932,12453.2447220044
"ISEA aperture 4, res 6","20716",19.7644593431161,12452.9742913689
"ISEA aperture 4, res 6","20982",19.6232257408469,12452.8709920591
"ISEA aperture 4, res 6","9839",19.7486556992555,12452.3120692693
"ISEA aperture 4, res 6","15017",19.7644593398969,12452.9742913694
"ISEA aperture 4, res 6","8929",19.5943984379999,12452.9788649581
"ISEA aperture 4, res 6","15469",19.5655460662014,12452.6812586558
"ISEA aperture 4, res 6","39617",19.6541616822582,12452.9744081927
"ISEA aperture 4, res 6","6314",20.1959833831232,12452.973561363
"ISEA aperture 4, res 6","38901",19.6786101498218,12452.3998199288
"ISEA aperture 4, res 6","38511",19.7486556562579,12452.3120692693
"ISEA aperture 4, res 6","5786",19.9012680712705,12452.9732299931
"ISEA aperture 4, res 6","19597",20.0767987936649,12452.1770677615
"ISEA aperture 4, res 6","5589",20.0546241347376,12452.9768202491
"ISEA aperture 4, res 6","21051",20.4196601460485,12453.1823516731
"ISEA aperture 4, res 6","6050",20.2194889772296,12452.972061349
"ISEA aperture 4, res 6","19145",19.5869903636632,12452.9758206408
"ISEA aperture 4, res 6","32822",20.1248361252413,12454.7575787383
"ISEA aperture 4, res 6","18371",19.643487139771,12452.9719635082
"ISEA aperture 4, res 6","18565",20.2428499271283,12452.9721551938
"ISEA aperture 4, res 6","14372",20.2194889783028,12452.972061358
"ISEA aperture 4, res 6","33467",20.3500798696106,12452.3581105185
"ISEA aperture 4, res 6","16180",20.0882112387025,12453.654482603
"ISEA aperture 4, res 6","18694",20.2447611895051,12452.9723727081
"ISEA aperture 4, res 6","12440",20.1389034952093,12452.9752958955
"ISEA aperture 4, res 6","6512",20.0703637536338,12452.9814898163
"ISEA aperture 4, res 6","4002",20.2194887924648,12452.9720613588
"ISEA aperture 4, res 6","13727",20.1539524080852,12452.9749129509
"ISEA aperture 4, res 6","37537",20.4793392606453,12452.9765226844
"ISEA aperture 4, res 6","3147",20.677385503972,12449.6461751639
"ISEA aperture 4, res 6","20784",20.5035039229178,12452.9778656333
"ISEA aperture 4, res 6","33789",20.681491311854,12452.7210690273
"ISEA aperture 4, res 6","14114",20.2447610320634,12452.9723726867
"ISEA aperture 4, res 6","10295",20.53122089318,12452.9767970081
"ISEA aperture 4, res 6","19275",20.6314111917695,12452.9794392205
"ISEA aperture 4, res 6","5721",20.3897587196188,12452.9736296903
"ISEA aperture 4, res 6","19081",20.1539525324327,12452.9749130305
"ISEA aperture 4, res 6","9320",20.6754347922192,12450.8468257432
"ISEA aperture 4, res 6","8605",20.1921657684251,12452.9755946951
"ISEA aperture 4, res 6","38122",20.6600423410345,12453.1251010743
"ISEA aperture 4, res 6","34046",20.0546241379615,12452.9768202499
"ISEA aperture 4, res 6","18823",20.2279219526482,12452.9727953503
"ISEA aperture 4, res 6","13663",20.6750766773828,12452.9760467192
"ISEA aperture 4, res 6","3344",21.1900316503062,12452.5867869622
"ISEA aperture 4, res 6","6117",20.798155415345,12452.9722783389
"ISEA aperture 4, res 6","20375",21.0939824373898,12452.9746549891
"ISEA aperture 4, res 6","20987",21.3548356057001,12454.0634720703
"ISEA aperture 4, res 6","14760",21.1210246209459,12452.0911975022
"ISEA aperture 4, res 6","16374",20.6181742980076,12451.7174561741
"ISEA aperture 4, res 6","13276",20.6087057265403,12454.9577067871
"ISEA aperture 4, res 6","20986",21.0314467746879,12452.720640548
"ISEA aperture 4, res 6","2756",21.093982440899,12452.9746550769
"ISEA aperture 4, res 6","9840",20.671686382796,12452.6678963179
"ISEA aperture 4, res 6","5263",21.4919485677709,12452.6759738128
"ISEA aperture 4, res 6","18179",21.2167121639009,12452.9723220065
"ISEA aperture 4, res 6","19146",20.675076795578,12452.9760468103
"ISEA aperture 4, res 6","8736",21.2944494512646,12452.9750228095
"ISEA aperture 4, res 6","5131",20.6965015331982,12452.7296610688
"ISEA aperture 4, res 6","5590",20.7046473317579,12452.9756027519
"ISEA aperture 4, res 6","6713",20.6773855552323,12449.6461749948
"ISEA aperture 4, res 6","20652",20.8714954729509,12452.9741022384
"ISEA aperture 4, res 6","3213",21.2238442649692,12452.1770677617
"ISEA aperture 4, res 6","38058",21.5907062467185,12451.3659666048
"ISEA aperture 4, res 6","6785",21.2653344567604,12452.9739027364
"ISEA aperture 4, res 6","6118",21.3461273473939,12452.9724149151
"ISEA aperture 4, res 6","10231",21.4683959773087,12452.9751448109
"ISEA aperture 4, res 6","2691",21.2653344621398,12452.9739028179
"ISEA aperture 4, res 6","18502",21.8955751501268,12452.9722783294
"ISEA aperture 4, res 6","14180",21.9016066033171,12452.9723404945
"ISEA aperture 4, res 6","5788",21.1210246220638,12452.0911975198
"ISEA aperture 4, res 6","9646",21.5505587532174,12450.6173732359
"ISEA aperture 4, res 6","38578",21.5963334467121,12452.5086918971
"ISEA aperture 4, res 6","3542",21.1953265684833,12452.9777126249
"ISEA aperture 4, res 6","9581",21.4788802305281,12452.0245773831
"ISEA aperture 4, res 6","14696",21.731091036435,12452.9725297628
"ISEA aperture 4, res 6","9386",21.5907062002113,12451.3659666046
"ISEA aperture 4, res 6","20246",21.6832326984614,12452.9759137782
"ISEA aperture 4, res 6","18244",21.8119380796391,12452.9724083303
"ISEA aperture 4, res 6","4071",21.731090825947,12452.972529762
"ISEA aperture 4, res 6","19727",21.0600451876099,12454.0963091034
"ISEA aperture 4, res 6","6716",21.2872670589051,12452.9790252156
"ISEA aperture 4, res 6","16117",21.4933616565467,12452.8790810084
"ISEA aperture 4, res 6","38384",22.5022120983746,12452.7985603458
"ISEA aperture 4, res 6","12442",22.0505575108296,12452.9741023207
"ISEA aperture 4, res 6","20376",22.0505575051395,12452.9741022384
"ISEA aperture 4, res 6","20588",21.9804844512355,12452.9739027365
"ISEA aperture 4, res 6","20117",22.2437305258166,12452.977699171
"ISEA aperture 4, res 6","2692",22.0505575129965,12452.9741023224
"ISEA aperture 4, res 6","12313",21.4271462239471,12452.4322518795
"ISEA aperture 4, res 6","3609",21.8109653606467,12452.9741937939
"ISEA aperture 4, res 6","19987",21.8254388436799,12452.9825573248
"ISEA aperture 4, res 6","8542",21.9950998810347,12452.9740195934
"ISEA aperture 4, res 6","15600",21.4919485670581,12452.675973643
"ISEA aperture 4, res 6","20522",22.1185417744327,12452.3007635398
"ISEA aperture 4, res 6","32953",22.0743078752784,12452.7181207173
"ISEA aperture 4, res 6","5658",22.1185417722973,12452.3038437536
"ISEA aperture 4, res 6","10687",21.7925563686981,12452.9737769013
"ISEA aperture 4, res 6","18954",22.3796915406704,12452.9735415195
"ISEA aperture 4, res 6","8347",21.6789566449406,12452.9736296899
"ISEA aperture 4, res 6","14438",21.8663058438681,12452.9723155059
"ISEA aperture 4, res 6","6053",21.9016066023822,12452.9723404997
"ISEA aperture 4, res 6","37928",21.5963336000324,12452.5086919639
"ISEA aperture 4, res 6","4871",22.4440511982291,12452.0607416043
"ISEA aperture 4, res 6","3346",22.2445226779376,12452.8524248826
"ISEA aperture 4, res 6","37929",22.5182235644108,12452.7793422616
"ISEA aperture 4, res 6","2693",22.8301454294661,12452.9742914508
"ISEA aperture 4, res 6","5856",22.399216772706,12452.9724790311
"ISEA aperture 4, res 6","20656",22.7262024270516,12452.9768768849
"ISEA aperture 4, res 6","39425",22.5094037057647,12452.9730981218
"ISEA aperture 4, res 6","4804",22.0743078724448,12452.7181207187
"ISEA aperture 4, res 6","3742",22.4471581430183,12452.9724409729
"ISEA aperture 4, res 6","38514",22.5182234238284,12452.7793422286
"ISEA aperture 4, res 6","39360",22.6302315119257,12452.9732299277
"ISEA aperture 4, res 6","36890",22.3802315928787,12452.3039814229
"ISEA aperture 4, res 6","37799",22.4981369574232,12453.0249729348
"ISEA aperture 4, res 6","5462",22.9249080353259,12452.9749915628
"ISEA aperture 4, res 6","3084",22.3488994724825,12449.4054242466
"ISEA aperture 4, res 6","37669",22.4443279059436,12452.9734781796
"ISEA aperture 4, res 6","6654",22.6425166913356,12452.9751338865
"ISEA aperture 4, res 6","37020",22.6302320604169,12452.9732299925
"ISEA aperture 4, res 6","3478",22.2804378128678,12452.9782186535
"ISEA aperture 4, res 6","5790",22.3333029759981,12452.9726244882
"ISEA aperture 4, res 6","3150",22.8748550647763,12451.38495568
"ISEA aperture 4, res 6","20247",22.6425166964728,12452.975133885
"ISEA aperture 4, res 6","9907",22.5124582451847,12450.5706479014
"ISEA aperture 4, res 6","18116",22.8495044379876,12452.9728967583
"ISEA aperture 4, res 6","6254",23.3642526071804,12452.9788649578
"ISEA aperture 4, res 6","37670",23.3763634152571,12452.9723804323
"ISEA aperture 4, res 6","5923",23.0036414267846,12452.9724148985
"ISEA aperture 4, res 6","15925",23.342066056831,12452.4861804813
"ISEA aperture 4, res 6","33534",23.3958098366347,12452.6766055422
"ISEA aperture 4, res 6","2889",22.993300586918,12452.9781998795
"ISEA aperture 4, res 6","37735",23.4041814605307,12452.9846698503
"ISEA aperture 4, res 6","18503",23.0036415998096,12452.9724148988
"ISEA aperture 4, res 6","37215",22.9425185599806,12452.9735150609
"ISEA aperture 4, res 6","3743",23.0050498931834,12452.9723964984
"ISEA aperture 4, res 6","37865",23.4330588511659,12452.9727222482
"ISEA aperture 4, res 6","17794",23.0915415909008,12452.5783991899
"ISEA aperture 4, res 6","10233",23.2412693686883,12452.9734483463
"ISEA aperture 4, res 6","38905",23.2412691973154,12452.9734483463
"ISEA aperture 4, res 6","3215",22.699849017858,12453.4786078567
"ISEA aperture 4, res 6","15085",23.5682828447512,12452.7327644393
"ISEA aperture 4, res 6","15537",23.3327254563023,12452.7628098002
"ISEA aperture 4, res 6","3810",23.5495325406054,12452.9725654175
"ISEA aperture 4, res 6","20725",23.7404594884501,12452.7473782068
"ISEA aperture 4, res 6","20525",23.5682828479907,12452.7295296863
"ISEA aperture 4, res 6","37995",23.422388974126,12450.6027908914
"ISEA aperture 4, res 6","9128",23.4231774680176,12452.9855728228
"ISEA aperture 4, res 6","15602",23.740459485178,12452.7473782065
"ISEA aperture 4, res 6","19536",23.9406406384767,12452.6816444645
"ISEA aperture 4, res 6","19407",23.8770293668337,12452.0924195972
"ISEA aperture 4, res 6","20724",23.3327254595649,12452.7628097994
"ISEA aperture 4, res 6","13730",23.4157541459778,12452.9751518966
"ISEA aperture 4, res 6","20860",24.0089095437436,12452.7548358039
"ISEA aperture 4, res 6","15279",23.8404599796313,12452.976422174
"ISEA aperture 4, res 6","20657",23.1706956392644,12452.9778364673
"ISEA aperture 4, res 6","33084",23.925102578224,12452.499013913
"ISEA aperture 4, res 6","3349",23.8862692253306,12452.9830101037
"ISEA aperture 4, res 6","15796",23.7710646758015,12452.6563304603
"ISEA aperture 4, res 6","5070",24.1390425305033,12452.7314794953
"ISEA aperture 4, res 6","39036",23.9749907618135,12452.973129338
"ISEA aperture 4, res 6","18246",24.0443372139141,12452.9730612676
"ISEA aperture 4, res 6","37216",23.8895038214442,12452.9731097007
"ISEA aperture 4, res 6","20927",24.4524681542539,12452.8803311125
"ISEA aperture 4, res 6","3745",24.1123984110414,12452.9725754918
"ISEA aperture 4, res 6","15667",24.1390425297063,12452.7314793274
"ISEA aperture 4, res 6","33599",24.1390425337857,12452.731479495
"ISEA aperture 4, res 6","6057",24.040974591691,12452.972923455
"ISEA aperture 4, res 6","20793",24.1363657390002,12453.874022969
"ISEA aperture 4, res 6","15990",23.6808201983685,12452.0607416049
"ISEA aperture 4, res 6","8349",23.5815900176534,12452.9728968124
"ISEA aperture 4, res 6","13408",23.8770292754699,12452.0924194271
"ISEA aperture 4, res 6","10625",24.4143342985893,12452.9725297147
"ISEA aperture 4, res 6","19472",24.4501985276226,12453.9260805327
"ISEA aperture 4, res 6","3416",24.5004332833067,12452.9751448111
"ISEA aperture 4, res 6","4676",24.0100674502557,12452.8778156128
"ISEA aperture 4, res 6","10299",24.0518588635147,12452.9731132033
"ISEA aperture 4, res 6","3746",24.6611368457398,12452.9728032012
"ISEA aperture 4, res 6","38646",24.3050483847397,12452.9573821965
"ISEA aperture 4, res 6","38386",24.3376888920983,12452.3054174633
"ISEA aperture 4, res 6","8869",24.2303194227886,12452.9727030277
"ISEA aperture 4, res 6","5859",24.112398588963,12452.9725754683
"ISEA aperture 4, res 6","6527",24.752612601815,12452.9733452495
"ISEA aperture 4, res 6","13860",24.5595508771565,12452.9732657996
"ISEA aperture 4, res 6","38256",24.2661750014045,12452.1295491569
"ISEA aperture 4, res 6","33857",24.7254369641566,12452.9782620667
"ISEA aperture 4, res 6","20593",24.2868732044695,12452.9772863967
"ISEA aperture 4, res 6","5333",24.5011513402538,12453.0898784332
"ISEA aperture 4, res 6","4809",24.8366169456671,12452.8797450579
"ISEA aperture 4, res 6","37087",24.6425016468957,12452.9727021863
"ISEA aperture 4, res 6","19666",24.5223954627864,12451.2163098844
"ISEA aperture 4, res 6","18182",24.5701705558668,12452.9734414208
"ISEA aperture 4, res 6","33471",24.9081066164236,12452.6984600781
"ISEA aperture 4, res 6","15409",24.7254369599509,12452.9782619355
"ISEA aperture 4, res 6","3285",24.9698033514362,12448.7462497232
"ISEA aperture 4, res 6","12701",24.1673972204938,12452.9755946951
"ISEA aperture 4, res 6","13474",25.507388089094,12452.0003849697
"ISEA aperture 4, res 6","20249",24.5673439277239,12452.9739077954
"ISEA aperture 4, res 6","37932",25.2279661032574,12452.1801222428
"ISEA aperture 4, res 6","5465",24.8575566703057,12452.9746549868
"ISEA aperture 4, res 6","15668",25.2677768883045,12452.7597238215
"ISEA aperture 4, res 6","10496",25.4835329929798,12452.9724083304
"ISEA aperture 4, res 6","37282",24.9190408147388,12452.9728032009
"ISEA aperture 4, res 6","33728",24.4547828941263,12452.7857984192
"ISEA aperture 4, res 6","2630",24.5673439188473,12452.9739078671
"ISEA aperture 4, res 6","37412",25.0590745851533,12452.9727084123
"ISEA aperture 4, res 6","3023",25.4548861828801,12454.904585419
"ISEA aperture 4, res 6","9195",25.2489445185536,12452.6962188829
"ISEA aperture 4, res 6","3088",25.2425229527053,12453.9260805325
"ISEA aperture 4, res 6","14312",25.2222668521296,12452.9727774083
"ISEA aperture 4, res 6","5268",24.9568513326006,12453.2891318865
"ISEA aperture 4, res 6","2631",25.3381497362662,12452.9740195938
"ISEA aperture 4, res 6","19731",24.7390599065834,12452.1803991888
"ISEA aperture 4, res 6","14699",25.0908740653645,12452.973907867
"ISEA aperture 4, res 6","6393",25.4382973090775,12452.9777126261
"ISEA aperture 4, res 6","20250",25.5323182794919,12452.97344142
"ISEA aperture 4, res 6","3351",25.0130596307842,12452.9771330738
"ISEA aperture 4, res 6","15797",24.9081066123486,12452.6984598939
"ISEA aperture 4, res 6","12510",25.7155641390446,12452.9729891611
"ISEA aperture 4, res 6","12381",25.0898348951265,12452.9725297621
"ISEA aperture 4, res 6","5993",25.1332114270151,12452.9727030281
"ISEA aperture 4, res 6","15410",25.8457497244577,12453.7277776293
"ISEA aperture 4, res 6","32957",25.9281615883469,12452.8808669442
"ISEA aperture 4, res 6","4941",25.6608279592779,12452.7461517897
"ISEA aperture 4, res 6","33665",25.992086653576,12452.793863281
"ISEA aperture 4, res 6","6463",25.7155641408803,12452.9729891076
"ISEA aperture 4, res 6","14570",25.162788558479,12452.9735150612
"ISEA aperture 4, res 6","20798",25.8096256945016,12453.6263684498
"ISEA aperture 4, res 6","4012",25.3441384178799,12452.9752958955
"ISEA aperture 4, res 6","3682",25.7742601282592,12452.9731132469
"ISEA aperture 4, res 6","4079",25.6306151580372,12452.9764222896
"ISEA aperture 4, res 6","33214",25.1713550582691,12452.1342922896
"ISEA aperture 4, res 6","6327",25.9285190601693,12452.9813922895
"ISEA aperture 4, res 6","9196",26.1390326689724,12452.0253807451
"ISEA aperture 4, res 6","39169",26.3183210393248,12452.9721602267
"ISEA aperture 4, res 6","10106",25.995633401362,12452.9725067287
"ISEA aperture 4, res 6","3485",26.2811962490167,12452.9722620014
"ISEA aperture 4, res 6","19022",26.1589243542463,12452.9734781793
"ISEA aperture 4, res 6","5995",26.1589242285164,12452.9734781797
"ISEA aperture 4, res 6","6464",25.8872406051436,12452.9726244881
"ISEA aperture 4, res 6","38713",26.0485403713492,12452.9724124099
"ISEA aperture 4, res 6","19797",25.9285191079868,12452.9813922887
"ISEA aperture 4, res 6","5270",26.2971128143514,12452.9768768854
"ISEA aperture 4, res 6","12896",26.4079896721128,12452.9762779593
"ISEA aperture 4, res 6","5730",25.774260310857,12452.9731132033
"ISEA aperture 4, res 6","20598",26.397342741197,12452.78276414
"ISEA aperture 4, res 6","2697",25.8896898365709,12452.9749130306
"ISEA aperture 4, res 6","2306",26.193915431754,12451.9379683071
"ISEA aperture 4, res 6","16057",26.3298974324009,12452.8803309013
"ISEA aperture 4, res 6","19991",25.6675538645955,12452.9760467178
"ISEA aperture 4, res 6","10237",26.7239939339878,12452.9724148985
"ISEA aperture 4, res 6","12318",26.193915405321,12451.9384446326
"ISEA aperture 4, res 6","10042",26.9291329026743,12452.9724401056
"ISEA aperture 4, res 6","13604",26.6094014579758,12448.6311373113
"ISEA aperture 4, res 6","5732",26.8844414589828,12452.9729234184
"ISEA aperture 4, res 6","6399",26.6793124106455,12452.9727021423
"ISEA aperture 4, res 6","17475",26.5371953662272,12452.9782619342
"ISEA aperture 4, res 6","3222",26.6094013447768,12448.6311373144
"ISEA aperture 4, res 6","13346",26.6953741381767,12453.4361526684
"ISEA aperture 4, res 6","8871",26.091730912277,12452.927112326
"ISEA aperture 4, res 6","20316",26.6793123993824,12452.972702143
"ISEA aperture 4, res 6","3090",26.695374050142,12453.4361530552
"ISEA aperture 4, res 6","9131",26.1565471511734,12452.7239027849
"ISEA aperture 4, res 6","3025",26.8778403414285,12453.7854398122
"ISEA aperture 4, res 6","20865",26.4437243827947,12452.8800077889
"ISEA aperture 4, res 6","19345",26.5983454794534,12452.2315579443
"ISEA aperture 4, res 6","37738",26.1584357180192,12452.8328835445
"ISEA aperture 4, res 6","37998",26.0296004375682,12452.4789995712
"ISEA aperture 4, res 6","16251",26.3501636385186,12452.5134740253
"ISEA aperture 4, res 6","4550",26.9807909287914,12452.1601828202
"ISEA aperture 4, res 6","18249",27.4067483988996,12452.9749129504
"ISEA aperture 4, res 6","20600",27.1813895561978,12452.7597449641
"ISEA aperture 4, res 6","15023",26.4742831497771,12452.9764187391
"ISEA aperture 4, res 6","15799",27.1813895528916,12452.7597449636
"ISEA aperture 4, res 6","3750",26.8150326915283,12452.9747818724
"ISEA aperture 4, res 6","8612",26.8020280692679,12452.9724409843
"ISEA aperture 4, res 6","4746",26.7843377466293,12452.703743074
"ISEA aperture 4, res 6","19410",27.1845646635027,12452.5322771956
"ISEA aperture 4, res 6","5140",27.2216596997082,12452.9789226486
"ISEA aperture 4, res 6","20801",27.4007337147172,12452.8813736568
"ISEA aperture 4, res 6","33023",27.2909291690889,12453.1675946782
"ISEA aperture 4, res 6","5799",27.3813494330772,12452.972039018
"ISEA aperture 4, res 6","18894",27.3177300173994,12452.9717320969
"ISEA aperture 4, res 6","3817",27.2451123403524,12452.976232068
"ISEA aperture 4, res 6","12704",27.0743751625128,12452.9735613624
"ISEA aperture 4, res 6","15088",26.9561954724769,12452.9773557715
"ISEA aperture 4, res 6","4016",27.2216594486546,12452.9789227813
"ISEA aperture 4, res 6","6401",27.0037404433382,12452.9721602269
"ISEA aperture 4, res 6","15864",27.5598669719407,12452.7478844249
"ISEA aperture 4, res 6","2569",27.8364630563931,12452.9735736234
"ISEA aperture 4, res 6","15282",27.2216597006538,12452.9789227819
"ISEA aperture 4, res 6","10433",27.2693825092939,12452.9720414599
"ISEA aperture 4, res 6","14250",27.9963226591129,12452.973265847
"ISEA aperture 4, res 6","18765",27.3813495813761,12452.9720390183
"ISEA aperture 4, res 6","9978",27.8589528363951,12452.9141323465
"ISEA aperture 4, res 6","38065",27.6251234443214,12452.8241936783
"ISEA aperture 4, res 6","9783",27.9547566751812,12452.8406470493
"ISEA aperture 4, res 6","9652",27.0472088371912,12452.209286349
"ISEA aperture 4, res 6","19023",27.2439127176104,12452.9727353716
"ISEA aperture 4, res 6","38389",27.0606698342161,12452.750581532
"ISEA aperture 4, res 6","3553",27.4474093802605,12452.9734483966
"ISEA aperture 4, res 6","15218",27.8990056124207,12452.9796400335
"ISEA aperture 4, res 6","20447",27.960337650175,12452.9720414611
"ISEA aperture 4, res 6","3092",27.694291912071,12452.7254631661
"ISEA aperture 4, res 6","5469",27.3415600747819,12452.9755946032
"ISEA aperture 4, res 6","8938",27.9547566742082,12452.8406470061
"ISEA aperture 4, res 6","14056",27.3813494336943,12452.9720390266
"ISEA aperture 4, res 6","14314",27.4474095574343,12452.9734483966
"ISEA aperture 4, res 6","8484",28.5231229361488,12452.9722471044
"ISEA aperture 4, res 6","38910",27.5807942662348,12452.9722783293
"ISEA aperture 4, res 6","5010",28.1160625222375,12452.9815199045
"ISEA aperture 4, res 6","8613",27.7400491949481,12452.9723964981
"ISEA aperture 4, res 6","20123",28.0476240538648,12452.9731293378
"ISEA aperture 4, res 6","20737",28.3534333656971,12452.8826939109
"ISEA aperture 4, res 6","9588",27.9244762141235,12452.8049003983
"ISEA aperture 4, res 6","17026",28.318628569653,12452.820423468
"ISEA aperture 4, res 6","18701",27.9591906456772,12452.9723374762
"ISEA aperture 4, res 6","10238",27.5807944862117,12452.9722783295
"ISEA aperture 4, res 6","20317",27.6435921236084,12452.9724790312
"ISEA aperture 4, res 6","3224",27.7481379178105,12452.9742146659
"ISEA aperture 4, res 6","13992",27.9000287157188,12452.9715177084
"ISEA aperture 4, res 6","3885",28.0918876776571,12452.9790639744
"ISEA aperture 4, res 6","13928",28.4108484985985,12452.9707066959
"ISEA aperture 4, res 6","4813",27.9277183946178,12455.3675277147
"ISEA aperture 4, res 6","6132",28.061749610202,12451.9814144219
"ISEA aperture 4, res 6","8808",27.902481431542,12452.9007007255
"ISEA aperture 4, res 6","19606",29.0287849708133,12448.631137315
"ISEA aperture 4, res 6","6271",28.6081352055344,12452.9723154813
"ISEA aperture 4, res 6","3555",28.5637945572249,12452.9751055943
"ISEA aperture 4, res 6","9979",28.7353257748014,12452.9109583747
"ISEA aperture 4, res 6","33088",28.1476547128392,12452.8822970838
"ISEA aperture 4, res 6","9653",27.9524470624308,12452.6510659899
"ISEA aperture 4, res 6","6273",28.916396723192,12452.9719635089
"ISEA aperture 4, res 6","13477",28.7998800135753,12453.0890474257
"ISEA aperture 4, res 6","9069",28.832299035724,12452.1638100732
"ISEA aperture 4, res 6","2635",28.3604508531945,12452.9741697687
"ISEA aperture 4, res 6","36961",28.2195065833941,12452.9719635216
"ISEA aperture 4, res 6","15283",28.35945456538,12452.9810125029
"ISEA aperture 4, res 6","3028",28.7998799152746,12453.0890464028
"ISEA aperture 4, res 6","20059",28.8133276949351,12452.973113203
"ISEA aperture 4, res 6","8289",28.2195063222996,12452.9719635213
"ISEA aperture 4, res 6","12834",28.5924052750254,12452.9735415193
"ISEA aperture 4, res 6","9654",28.8546660957233,12452.7018342584
"ISEA aperture 4, res 6","9459",28.7085568319498,12452.8067604552
"ISEA aperture 4, res 6","5275",29.5152110889349,12452.9797126872
"ISEA aperture 4, res 6","37351",28.7353259403017,12452.9109583554
"ISEA aperture 4, res 6","20606",29.3113178284014,12453.8460278044
"ISEA aperture 4, res 6","19347",28.7998801052917,12453.0890472837
"ISEA aperture 4, res 6","2310",29.4024821847725,12452.9723727077
"ISEA aperture 4, res 6","38782",29.4631361599103,12452.9722783391
"ISEA aperture 4, res 6","17477",28.8123140911256,12452.9825562402
"ISEA aperture 4, res 6","20672",28.7697129971633,12452.7920135789
"ISEA aperture 4, res 6","3292",28.9984808354037,12452.9707067067
"ISEA aperture 4, res 6","14251",29.1113075543108,12452.9738704324
"ISEA aperture 4, res 6","6000",28.7998800133276,12453.0890474622
"ISEA aperture 4, res 6","5935",29.313098713888,12452.2994593076
"ISEA aperture 4, res 6","8549",28.6043025085308,12452.9723404942
"ISEA aperture 4, res 6","20671",28.4637192870913,12452.2265776592
"ISEA aperture 4, res 6","9265",29.3534039832498,12453.1401693487
"ISEA aperture 4, res 6","8809",28.8220043939062,12452.8788912979
"ISEA aperture 4, res 6","3357",28.4832122530309,12452.9717320968
"ISEA aperture 4, res 6","20604",28.6394174839496,12452.7112973661
"ISEA aperture 4, res 6","20254",29.402482171186,12452.9723726868
"ISEA aperture 4, res 6","5604",29.111307553693,12452.9738703719
"ISEA aperture 4, res 6","3029",29.313098610276,12452.2994591349
"ISEA aperture 4, res 6","38522",29.7050572416418,12452.8805090296
"ISEA aperture 4, res 6","4022",29.8081647080967,12452.9887568326
"ISEA aperture 4, res 6","32832",29.8230253270931,12454.0221290477
"ISEA aperture 4, res 6","4880",28.9787213293214,12452.9847638432
"ISEA aperture 4, res 6","20319",29.5726708336085,12452.9722082565
"ISEA aperture 4, res 6","8355",29.2769340934964,12452.9720388119
"ISEA aperture 4, res 6","38587",29.6618751061118,12452.8977620599
"ISEA aperture 4, res 6","17349",29.6944594051835,12452.9862150874
"ISEA aperture 4, res 6","5936",29.9255333428531,12452.7767895225
"ISEA aperture 4, res 6","16770",29.7920306592555,12455.0786246779
"ISEA aperture 4, res 6","13285",29.7256758208851,12451.9003428226
"ISEA aperture 4, res 6","6002",29.4530262589209,12452.027846823
"ISEA aperture 4, res 6","9200",29.5241353191797,12452.6923039221
"ISEA aperture 4, res 6","12707",29.9982461130178,12452.9725754916
"ISEA aperture 4, res 6","10045",29.5404358384038,12452.9724149147
"ISEA aperture 4, res 6","14961",29.3904224614162,12452.9805591041
"ISEA aperture 4, res 6","16254",29.6326086706683,12452.8826936899
"ISEA aperture 4, res 6","5474",30.2545066866626,12452.9767970093
"ISEA aperture 4, res 6","5738",30.0046116527395,12452.9657326965
"ISEA aperture 4, res 6","14252",30.2303732901838,12452.9750507804
"ISEA aperture 4, res 6","2311",30.1914332707789,12452.9724149151
"ISEA aperture 4, res 6","20539",29.4374987146882,12454.8404305043
"ISEA aperture 4, res 6","15155",29.7114769812238,12452.9830696674
"ISEA aperture 4, res 6","3030",29.8506579188389,12452.5391279251
"ISEA aperture 4, res 6","6142",30.3711009769574,12452.9722783293
"ISEA aperture 4, res 6","2376",29.9982461044692,12452.9725754914
"ISEA aperture 4, res 6","20255",30.3711009641992,12452.972278329
"ISEA aperture 4, res 6","38133",30.5506092413698,12452.6217166966
"ISEA aperture 4, res 6","37287",29.6068175221415,12452.9090884046
"ISEA aperture 4, res 6","19219",29.8506581314763,12452.5391280635
"ISEA aperture 4, res 6","17478",29.9565701688905,12452.9856832416
"ISEA aperture 4, res 6","4357",29.6326086714178,12452.8826939112
"ISEA aperture 4, res 6","19931",30.3264549161666,12452.9729234184
"ISEA aperture 4, res 6","3691",30.5342713519194,12453.5062653817
"ISEA aperture 4, res 6","5210",30.0279263965956,12452.9814716196
"ISEA aperture 4, res 6","2834",30.4153853319817,12452.8660977432
"ISEA aperture 4, res 6","3229",30.695697288657,12452.9712673539
"ISEA aperture 4, res 6","38718",30.400472060399,12453.0848065719
"ISEA aperture 4, res 6","37223",30.4733380686726,12452.9081121526
"ISEA aperture 4, res 6","2899",30.1419775666534,12452.2994593079
"ISEA aperture 4, res 6","8681",30.5837816821693,12452.882739767
"ISEA aperture 4, res 6","36963",30.1159726006975,12452.9719249013
"ISEA aperture 4, res 6","20385",30.6886322396447,12452.9720388115
"ISEA aperture 4, res 6","37418",30.6200896364588,12452.8599790522
"ISEA aperture 4, res 6","13672",30.4101899499756,12452.0510917137
"ISEA aperture 4, res 6","15414",30.4036496993768,12453.5734965488
"ISEA aperture 4, res 6","3757",30.3764880949665,12453.486436847
"ISEA aperture 4, res 6","12387",30.8259788491487,12452.9719249016
"ISEA aperture 4, res 6","2312",30.9748544139443,12452.9724409845
"ISEA aperture 4, res 6","37613",30.6391868263706,12452.6787992438
"ISEA aperture 4, res 6","4685",30.2100093744849,12453.5648560198
"ISEA aperture 4, res 6","4227",30.2454386610358,12452.4629866417
"ISEA aperture 4, res 6","17865",30.5342718013151,12453.5062652332
"ISEA aperture 4, res 6","38719",31.2551080744862,12452.9142556086
"ISEA aperture 4, res 6","2443",31.313044958321,12452.9725812132
"ISEA aperture 4, res 6","17350",30.8426967685418,12453.1853814912
"ISEA aperture 4, res 6","16900",31.3622321191476,12453.2043119465
"ISEA aperture 4, res 6","4294",31.6174135841119,12453.2147243517
"ISEA aperture 4, res 6","3098",31.0965375652387,12452.9575744668
"ISEA aperture 4, res 6","8876",30.6496090257942,12452.769493201
"ISEA aperture 4, res 6","18252",30.8004144815368,12453.425798331
"ISEA aperture 4, res 6","5278",31.3485436330851,12453.2670766818
"ISEA aperture 4, res 6","3493",30.8004140938412,12453.4257984547
"ISEA aperture 4, res 6","37353",30.5837818361112,12452.8827397672
"ISEA aperture 4, res 6","38004",31.2651504278523,12452.5618760416
"ISEA aperture 4, res 6","14704",30.7459687397245,12453.4797246157
"ISEA aperture 4, res 6","5277",30.7459687390148,12453.4797244848
"ISEA aperture 4, res 6","38394",31.5289395645679,12452.8368950387
"ISEA aperture 4, res 6","15608",30.5439268512468,12453.165543498
"ISEA aperture 4, res 6","4751",30.5439268503927,12453.1655433127
"ISEA aperture 4, res 6","37939",31.0825594187819,12453.2496689347
"ISEA aperture 4, res 6","19544",31.6949413790168,12452.9728470274
"ISEA aperture 4, res 6","18188",31.3485438290968,12453.2670766815
"ISEA aperture 4, res 6","3960",31.7539351275699,12453.231427916
"ISEA aperture 4, res 6","19867",31.0735956643489,12452.9727029967
"ISEA aperture 4, res 6","37679",31.4656456989532,12452.6765237316
"ISEA aperture 4, res 6","5080",31.0339667221601,12453.2162405375
"ISEA aperture 4, res 6","18769",31.8090232125154,12453.23461792
"ISEA aperture 4, res 6","3428",31.3840589552033,12453.273219549
"ISEA aperture 4, res 6","12773",31.7525987575074,12452.9724497108
"ISEA aperture 4, res 6","4753",31.9968484155286,12453.2672126898
"ISEA aperture 4, res 6","4228",31.1147575281547,12456.0591325279
"ISEA aperture 4, res 6","2705",31.6949412417905,12452.9728470969
"ISEA aperture 4, res 6","3825",31.1061627687609,12453.2071965219
"ISEA aperture 4, res 6","14382",31.3857568712438,12453.2645638593
"ISEA aperture 4, res 6","13866",31.0965376987886,12452.9575744672
"ISEA aperture 4, res 6","37744",31.3864140585325,12452.5945237527
"ISEA aperture 4, res 6","8487",31.3347639560613,12452.9077495249
"ISEA aperture 4, res 6","36964",31.0618208561515,12452.971963508
"ISEA aperture 4, res 6","5942",31.5517692614347,12452.9723803945
"ISEA aperture 4, res 6","3961",32.1395695232356,12453.2542116716
"ISEA aperture 4, res 6","14834",31.8052657864811,12453.3133402495
"ISEA aperture 4, res 6","18447",32.5236721221255,12449.303557475
"ISEA aperture 4, res 6","3627",31.6837564176205,12453.2846434576
"ISEA aperture 4, res 6","37030",32.1041776783185,12452.9137858716
"ISEA aperture 4, res 6","37160",32.2656409931596,12452.8995093472
"ISEA aperture 4, res 6","19933",32.3012208982185,12452.9724124093
"ISEA aperture 4, res 6","13416",32.0765915865654,12452.0510918148
"ISEA aperture 4, res 6","19092",32.0687134093521,12451.5168647438
"ISEA aperture 4, res 6","2183",32.1368754261459,12452.9723404941
"ISEA aperture 4, res 6","5214",32.4956255712293,12449.6443722048
"ISEA aperture 4, res 6","4028",32.0846507225134,12453.2437606096
"ISEA aperture 4, res 6","19285",31.5330853255802,12452.8108783527
"ISEA aperture 4, res 6","37615",32.3770711803121,12452.4142872238
"ISEA aperture 4, res 6","37225",32.3277731061595,12452.8878458405
"ISEA aperture 4, res 6","12645",32.1368754222008,12452.9723404944
"ISEA aperture 4, res 6","4027",31.7280924407222,12453.2239073899
"ISEA aperture 4, res 6","5081",31.68375664492,12453.2846432933
"ISEA aperture 4, res 6","13738",32.0687132958363,12451.5168646888
"ISEA aperture 4, res 6","19545",32.6940534372072,12453.0453093487
"ISEA aperture 4, res 6","5811",32.6940533734919,12453.0453093478
"ISEA aperture 4, res 6","2837",32.4488657947222,12452.3120703547
"ISEA aperture 4, res 6","19804",32.8091689189333,12452.9720390189
"ISEA aperture 4, res 6","4688",32.4299074837576,12453.298319832
"ISEA aperture 4, res 6","19028",32.6728233140515,12449.8003136014
"ISEA aperture 4, res 6","5610",32.1920332347584,12449.9319383858
"ISEA aperture 4, res 6","5948",32.9287375185659,12452.9724409837
"ISEA aperture 4, res 6","4950",32.0123648788313,12453.2993938958
"ISEA aperture 4, res 6","8229",32.8413802364567,12452.1306588034
"ISEA aperture 4, res 6","9463",32.3770711101179,12452.4142873502
"ISEA aperture 4, res 6","14641",32.4956255718505,12449.6443723598
"ISEA aperture 4, res 6","17416",32.7137309947757,12453.3398672841
"ISEA aperture 4, res 6","8943",32.3770711091702,12452.414287224
"ISEA aperture 4, res 6","1858",32.8413802807207,12452.1297258259
"ISEA aperture 4, res 6","14899",32.3256968856943,12453.3770071978
"ISEA aperture 4, res 6","5878",32.548303132146,12452.9717320776
"ISEA aperture 4, res 6","12838",32.5245019840535,12452.9724401058
"ISEA aperture 4, res 6","9528",32.4167164863696,12452.8299860937
"ISEA aperture 4, res 6","3035",32.809739619835,12452.5767135946
"ISEA aperture 4, res 6","3630",33.1721735276977,12449.7338831079
"ISEA aperture 4, res 6","3696",32.9611994762991,12453.3883693688
"ISEA aperture 4, res 6","15158",33.1721737698494,12449.7338831063
"ISEA aperture 4, res 6","3962",32.516141949423,12453.2773034872
"ISEA aperture 4, res 6","2315",33.2903739878557,12452.97241241
"ISEA aperture 4, res 6","15352",33.4240041239468,12450.0893969983
"ISEA aperture 4, res 6","4296",33.2416742996257,12452.0131997346
"ISEA aperture 4, res 6","37421",33.325599554534,12452.7187444852
"ISEA aperture 4, res 6","18899",32.8097398896295,12452.5767135327
"ISEA aperture 4, res 6","17352",33.1575831739015,12453.3778543236
"ISEA aperture 4, res 6","37811",32.8134115682519,12452.8743181691
"ISEA aperture 4, res 6","38721",32.9474843081978,12452.8670694822
"ISEA aperture 4, res 6","13160",33.2755661709986,12452.1043319141
"ISEA aperture 4, res 6","4492",32.9115778036828,12453.3163448147
"ISEA aperture 4, res 6","12903",33.2903740116692,12452.9724124097
"ISEA aperture 4, res 6","19093",33.1492261074677,12451.6975442358
"ISEA aperture 4, res 6","8359",33.0416849104848,12452.6919456496
"ISEA aperture 4, res 6","37032",33.9762505121233,12452.863057389
"ISEA aperture 4, res 6","13675",33.6416003650706,12452.0722336365
"ISEA aperture 4, res 6","18771",34.0607119786284,12452.5498085977
"ISEA aperture 4, res 6","18835",33.4337378747419,12451.0272454065
"ISEA aperture 4, res 6","9010",33.9503105289657,12453.3465615299
"ISEA aperture 4, res 6","4493",33.678101260774,12453.7584260188
"ISEA aperture 4, res 6","13353",33.3909921980725,12453.0639530034
"ISEA aperture 4, res 6","5678",33.1356123031352,12452.2468567539
"ISEA aperture 4, res 6","37682",33.9503105654505,12453.3465615299
"ISEA aperture 4, res 6","9399",33.2276827821341,12452.7010239837
"ISEA aperture 4, res 6","2511",33.2755661172362,12452.104331915
"ISEA aperture 4, res 6","13868",33.2941002323207,12451.5168647417
"ISEA aperture 4, res 6","14965",34.0021838447777,12453.0425936901
"ISEA aperture 4, res 6","9075",33.7860886072404,12452.4791619611
"ISEA aperture 4, res 6","2577",33.6995707245761,12452.9727222482
"ISEA aperture 4, res 6","4362",33.6775458117216,12452.070708751
"ISEA aperture 4, res 6","3697",33.4240038679247,12450.0893970002
"ISEA aperture 4, res 6","2971",33.9267744943669,12452.1427495851
"ISEA aperture 4, res 6","14320",34.2263962428989,12452.0244546571
"ISEA aperture 4, res 6","5151",34.247342818506,12451.5041277348
"ISEA aperture 4, res 6","3037",34.0607116869603,12452.5498087361
"ISEA aperture 4, res 6","17868",34.0021840645795,12453.0425934905
"ISEA aperture 4, res 6","16902",33.6775460978101,12452.0707046457
"ISEA aperture 4, res 6","16517",34.2888016379218,12453.2321309934
"ISEA aperture 4, res 6","12840",34.4951819732358,12452.8579261804
"ISEA aperture 4, res 6","37422",34.2121706263349,12452.8426003729
"ISEA aperture 4, res 6","3500",34.5130511120679,12453.0695917346
"ISEA aperture 4, res 6","4821",33.6536582430128,12450.1627866577
"ISEA aperture 4, res 6","5217",34.2551993257615,12452.1138428112
"ISEA aperture 4, res 6","5816",34.0499834186406,12452.9016089774
"ISEA aperture 4, res 6","13354",34.4011152875522,12452.8931032544
"ISEA aperture 4, res 6","3632",34.1274525283735,12453.0175308117
"ISEA aperture 4, res 6","2447",34.2788903066827,12452.8534486678
"ISEA aperture 4, res 6","20389",34.5148593192041,12452.7232780107
"ISEA aperture 4, res 6","5481",33.9267746312033,12452.1427494798
"ISEA aperture 4, res 6","38657",33.8867831586799,12452.8653672898
"ISEA aperture 4, res 6","18319",33.6777132378863,12452.562135541
"ISEA aperture 4, res 6","2056",34.8809261842261,12452.7863881665
"ISEA aperture 4, res 6","13483",34.7623300659603,12452.8301300162
"ISEA aperture 4, res 6","4953",34.0021838441148,12453.0425934909
"ISEA aperture 4, res 6","37487",34.1893286850408,12452.8399130444
"ISEA aperture 4, res 6","1990",34.240780254513,12452.7728876647
"ISEA aperture 4, res 6","4756",34.1274527788669,12453.0175305981
"ISEA aperture 4, res 6","13547",34.4176610989447,12451.2969492447
"ISEA aperture 4, res 6","15935",34.709743324979,12452.6112162296
"ISEA aperture 4, res 6","17611",34.8237930508425,12453.0609154359
"ISEA aperture 4, res 6","18707",34.6874933052233,12452.2630590412
"ISEA aperture 4, res 6","20324",34.3855986045134,12452.7483062957
"ISEA aperture 4, res 6","5349",34.1613053085071,12452.6975107345
"ISEA aperture 4, res 6","4232",34.2576321513598,12452.6448623733
"ISEA aperture 4, res 6","12776",34.6956005521235,12452.8357607461
"ISEA aperture 4, res 6","2317",34.8030276044417,12451.8741138848
"ISEA aperture 4, res 6","9855",34.0527365027637,12452.8603703252
"ISEA aperture 4, res 6","14901",34.6498275811329,12452.3423319741
"ISEA aperture 4, res 6","15159",34.3389019196685,12453.0407653824
"ISEA aperture 4, res 6","37878",34.7458251350861,12452.8291457032
"ISEA aperture 4, res 6","5754",35.4798752769241,12452.9430962512
"ISEA aperture 4, res 6","18256",35.4105827306368,12452.9278487911
"ISEA aperture 4, res 6","8361",34.907574311803,12452.8617571825
"ISEA aperture 4, res 6","9206",34.7458251625686,12452.8291457032
"ISEA aperture 4, res 6","5823",35.3442780686642,12452.9039265775
"ISEA aperture 4, res 6","3701",35.1410149332896,12451.9457188781
"ISEA aperture 4, res 6","13097",34.5480662462531,12452.8213040848
"ISEA aperture 4, res 6","19353",34.7623301486973,12452.8301300205
"ISEA aperture 4, res 6","15353",34.5933704784077,12453.0334846608
"ISEA aperture 4, res 6","19547",34.7089765570581,12452.8234283749
"ISEA aperture 4, res 6","19224",35.0787261941386,12451.7153204941
"ISEA aperture 4, res 6","3501",35.0166103964989,12452.3490639893
"ISEA aperture 4, res 6","14256",34.7737772153668,12452.5985017901
"ISEA aperture 4, res 6","5889",34.6283823663565,12452.6978300793
"ISEA aperture 4, res 6","16968",35.4419950030351,12452.6289737893
"ISEA aperture 4, res 6","5417",35.0592101124486,12452.2671245424
"ISEA aperture 4, res 6","9856",34.9075743136717,12452.8617572363
"ISEA aperture 4, res 6","16065",35.273173437152,12451.0167859316
"ISEA aperture 4, res 6","1796",35.4672090895513,12452.9025395517
"ISEA aperture 4, res 6","3435",35.1717258335109,12451.5171433633
"ISEA aperture 4, res 6","3771",36.0234897043169,12452.3802444721
"ISEA aperture 4, res 6","14773",35.9193330476561,12453.3818882105
"ISEA aperture 4, res 6","13677",35.7171885397015,12452.143420017
"ISEA aperture 4, res 6","5286",35.8371237698238,12452.9175027371
"ISEA aperture 4, res 6","2776",35.3398709547224,12452.1251039439
"ISEA aperture 4, res 6","12520",35.344278066843,12452.9039265365
"ISEA aperture 4, res 6","15612",35.1410152074065,12451.945703029
"ISEA aperture 4, res 6","14257",35.9289546666012,12452.9815951278
"ISEA aperture 4, res 6","4496",35.8411617166263,12452.4715044869
"ISEA aperture 4, res 6","4692",35.3008917796583,12457.1046804553
"ISEA aperture 4, res 6","15095",35.0166106329269,12452.3490699519
"ISEA aperture 4, res 6","2974",35.8371236171887,12452.9175024679
"ISEA aperture 4, res 6","36904",35.6647132869555,12452.357386455
"ISEA aperture 4, res 6","8557",35.9792584076864,12452.8532967058
"ISEA aperture 4, res 6","19612",35.0031867231562,12452.815174409
"ISEA aperture 4, res 6","20001",35.4798752827466,12452.9430962523
"ISEA aperture 4, res 6","4234",35.7417716373157,12450.8197112445
"ISEA aperture 4, res 6","2057",35.6753597415393,12452.9223987443
"ISEA aperture 4, res 6","17676",35.512625220848,12452.7250782345
"ISEA aperture 4, res 6","16840",36.0234903010559,12452.380244675
"ISEA aperture 4, res 6","2515",36.1108855763696,12452.3430859695
"ISEA aperture 4, res 6","2188",36.0364508645419,12452.8365918692
"ISEA aperture 4, res 6","1731",35.574077489318,12452.9010852378
"ISEA aperture 4, res 6","15354",35.7294182245876,12452.0926128681
"ISEA aperture 4, res 6","9337",35.9044239339541,12452.7473908593
"ISEA aperture 4, res 6","5418",35.5422203551015,12452.4653243555
"ISEA aperture 4, res 6","19160",35.7171886432352,12452.1434196083
"ISEA aperture 4, res 6","5088",35.9999302627337,12453.1317021265
"ISEA aperture 4, res 6","5221",36.476884869891,12452.9458133449
"ISEA aperture 4, res 6","5552",35.7805752974507,12452.0567316994
"ISEA aperture 4, res 6","19872",36.0364509118003,12452.8365919203
"ISEA aperture 4, res 6","4758",35.5126249871173,12452.7250801139
"ISEA aperture 4, res 6","2712",36.4655708995936,12450.8185819357
"ISEA aperture 4, res 6","14515",35.9999302631708,12453.1317020749
"ISEA aperture 4, res 6","17419",36.1422313714005,12451.4162401531
"ISEA aperture 4, res 6","18515",36.5476102610124,12452.7899506486
"ISEA aperture 4, res 6","18838",36.8822839844396,12453.2194151308
"ISEA aperture 4, res 6","36905",36.6007159155508,12452.41870561
"ISEA aperture 4, res 6","8233",36.6007156879248,12452.4175227534
"ISEA aperture 4, res 6","3305",36.446739340677,12452.5278836426
"ISEA aperture 4, res 6","17677",36.6286607977711,12452.0356715504
"ISEA aperture 4, res 6","12714",36.828322527768,12452.9344892228
"ISEA aperture 4, res 6","5287",36.3679154884117,12452.6973814704
"ISEA aperture 4, res 6","15549",36.9186376171378,12452.5777600714
"ISEA aperture 4, res 6","15226",37.0766626572377,12451.3691932383
"ISEA aperture 4, res 6","19549",36.7292731293575,12451.8919339353
"ISEA aperture 4, res 6","15807",36.1724900351891,12452.646636765
"ISEA aperture 4, res 6","37815",36.4879381793844,12452.8355549779
"ISEA aperture 4, res 6","38010",36.8175358718332,12452.2767077994
"ISEA aperture 4, res 6","14967",36.3251742276274,12457.0989570371
"ISEA aperture 4, res 6","4497",36.5387959760439,12452.5033883283
"ISEA aperture 4, res 6","37490",36.745039206909,12452.7388246188
"ISEA aperture 4, res 6","2450",36.4271886780173,12452.5027120117
"ISEA aperture 4, res 6","16648",36.8442945180673,12453.243760391
"ISEA aperture 4, res 6","3707",37.0440530004739,12456.3051492828
"ISEA aperture 4, res 6","5289",37.3736058899589,12452.2926863046
"ISEA aperture 4, res 6","13936",37.3736058901274,12452.2926861994
"ISEA aperture 4, res 6","12394",37.4578340361025,12452.9138856432
"ISEA aperture 4, res 6","5288",36.88228384985,12453.2194151272
"ISEA aperture 4, res 6","3107",36.5800633276789,12453.4128229618
"ISEA aperture 4, res 6","5090",37.1520066595937,12452.7122734528
"ISEA aperture 4, res 6","18257",36.574134687406,12453.8935536388
"ISEA aperture 4, res 6","9273",36.7450391423994,12452.7388247755
"ISEA aperture 4, res 6","2385",36.7292730078954,12451.8919338634
"ISEA aperture 4, res 6","16520",36.8442945106355,12453.2437606096
"ISEA aperture 4, res 6","15614",37.2813130664863,12452.6356639392
"ISEA aperture 4, res 6","19226",37.0661180160364,12452.4393778307
"ISEA aperture 4, res 6","17227",37.2813133376171,12452.6356641341
"ISEA aperture 4, res 6","5488",36.7941896877733,12451.8192784558
"ISEA aperture 4, res 6","3776",36.8442940199363,12453.2437603901
"ISEA aperture 4, res 6","1798",37.1293732134653,12452.925086438
"ISEA aperture 4, res 6","5489",37.1221456744747,12452.2518941816
"ISEA aperture 4, res 6","14516",37.1626673064334,12451.8697203241
"ISEA aperture 4, res 6","19161",36.8166136107573,12452.7189569382
"ISEA aperture 4, res 6","3642",37.7992510891444,12455.9745872529
"ISEA aperture 4, res 6","37426",37.665888350153,12452.7603083863
"ISEA aperture 4, res 6","2452",37.7938702566057,12452.3731572459
"ISEA aperture 4, res 6","5557",37.2898339769038,12452.786741497
"ISEA aperture 4, res 6","38401",37.614204227471,12452.8618352936
"ISEA aperture 4, res 6","2320",37.0169034373504,12452.760912116
"ISEA aperture 4, res 6","8364",37.6790408080832,12452.8600415891
"ISEA aperture 4, res 6","2517",37.4457210518612,12452.3542085687
"ISEA aperture 4, res 6","13486",37.7938703416815,12452.3731572323
"ISEA aperture 4, res 6","8884",37.4425856745465,12453.0683461786
"ISEA aperture 4, res 6","17871",37.4574292488581,12451.9884971279
"ISEA aperture 4, res 6","17420",37.2333132046994,12452.5348367638
"ISEA aperture 4, res 6","3573",37.2813127878956,12452.6356639397
"ISEA aperture 4, res 6","3775",37.1271872338355,12447.2543732793
"ISEA aperture 4, res 6","1864",37.7992605844315,12452.9506609588
"ISEA aperture 4, res 6","14387",37.1520066599991,12452.71227326
"ISEA aperture 4, res 6","20068",37.6303690985448,12452.9594095898
"ISEA aperture 4, res 6","5290",37.8353782532497,12451.9138859643
"ISEA aperture 4, res 6","17292",37.9945262562287,12451.8756448852
"ISEA aperture 4, res 6","13808",38.2615697211716,12452.7894072819
"ISEA aperture 4, res 6","19421",38.1234688583418,12452.1581825299
"ISEA aperture 4, res 6","38011",37.7263798020352,12452.853829871
"ISEA aperture 4, res 6","4499",37.9240824485035,12452.5657208077
"ISEA aperture 4, res 6","1734",38.0879803881502,12452.9365012195
"ISEA aperture 4, res 6","3440",37.5086074055832,12452.4845828664
"ISEA aperture 4, res 6","18904",38.5028207344518,12452.17434886
"ISEA aperture 4, res 6","9664",37.6790408099429,12452.8600416732
"ISEA aperture 4, res 6","2715",38.5028204721256,12452.1743487979
"ISEA aperture 4, res 6","12651",37.9518673159521,12452.9430933435
"ISEA aperture 4, res 6","15356",37.924082449694,12452.5657206159
"ISEA aperture 4, res 6","5091",37.7134240865357,12454.8063134603
"ISEA aperture 4, res 6","18129",37.6796890033983,12451.6328621072
"ISEA aperture 4, res 6","2911",37.6436045859069,12454.1630234825
"ISEA aperture 4, res 6","37166",37.7579667915672,12452.8564207671
"ISEA aperture 4, res 6","12331",38.4635906660487,12452.5675863829
"ISEA aperture 4, res 6","37947",38.581990939453,12452.5518927268
"ISEA aperture 4, res 6","1735",38.9143189850851,12452.9578729718
"ISEA aperture 4, res 6","20134",38.767849240776,12452.9684438479
"ISEA aperture 4, res 6","4829",38.8248879268503,12452.0129625715
"ISEA aperture 4, res 6","4238",38.6851015560073,12451.3195540826
"ISEA aperture 4, res 6","19939",38.22954856602,12452.8325197658
"ISEA aperture 4, res 6","3508",37.9945257130494,12451.8756446949
"ISEA aperture 4, res 6","2061",38.7820840716459,12452.8329350093
"ISEA aperture 4, res 6","5631",38.2073981275436,12452.9307185677
"ISEA aperture 4, res 6","3647",38.6324869713068,12453.2773032694
"ISEA aperture 4, res 6","8235",38.463590666224,12452.567586383
"ISEA aperture 4, res 6","5426",38.4369166098758,12452.6952834097
"ISEA aperture 4, res 6","14582",38.8815079007739,12451.9240649578
"ISEA aperture 4, res 6","2257",38.7347968723982,12452.6106373465
"ISEA aperture 4, res 6","16714",38.6324874694229,12453.2773032696
"ISEA aperture 4, res 6","5562",38.4252368241085,12452.8324979294
"ISEA aperture 4, res 6","37492",38.3892174547086,12452.9788362764
"ISEA aperture 4, res 6","37558",39.0068310509681,12452.8447593595
"ISEA aperture 4, res 6","37232",38.6540574616765,12452.8563118488
"ISEA aperture 4, res 6","2126",38.5433730856206,12452.8330163975
"ISEA aperture 4, res 6","15616",39.4131553878769,12453.0759057021
"ISEA aperture 4, res 6","2980",39.4672967355545,12452.1412408675
"ISEA aperture 4, res 6","37948",39.4934612220614,12452.6197219622
"ISEA aperture 4, res 6","16779",39.3858914319922,12453.25421146
"ISEA aperture 4, res 6","15680",38.6851015575798,12451.3195539049
"ISEA aperture 4, res 6","15422",39.4091762456776,12452.7033658574
"ISEA aperture 4, res 6","4369",38.7040028262917,12452.7200737176
"ISEA aperture 4, res 6","38207",38.6337706174034,12452.8585900263
"ISEA aperture 4, res 6","4961",38.8960302079332,12451.8383260726
"ISEA aperture 4, res 6","5564",38.7678492587676,12452.9684438476
"ISEA aperture 4, res 6","13230",39.0171852396327,12452.6407800703
"ISEA aperture 4, res 6","9600",38.5943197466313,12452.8601064856
"ISEA aperture 4, res 6","18840",39.1596981231644,12452.3503587562
"ISEA aperture 4, res 6","18517",38.8676841437777,12451.772769219
"ISEA aperture 4, res 6","19422",39.109736149391,12453.0199311945
"ISEA aperture 4, res 6","5429",39.2839735148254,12452.3290512613
"ISEA aperture 4, res 6","2193",39.725973511426,12452.9603254877
"ISEA aperture 4, res 6","1410",39.3899575849455,12452.6548383341
"ISEA aperture 4, res 6","19681",39.2839735530054,12452.3290512623
"ISEA aperture 4, res 6","19940",39.2118725265576,12452.832807651
"ISEA aperture 4, res 6","1736",39.7337103804282,12451.948725283
"ISEA aperture 4, res 6","19099",39.7341643548187,12452.6374626353
"ISEA aperture 4, res 6","3521",39.5872939943147,12453.1154527575
"ISEA aperture 4, res 6","19034",39.3583304290559,12452.7407414435
"ISEA aperture 4, res 6","1605",39.1565078963615,12452.941229087
"ISEA aperture 4, res 6","3312",39.7092106760299,12452.8355500598
"ISEA aperture 4, res 6","5497",39.2118725208506,12452.8328076296
"ISEA aperture 4, res 6","5498",39.4024422264061,12452.8327503846
"ISEA aperture 4, res 6","15745",39.0028646514856,12452.9040687939
"ISEA aperture 4, res 6","2914",39.4608222416939,12452.093334106
"ISEA aperture 4, res 6","16523",39.1113150219467,12453.1850215867
"ISEA aperture 4, res 6","2782",39.3105100224761,12452.1395233862
"ISEA aperture 4, res 6","18711",39.3105103236789,12452.1395234812
"ISEA aperture 4, res 6","9536",39.5047946465988,12452.8604434466
"ISEA aperture 4, res 6","3457",40.3376241325482,12453.100090189
"ISEA aperture 4, res 6","37233",39.5311711300635,12452.858071608
"ISEA aperture 4, res 6","5364",40.0078660173372,12453.0624712247
"ISEA aperture 4, res 6","16780",40.4131896113814,12453.3163448144
"ISEA aperture 4, res 6","20460",40.2605135776027,12452.9370320383
"ISEA aperture 4, res 6","14841",39.8602088333407,12452.508746536
"ISEA aperture 4, res 6","5297",40.0762479480451,12452.5843083601
"ISEA aperture 4, res 6","2981",40.0249559355497,12451.9780292485
"ISEA aperture 4, res 6","5433",40.1909963531394,12452.8331604954
"ISEA aperture 4, res 6","5029",39.9344066194964,12452.3409098987
"ISEA aperture 4, res 6","2652",40.2788337399013,12452.4444336102
"ISEA aperture 4, res 6","3520",39.8653866607956,12453.1660821091
"ISEA aperture 4, res 6","37168",39.5440338265949,12452.8584114365
"ISEA aperture 4, res 6","17487",40.109457013962,12452.835150499
"ISEA aperture 4, res 6","20200",39.8739424859647,12452.9739182261
"ISEA aperture 4, res 6","20006",40.3765357202066,12452.8330565541
"ISEA aperture 4, res 6","5432",39.9887277128168,12452.8332829924
"ISEA aperture 4, res 6","13874",40.0503175305227,12452.626466769
"ISEA aperture 4, res 6","12397",40.2605136403616,12452.9370319455
"ISEA aperture 4, res 6","5030",40.4409473727526,12452.2643946858
"ISEA aperture 4, res 6","5437",40.830400329966,12452.9912323583
"ISEA aperture 4, res 6","17874",40.8345733317668,12452.8345988651
"ISEA aperture 4, res 6","4371",40.1094567555205,12452.8351504944
"ISEA aperture 4, res 6","2456",40.8209685847133,12452.7017108531
"ISEA aperture 4, res 6","5164",40.8209686966541,12452.7017107872
"ISEA aperture 4, res 6","1672",40.6964693853908,12451.8248660603
"ISEA aperture 4, res 6","15617",40.4735075842447,12453.0353173805
"ISEA aperture 4, res 6","1541",40.1025038812285,12452.9525431739
"ISEA aperture 4, res 6","13553",40.6271898788435,12452.8082716554
"ISEA aperture 4, res 6","37949",40.4003074139013,12452.8601006237
"ISEA aperture 4, res 6","1607",40.8304003548007,12452.9912322546
"ISEA aperture 4, res 6","17552",40.8042328374585,12452.8346617046
"ISEA aperture 4, res 6","2653",40.9271096669041,12452.5336619504
"ISEA aperture 4, res 6","8888",40.5071070926294,12452.7931059699
"ISEA aperture 4, res 6","3182",41.0730718574825,12452.8344969341
"ISEA aperture 4, res 6","13875",41.149467277705,12452.8651154882
"ISEA aperture 4, res 6","19553",40.7064049081221,12452.2843179968
"ISEA aperture 4, res 6","3116",41.2979211576836,12452.8343083771
"ISEA aperture 4, res 6","37430",40.9435006167602,12453.0517912777
"ISEA aperture 4, res 6","5098",41.1494672774379,12452.865115474
"ISEA aperture 4, res 6","5436",40.6964693694511,12451.8248661607
"ISEA aperture 4, res 6","3456",40.6179777646227,12453.1475404935
"ISEA aperture 4, res 6","4110",40.7908838993504,12454.9666121805
"ISEA aperture 4, res 6","1803",41.166356861679,12452.8335856145
"ISEA aperture 4, res 6","17359",40.8565294808465,12453.0446018083
"ISEA aperture 4, res 6","19294",40.6271899629527,12452.8082714828
"ISEA aperture 4, res 6","3382",40.7908836108514,12454.9700115581
"ISEA aperture 4, res 6","8368",41.3100193009165,12452.8618235889
"ISEA aperture 4, res 6","20331",41.0450950228361,12452.9646642873
"ISEA aperture 4, res 6","17939",41.4781101921738,12452.8340948508
"ISEA aperture 4, res 6","3449",40.6179777454477,12453.1475406799
"ISEA aperture 4, res 6","3392",41.3686510064522,12453.1294425275
"ISEA aperture 4, res 6","37365",41.0864773338147,12452.7595050429
"ISEA aperture 4, res 6","5033",41.8313315717382,12452.8551493716
"ISEA aperture 4, res 6","9408",41.3100193027632,12452.8618237047
"ISEA aperture 4, res 6","4373",41.4928695994776,12452.8342265792
"ISEA aperture 4, res 6","3383",41.0850792375353,12453.0851581477
"ISEA aperture 4, res 6","2261",41.721919154419,12452.8056628108
"ISEA aperture 4, res 6","19554",41.6739917986213,12452.8804959373
"ISEA aperture 4, res 6","16910",41.915511934239,12453.262500691
"ISEA aperture 4, res 6","1868",40.9684204374727,12452.8337873973
"ISEA aperture 4, res 6","3183",41.4928693441328,12452.8342264294
"ISEA aperture 4, res 6","17038",41.3686515019539,12453.1294425263
"ISEA aperture 4, res 6","5234",41.3617721243388,12452.8908217785
"ISEA aperture 4, res 6","15036",41.2979213976484,12452.8343083703
"ISEA aperture 4, res 6","9278",41.3024557718153,12452.861502232
"ISEA aperture 4, res 6","5373",41.7833570433906,12451.8700754946
"ISEA aperture 4, res 6","1934",41.5022400804068,12453.0296296514
"ISEA aperture 4, res 6","18584",41.6764386334415,12452.8325166586
"ISEA aperture 4, res 6","2392",41.9077619870876,12452.470448856
"ISEA aperture 4, res 6","8369",42.2040989191005,12452.862812665
"ISEA aperture 4, res 6","8890",42.5052475663934,12452.8473217145
"ISEA aperture 4, res 6","20462",42.1105622811481,12452.9551482609
"ISEA aperture 4, res 6","4571",42.1124853050987,12452.8336583966
"ISEA aperture 4, res 6","2131",42.1435670099014,12453.0623172362
"ISEA aperture 4, res 6","8889",41.5127714810551,12452.8487764766
"ISEA aperture 4, res 6","3319",42.1169493661583,12453.1118338041
"ISEA aperture 4, res 6","1348",42.0566252066017,12452.9654286531
"ISEA aperture 4, res 6","19619",41.9620425741699,12452.4493555333
"ISEA aperture 4, res 6","3388",42.4646520176486,12445.576441526
"ISEA aperture 4, res 6","9409",42.1854748736261,12452.8632200149
"ISEA aperture 4, res 6","20008",42.3134768931152,12452.833854689
"ISEA aperture 4, res 6","16463",41.8292047696813,12453.0706897936
"ISEA aperture 4, res 6","4111",41.5293772672676,12454.705730616
"ISEA aperture 4, res 6","13554",41.7219192435762,12452.805662811
"ISEA aperture 4, res 6","9344",42.2040989209436,12452.8628127907
"ISEA aperture 4, res 6","19749",42.4759504379201,12452.7987809405
"ISEA aperture 4, res 6","5100",41.9077620981081,12452.4704487862
"ISEA aperture 4, res 6","9279",42.199764540797,12452.8627894082
"ISEA aperture 4, res 6","16975",42.6666127023274,12453.2362249837
"ISEA aperture 4, res 6","1219",43.0292423693868,12452.9650159769
"ISEA aperture 4, res 6","4637",42.226598283568,12452.8334224173
"ISEA aperture 4, res 6","2524",42.4989877718334,12452.8314993103
"ISEA aperture 4, res 6","13490",41.9507162284841,12452.7411520657
"ISEA aperture 4, res 6","37041",42.2040990687943,12452.8628126651
"ISEA aperture 4, res 6","3119",42.5871857264939,12451.8903464907
"ISEA aperture 4, res 6","4968",42.4989879113377,12452.8314993181
"ISEA aperture 4, res 6","3053",42.8490790618583,12452.8335007811
"ISEA aperture 4, res 6","14069",42.0422281395491,12452.831657415
"ISEA aperture 4, res 6","2328",42.9947682773499,12452.554747467
"ISEA aperture 4, res 6","8760",42.5052475652112,12452.8473215013
"ISEA aperture 4, res 6","14263",42.8002368926675,12452.8322263259
"ISEA aperture 4, res 6","4969",42.9325420362746,12452.831499298
"ISEA aperture 4, res 6","14456",42.3099426440905,12452.832867898
"ISEA aperture 4, res 6","9149",42.1128790551713,12452.7931683231
"ISEA aperture 4, res 6","13298",42.6267913181604,12452.8875531381
"ISEA aperture 4, res 6","2001",42.6267912616847,12452.887551181
"ISEA aperture 4, res 6","18714",42.6807905789505,12452.8318782617
"ISEA aperture 4, res 6","18198",42.8289182609555,12452.8330565381
"ISEA aperture 4, res 6","2132",43.0487288786994,12452.9005089195
"ISEA aperture 4, res 6","4770",42.8626337613365,12452.8325332236
"ISEA aperture 4, res 6","12528",42.9188930575143,12452.9913245699
"ISEA aperture 4, res 6","2459",42.9325419041005,12452.8314993176
"ISEA aperture 4, res 6","13555",42.8121977915204,12452.5451251416
"ISEA aperture 4, res 6","2788",42.8714147266567,12452.8328075549
"ISEA aperture 4, res 6","1936",42.922490056721,12452.5959038299
"ISEA aperture 4, res 6","3263",43.1439496612018,12453.1446090024
"ISEA aperture 4, res 6","20203",42.732479813462,12452.8333391819
"ISEA aperture 4, res 6","8826",43.2650655745927,12452.8492885488
"ISEA aperture 4, res 6","8500",43.0299797718477,12452.4590419635
"ISEA aperture 4, res 6","3323",43.20846814747,12453.4554791303
"ISEA aperture 4, res 6","15102",42.8490793097709,12452.8335007851
"ISEA aperture 4, res 6","4441",43.0641927062524,12452.833339184
"ISEA aperture 4, res 6","5242",43.2753954801204,12452.8343605013
"ISEA aperture 4, res 6","16528",42.862395458437,12453.0947586914
"ISEA aperture 4, res 6","2658",43.9856036533104,12452.8322902297
"ISEA aperture 4, res 6","20269",43.7731791430621,12451.8170825794
"ISEA aperture 4, res 6","5245",43.6774387691673,12452.833675114
"ISEA aperture 4, res 6","4508",43.8562768204526,12452.8328777329
"ISEA aperture 4, res 6","2789",43.418889203973,12452.8327502933
"ISEA aperture 4, res 6","18779",43.1531566495447,12452.8317237535
"ISEA aperture 4, res 6","1350",43.7731792351892,12451.817082455
"ISEA aperture 4, res 6","14586",43.41888940465,12452.8327502921
"ISEA aperture 4, res 6","18199",43.9518144675664,12452.8326941838
"ISEA aperture 4, res 6","12785",43.428389330743,12452.8340947043
"ISEA aperture 4, res 6","37368",43.4867832167638,12452.8459906266
"ISEA aperture 4, res 6","1806",43.4418135866188,12452.8018349613
"ISEA aperture 4, res 6","19167",43.3262854425947,12452.8779133164
"ISEA aperture 4, res 6","2198",43.6282059452338,12452.6407801863
"ISEA aperture 4, res 6","1871",43.1932916501982,12452.6937556396
"ISEA aperture 4, res 6","1220",43.9062746382766,12452.9892665849
"ISEA aperture 4, res 6","5248",43.9062745769737,12452.9892667117
"ISEA aperture 4, res 6","9150",43.0299797734676,12452.4590421204
"ISEA aperture 4, res 6","19686",44.1472199390043,12452.4395148404
"ISEA aperture 4, res 6","20010",44.2323459594304,12452.9404379516
"ISEA aperture 4, res 6","37628",43.6586710117845,12453.1499287208
"ISEA aperture 4, res 6","17491",44.431506081468,12453.2303249719
"ISEA aperture 4, res 6","5041",44.3520656027458,12452.8686159107
"ISEA aperture 4, res 6","5040",44.1413048121353,12452.6340288154
"ISEA aperture 4, res 6","1285",43.8495114615909,12453.005854567
"ISEA aperture 4, res 6","18715",43.7940558820902,12452.8318566783
"ISEA aperture 4, res 6","3198",44.166288303061,12453.1853814913
"ISEA aperture 4, res 6","16912",43.9542488352795,12453.4164402863
"ISEA aperture 4, res 6","37303",43.6586711134439,12453.1499285296
"ISEA aperture 4, res 6","4971",43.7251702746265,12452.7301904845
"ISEA aperture 4, res 6","13556",43.8999859790149,12452.5835499571
"ISEA aperture 4, res 6","5247",43.8495114096791,12453.0058546931
"ISEA aperture 4, res 6","20334",43.8495113506373,12453.0058546898
"ISEA aperture 4, res 6","19880",43.8768469874446,12452.8018477392
"ISEA aperture 4, res 6","3122",43.7147775231942,12453.3705840237
"ISEA aperture 4, res 6","5108",43.8699777800996,12452.9728137181
"ISEA aperture 4, res 6","2922",43.7103619977903,12452.833047376
"ISEA aperture 4, res 6","3056",44.0638327946486,12452.975421435
"ISEA aperture 4, res 6","1091",44.8524923730263,12452.98636068
"ISEA aperture 4, res 6","12914",44.0644369456931,12452.3553299931
"ISEA aperture 4, res 6","5178",44.2323459737596,12452.9404379539
"ISEA aperture 4, res 6","8632",44.4589366022906,12452.8449906698
"ISEA aperture 4, res 6","5183",44.7755479918524,12451.8903466302
"ISEA aperture 4, res 6","13236",44.8032413580155,12453.1554493862
"ISEA aperture 4, res 6","16403",44.4315060328438,12453.2329091865
"ISEA aperture 4, res 6","19557",44.6826064947697,12452.8170227587
"ISEA aperture 4, res 6","37629",44.610824264077,12452.9312423844
"ISEA aperture 4, res 6","16658",44.913830585504,12453.1609784778
"ISEA aperture 4, res 6","37239",44.6108243879565,12452.9312421989
"ISEA aperture 4, res 6","13428",44.3520656029056,12452.8686161075
"ISEA aperture 4, res 6","8957",44.6108243266751,12452.9312423839
"ISEA aperture 4, res 6","4115",44.4315058149924,12453.2277443948
"ISEA aperture 4, res 6","3072",45.0765051222884,12453.9125430249
"ISEA aperture 4, res 6","17427",44.7625791229439,12452.8650392678
"ISEA aperture 4, res 6","5042",44.5323895490096,12452.6877718446
"ISEA aperture 4, res 6","14587",44.5406397013102,12452.8324696678
"ISEA aperture 4, res 6","37759",44.8011345644484,12452.8084994822
"ISEA aperture 4, res 6","2004",45.2305017071663,12452.608856408
"ISEA aperture 4, res 6","8893",45.4227834345963,12452.9736508836
"ISEA aperture 4, res 6","37305",45.2471909556093,12452.8471648539
"ISEA aperture 4, res 6","1939",45.4456891793826,12452.7865499004
"ISEA aperture 4, res 6","20011",45.1838942001355,12452.6340566868
"ISEA aperture 4, res 6","1547",45.0194025790385,12452.4608428834
"ISEA aperture 4, res 6","12915",45.0194025775161,12452.460842883
"ISEA aperture 4, res 6","4378",44.8202293722791,12452.8327169283
"ISEA aperture 4, res 6","2859",45.276951851296,12452.2591067907
"ISEA aperture 4, res 6","3132",45.4496626634641,12453.3398672836
"ISEA aperture 4, res 6","4642",45.1048948463044,12452.8321332745
"ISEA aperture 4, res 6","12594",44.7067487959049,12452.8338408341
"ISEA aperture 4, res 6","3125",44.6343246791426,12453.104643219
"ISEA aperture 4, res 6","8568",45.4227834331071,12452.9736506884
"ISEA aperture 4, res 6","16404",45.1414540331399,12453.101013728
"ISEA aperture 4, res 6","5043",44.6826064471676,12452.8170191611
"ISEA aperture 4, res 6","2858",44.820229140147,12452.8327168239
"ISEA aperture 4, res 6","14716",44.4696183334057,12452.8326378255
"ISEA aperture 4, res 6","1483",45.9680184758595,12452.8048890649
"ISEA aperture 4, res 6","14137",46.0132266407235,12452.8318603156
"ISEA aperture 4, res 6","13237",45.9184751023066,12452.7001823509
"ISEA aperture 4, res 6","16595",45.3747001360993,12453.085728552
"ISEA aperture 4, res 6","8243",45.7548619990868,12453.5184126402
"ISEA aperture 4, res 6","5116",45.4509464306585,12452.904375928
"ISEA aperture 4, res 6","16532",45.8053141137014,12452.8639658883
"ISEA aperture 4, res 6","4841",45.1307077951259,12452.831856639
"ISEA aperture 4, res 6","4314",45.9263194907249,12452.3397646646
"ISEA aperture 4, res 6","4708",45.035604628932,12452.8319852223
"ISEA aperture 4, res 6","37306",46.0229775157591,12452.848918308
"ISEA aperture 4, res 6","3195",44.9716880216548,12449.2796997993
"ISEA aperture 4, res 6","3059",45.0765050849258,12453.9125431679
"ISEA aperture 4, res 6","14975",45.2769520912852,12452.2591067918
"ISEA aperture 4, res 6","8633",45.2471909237991,12452.8471648536
"ISEA aperture 4, res 6","2860",45.7160205412773,12452.9544907028
"ISEA aperture 4, res 6","15169",45.453985672961,12452.9551481502
"ISEA aperture 4, res 6","20336",45.6967047070498,12451.7867015101
"ISEA aperture 4, res 6","19363",45.2305018541454,12452.608856269
"ISEA aperture 4, res 6","1614",46.283882651118,12452.6559640989
"ISEA aperture 4, res 6","12339",45.7548619988689,12453.5184126381
"ISEA aperture 4, res 6","8504",46.3790496861805,12453.039373224
"ISEA aperture 4, res 6","19493",45.6319195000312,12452.8224182043
"ISEA aperture 4, res 6","3007",46.1111073641811,12453.067601524
"ISEA aperture 4, res 6","4578",46.2213125159301,12452.832025351
"ISEA aperture 4, res 6","37111",46.4947684252645,12452.8030956888
"ISEA aperture 4, res 6","1353",46.2693758188162,12452.5638506362
"ISEA aperture 4, res 6","16787",46.1982075676201,12453.3026368854
"ISEA aperture 4, res 6","4710",46.0132266401255,12452.8318603211
"ISEA aperture 4, res 6","17171",45.9324008607291,12453.2071963463
"ISEA aperture 4, res 6","12723",45.4509464290871,12452.9043757743
"ISEA aperture 4, res 6","4910",45.7984507720481,12452.7197158122
"ISEA aperture 4, res 6","16596",46.1111078182235,12453.0676016728
"ISEA aperture 4, res 6","2005",46.0718278344129,12452.6934741207
"ISEA aperture 4, res 6","4643",45.6356509776715,12452.8320125524
"ISEA aperture 4, res 6","4842",45.5310205280924,12452.8320024235
"ISEA aperture 4, res 6","37760",45.7154321423601,12452.6874212301
"ISEA aperture 4, res 6","37695",45.6522777450238,12452.8058596817
"ISEA aperture 4, res 6","8374",46.5752159405131,12452.8134507212
"ISEA aperture 4, res 6","13109",46.2838826755499,12452.6559640976
"ISEA aperture 4, res 6","13687",46.5842247305923,12452.7583785671
"ISEA aperture 4, res 6","9024",46.5752159423332,12452.8134508833
"ISEA aperture 4, res 6","19753",46.2838826956795,12452.655964316
"ISEA aperture 4, res 6","20272",46.559147040446,12452.8346617066
"ISEA aperture 4, res 6","37241",46.223655576039,12452.8463747722
"ISEA aperture 4, res 6","4982",46.2838826765619,12452.6559674464
"ISEA aperture 4, res 6","2006",46.8838359789743,12452.7412358137
"ISEA aperture 4, res 6","3063",46.1982070721798,12453.3026368857
"ISEA aperture 4, res 6","1680",47.0219478078321,12452.6494251132
"ISEA aperture 4, res 6","8309",46.6238915304173,12452.7320977945
"ISEA aperture 4, res 6","3006",46.4015477171443,12453.1146122151
"ISEA aperture 4, res 6","37761",46.6238914036849,12452.7320979465
"ISEA aperture 4, res 6","12852",46.1296197672442,12452.4845526496
"ISEA aperture 4, res 6","898",46.6436065541392,12453.6725064011
"ISEA aperture 4, res 6","18976",46.6257656209407,12452.8320737254
"ISEA aperture 4, res 6","14266",46.1491620180946,12452.8319285123
"ISEA aperture 4, res 6","2941",47.4232969499185,12453.1508558477
"ISEA aperture 4, res 6","2999",47.2087082263007,12453.3883693689
"ISEA aperture 4, res 6","12917",46.9098220883885,12452.8061806187
"ISEA aperture 4, res 6","14009",46.9107020946178,12452.8319015639
"ISEA aperture 4, res 6","4989",47.4091462476573,12452.8833831872
"ISEA aperture 4, res 6","4382",47.2989516127453,12452.8321024566
"ISEA aperture 4, res 6","19300",47.1568893876676,12452.7223283061
"ISEA aperture 4, res 6","2137",46.9989210712666,12452.8108592558
"ISEA aperture 4, res 6","4119",47.2246960794763,12452.7513893566
"ISEA aperture 4, res 6","17429",46.8429467045356,12452.8627892717
"ISEA aperture 4, res 6","4250",47.0289144337884,12452.518088232
"ISEA aperture 4, res 6","4184",46.8105837476536,12452.9370320384
"ISEA aperture 4, res 6","12404",46.6549672393057,12453.0098164236
"ISEA aperture 4, res 6","4448",47.3473842494557,12452.8320211322
"ISEA aperture 4, res 6","1158",46.5591471511782,12452.8346615508
"ISEA aperture 4, res 6","19106",47.3476781891364,12452.7810850104
"ISEA aperture 4, res 6","2202",46.6257653818558,12452.8320737719
"ISEA aperture 4, res 6","17944",47.0289146639411,12452.5180882333
"ISEA aperture 4, res 6","4846",46.8838360692052,12452.7412357134
"ISEA aperture 4, res 6","1810",46.7252314766348,12452.9090818318
"ISEA aperture 4, res 6","2532",47.3473840533886,12452.8320210854
"ISEA aperture 4, res 6","4251",47.6693208122199,12452.5807139078
"ISEA aperture 4, res 6","2007",47.6714106692876,12452.7694941941
"ISEA aperture 4, res 6","18460",47.3355214678474,12452.8319467704
"ISEA aperture 4, res 6","4992",47.5466082595043,12451.7757283396
"ISEA aperture 4, res 6","18073",47.1922201956742,12452.8321851981
"ISEA aperture 4, res 6","17044",47.471619884905,12449.2021933043
"ISEA aperture 4, res 6","2730",47.0289141986996,12452.518088151
"ISEA aperture 4, res 6","13046",47.4504112756887,12452.6853762709
"ISEA aperture 4, res 6","3001",47.7438654357189,12451.471323187
"ISEA aperture 4, res 6","18267",47.8866228397276,12452.8320080763
"ISEA aperture 4, res 6","37047",47.4270319640411,12452.8111899594
"ISEA aperture 4, res 6","18654",47.7537779193943,12452.8318617815
"ISEA aperture 4, res 6","16471",47.6006941676033,12452.8620409263
"ISEA aperture 4, res 6","4917",47.1293843787441,12452.7206807215
"ISEA aperture 4, res 6","19365",47.4030633614419,12452.7017303181
"ISEA aperture 4, res 6","17108",47.2087087360002,12453.3883691713
"ISEA aperture 4, res 6","37373",47.7903568804751,12452.8495638466
"ISEA aperture 4, res 6","4581",47.7537777647059,12452.8318617815
"ISEA aperture 4, res 6","14397",48.4480733139784,12452.8318862751
"ISEA aperture 4, res 6","1420",47.6610129313992,12452.8080928294
"ISEA aperture 4, res 6","2138",47.7209185909467,12452.832113637
"ISEA aperture 4, res 6","14332",47.8623070878006,12452.8318904605
"ISEA aperture 4, res 6","4384",48.4598273389937,12452.831933342
"ISEA aperture 4, res 6","4783",48.2417770825531,12452.7426128039
"ISEA aperture 4, res 6","14203",47.7537777654215,12452.8318617781
"ISEA aperture 4, res 6","8961",48.3528841328079,12452.8179244879
"ISEA aperture 4, res 6","19560",47.9789377654294,12452.630917309
"ISEA aperture 4, res 6","2733",48.2907874483928,12452.8617429126
"ISEA aperture 4, res 6","12790",48.1348414026113,12452.4822070756
"ISEA aperture 4, res 6","8376",48.270491331025,12452.8676097141
"ISEA aperture 4, res 6","2815",48.2903756929487,12452.8918552457
"ISEA aperture 4, res 6","17173",47.956611081842,12453.3432640796
"ISEA aperture 4, res 6","36917",47.526301854149,12453.8397078267
"ISEA aperture 4, res 6","14655",48.4091469275725,12452.8319892908
"ISEA aperture 4, res 6","37503",48.1521561299595,12452.8455652189
"ISEA aperture 4, res 6","37438",47.9938097909631,12452.8475162093
"ISEA aperture 4, res 6","17817",48.9717677833916,12452.8616672087
"ISEA aperture 4, res 6","14784",48.298033435889,12452.8320485804
"ISEA aperture 4, res 6","14462",49.0177157719271,12452.8318767481
"ISEA aperture 4, res 6","4717",48.7593265623091,12452.7779225375
"ISEA aperture 4, res 6","2937",48.481401622945,12453.4651778974
"ISEA aperture 4, res 6","13304",49.0657043593339,12452.6754201253
"ISEA aperture 4, res 6","2535",48.9142766232155,12452.8319656921
"ISEA aperture 4, res 6","2073",48.0913198600602,12452.8128393835
"ISEA aperture 4, res 6","2735",49.0046251764442,12452.9010948286
"ISEA aperture 4, res 6","1747",48.7069861984114,12452.7110735739
"ISEA aperture 4, res 6","20015",48.9278770280598,12452.8077664107
"ISEA aperture 4, res 6","4782",47.9695877767274,12452.7566603333
"ISEA aperture 4, res 6","4716",48.4376562738,12452.7868867413
"ISEA aperture 4, res 6","36918",48.4026187170905,12459.1636887405
"ISEA aperture 4, res 6","2877",48.1647802290445,12453.1243366335
"ISEA aperture 4, res 6","2337",48.9735923052446,12452.8318489965
"ISEA aperture 4, res 6","20079",48.1348413698954,12452.4822072651
"ISEA aperture 4, res 6","17238",48.7045609026434,12453.2993938963
"ISEA aperture 4, res 6","16854",48.7045608823803,12453.2993940737
"ISEA aperture 4, res 6","2536",49.4013018573123,12452.76949866
"ISEA aperture 4, res 6","2813",48.9027303674374,12452.8501280628
"ISEA aperture 4, res 6","1813",49.3266830692659,12452.7573749364
"ISEA aperture 4, res 6","37244",48.5552959671743,12452.8506255282
"ISEA aperture 4, res 6","20080",49.0579551447159,12452.8073128259
"ISEA aperture 4, res 6","13754",49.5285178919912,12452.7915325948
"ISEA aperture 4, res 6","18978",48.8166912547219,12452.8321332214
"ISEA aperture 4, res 6","12471",49.3324690495577,12452.8667060172
"ISEA aperture 4, res 6","4651",49.1845379288682,12452.8144861906
"ISEA aperture 4, res 6","2803",49.1838545942815,12453.0837533119
"ISEA aperture 4, res 6","2009",49.1845378165675,12452.8144862598
"ISEA aperture 4, res 6","12919",48.7712463725181,12452.8083720036
"ISEA aperture 4, res 6","14849",48.7707377030311,12452.7212545556
"ISEA aperture 4, res 6","14269",49.4814029322321,12452.8318305842
"ISEA aperture 4, res 6","14140",49.3338951620617,12452.831857242
"ISEA aperture 4, res 6","4451",48.9735924806548,12452.831849011
"ISEA aperture 4, res 6","20275",49.2963003289854,12452.8850983263
"ISEA aperture 4, res 6","706",49.2722168697464,12448.5223640901
"ISEA aperture 4, res 6","1422",49.4054592468307,12452.8272081023
"ISEA aperture 4, res 6","4254",49.5172566344786,12452.8318980226
"ISEA aperture 4, res 6","4861",49.2416759825342,12452.8979572556
"ISEA aperture 4, res 6","16728",49.636441057709,12452.8819285867
"ISEA aperture 4, res 6","37050",49.9307386608218,12452.8468813848
"ISEA aperture 4, res 6","8638",49.5640938336643,12452.8501612726
"ISEA aperture 4, res 6","2469",48.9972327128546,12452.8319179895
"ISEA aperture 4, res 6","14205",49.9706446239926,12452.8318305819
"ISEA aperture 4, res 6","14591",48.9972329182891,12452.8319179886
"ISEA aperture 4, res 6","4453",49.9706446231833,12452.8318305875
"ISEA aperture 4, res 6","8897",49.2060210143109,12452.8460701859
"ISEA aperture 4, res 6","37439",48.9662184204454,12452.8471028108
"ISEA aperture 4, res 6","19821",49.4669728294046,12453.0770885064
"ISEA aperture 4, res 6","4722",49.9827033000119,12452.7204396241
"ISEA aperture 4, res 6","1487",49.3183351611654,12452.5568727174
"ISEA aperture 4, res 6","19886",49.5033805190949,12453.0786280166
"ISEA aperture 4, res 6","4452",49.4814029313907,12452.8318305835
"ISEA aperture 4, res 6","4718",49.0558123844433,12452.7680788423
"ISEA aperture 4, res 6","12728",50.0746449616843,12452.4842222964
"ISEA aperture 4, res 6","17754",50.4106229340496,12452.8590513362
"ISEA aperture 4, res 6","8703",49.7699571718512,12452.8484950423
"ISEA aperture 4, res 6","1227",49.6900482506041,12452.8091817164
"ISEA aperture 4, res 6","18269",50.1061611716001,12452.8318442702
"ISEA aperture 4, res 6","16983",49.9670329368179,12453.5838197566
"ISEA aperture 4, res 6","2687",49.711622189503,12452.8623499279
"ISEA aperture 4, res 6","2739",50.1977959085754,12453.0853535782
"ISEA aperture 4, res 6","19627",50.288365297153,12452.6922958226
"ISEA aperture 4, res 6","1423",50.4018540917664,12452.677360754
"ISEA aperture 4, res 6","16665",50.0488006095126,12452.867176813
"ISEA aperture 4, res 6","1683",49.790321988417,12452.7335120093
"ISEA aperture 4, res 6","4321",50.1285000065871,12452.8318219778
"ISEA aperture 4, res 6","18527",50.0841168124443,12452.8318138266
"ISEA aperture 4, res 6","4189",50.0191870706939,12452.8318738915
"ISEA aperture 4, res 6","2272",49.4814027633852,12452.831830576
"ISEA aperture 4, res 6","17368",50.1977964285088,12453.0853534202
"ISEA aperture 4, res 6","4793",49.6900482394492,12452.8091859303
"ISEA aperture 4, res 6","2740",50.4590277297019,12453.068403488
"ISEA aperture 4, res 6","4588",50.62034626741,12452.7953104336
"ISEA aperture 4, res 6","13305",50.1486994496858,12452.7066795991
"ISEA aperture 4, res 6","1098",50.7572409012139,12452.8092511234
"ISEA aperture 4, res 6","2623",50.4106224553699,12452.8590513338
"ISEA aperture 4, res 6","1163",50.6004014266832,12453.5574711277
"ISEA aperture 4, res 6","2747",50.1977959341905,12453.0853534197
"ISEA aperture 4, res 6","18656",49.9706447780333,12452.8318305827
"ISEA aperture 4, res 6","837",50.2187138536323,12452.8801360941
"ISEA aperture 4, res 6","18786",50.8900507101996,12452.8318862598
"ISEA aperture 4, res 6","4256",50.6801624081097,12452.8318034954
"ISEA aperture 4, res 6","2076",50.2157649081657,12452.8319467651
"ISEA aperture 4, res 6","13691",50.9376260197638,12452.7896483476
"ISEA aperture 4, res 6","20406",50.2157264601916,12452.8711087814
"ISEA aperture 4, res 6","4322",50.6699895208533,12452.8317953374
"ISEA aperture 4, res 6","14141",50.4404702788079,12452.8318490483
"ISEA aperture 4, res 6","2208",50.5909122180163,12452.8318060371
"ISEA aperture 4, res 6","2686",50.0488001735954,12452.8671767055
"ISEA aperture 4, res 6","13113",50.4894156817011,12452.6619519688
"ISEA aperture 4, res 6","8510",51.0863507015302,12452.7639602215
"ISEA aperture 4, res 6","2275",51.2384199407007,12452.8317748995
"ISEA aperture 4, res 6","13948",50.6245085740561,12452.8320274226
"ISEA aperture 4, res 6","13755",50.6203462679048,12452.7953105229
"ISEA aperture 4, res 6","4191",51.2137253665026,12452.8317819424
"ISEA aperture 4, res 6","2683",50.9415865775747,12453.2258994783
"ISEA aperture 4, res 6","12985",50.588216401256,12452.8879799389
"ISEA aperture 4, res 6","13178",51.4797929066847,12452.7068200115
"ISEA aperture 4, res 6","18205",50.6235993972619,12452.8318221895
"ISEA aperture 4, res 6","20017",50.757240845518,12452.8092513457
"ISEA aperture 4, res 6","19433",50.872523308624,12452.7499759804
"ISEA aperture 4, res 6","4734",51.0898760368341,12452.8978104772
"ISEA aperture 4, res 6","8575",51.3447083117946,12452.8507349496
"ISEA aperture 4, res 6","18851",51.3185797822546,12452.8319432048
"ISEA aperture 4, res 6","18528",51.1942447818926,12452.8317821557
"ISEA aperture 4, res 6","4732",50.9800786151602,12452.8083131188
"ISEA aperture 4, res 6","2539",50.7139726182841,12452.8553073113
"ISEA aperture 4, res 6","12537",51.104207254325,12452.885508727
"ISEA aperture 4, res 6","1424",51.3672853045232,12452.7182871817
"ISEA aperture 4, res 6","2540",51.100851310477,12452.8563438989
"ISEA aperture 4, res 6","19628",51.3672853567077,12452.7182870091
"ISEA aperture 4, res 6","18206",51.7284443130229,12452.5858636892
"ISEA aperture 4, res 6","36921",50.9898343219043,12454.2804886447
"ISEA aperture 4, res 6","16731",51.8045696455278,12452.862885384
"ISEA aperture 4, res 6","2276",51.7887344126688,12452.8317523578
"ISEA aperture 4, res 6","36987",51.7153700878947,12452.8480258517
"ISEA aperture 4, res 6","37247",51.3447082883449,12452.8507349498
"ISEA aperture 4, res 6","4668",51.8783607137463,12452.808884192
"ISEA aperture 4, res 6","4672",51.9612559021999,12452.9057397299
"ISEA aperture 4, res 6","2433",51.5898251302956,12452.8270161586
"ISEA aperture 4, res 6","2542",51.8045691636347,12452.8628853832
"ISEA aperture 4, res 6","17369",51.2066923816004,12453.3589545326
"ISEA aperture 4, res 6","8380",51.5526489607173,12452.8493663317
"ISEA aperture 4, res 6","1359",51.4797928870756,12452.7068200113
"ISEA aperture 4, res 6","13306",51.2286266225609,12452.7293331159
"ISEA aperture 4, res 6","16922",51.9531016200362,12453.2980246031
"ISEA aperture 4, res 6","2617",52.2107119740492,12453.4738633618
"ISEA aperture 4, res 6","16859",52.419490731638,12452.8826880211
"ISEA aperture 4, res 6","1882",52.1094130398145,12452.8923678658
"ISEA aperture 4, res 6","16986",52.2107124482691,12453.4738635313
"ISEA aperture 4, res 6","12346",51.8371080335581,12454.490106398
"ISEA aperture 4, res 6","2616",52.4608968415279,12453.7417697972
"ISEA aperture 4, res 6","37312",51.5526489153455,12452.8493665393
"ISEA aperture 4, res 6","2494",52.1595704119321,12452.8554225725
"ISEA aperture 4, res 6","16668",52.1595708283126,12452.8554226577
"ISEA aperture 4, res 6","13885",52.1094131586383,12452.8923678709
"ISEA aperture 4, res 6","19110",51.7132212395484,12452.7984245613
"ISEA aperture 4, res 6","19434",51.9538347909632,12452.6032136198
"ISEA aperture 4, res 6","17820",52.1595708890087,12452.8554225742
"ISEA aperture 4, res 6","1229",51.6272369999664,12452.6828336049
"ISEA aperture 4, res 6","14271",51.7004087540763,12452.831782157
"ISEA aperture 4, res 6","14529",51.7887346134206,12452.8317523602
"ISEA aperture 4, res 6","4458",52.1094131580047,12452.8923678121
"ISEA aperture 4, res 6","2477",52.5135861122544,12452.8581230129
"ISEA aperture 4, res 6","12731",52.7691991579057,12452.8093800267
"ISEA aperture 4, res 6","16416",52.8966160824733,12452.564697781
"ISEA aperture 4, res 6","16605",52.4517421209859,12452.6419576222
"ISEA aperture 4, res 6","2546",52.9593684108968,12453.3950789939
"ISEA aperture 4, res 6","13628",52.3181379659491,12452.7888638596
"ISEA aperture 4, res 6","4459",52.4702764742297,12452.8045280959
"ISEA aperture 4, res 6","13821",52.4702764748249,12452.8045281652
"ISEA aperture 4, res 6","2013",51.995494755124,12452.8318767799
"ISEA aperture 4, res 6","580",52.82284781486,12452.8750071136
"ISEA aperture 4, res 6","1817",52.4702763651903,12452.8045281626
"ISEA aperture 4, res 6","4599",52.695639905963,12452.7098182657
"ISEA aperture 4, res 6","4391",51.9954948990411,12452.8318767436
"ISEA aperture 4, res 6","14336",52.3042907245532,12452.8317523871
"ISEA aperture 4, res 6","19629",52.442568118364,12452.7375479707
"ISEA aperture 4, res 6","16796",52.8440432452423,12452.8633761802
"ISEA aperture 4, res 6","4595",52.3059610731178,12453.2689538042
"ISEA aperture 4, res 6","20474",52.7634883570997,12452.8655820108
"ISEA aperture 4, res 6","4596",52.4425680984065,12452.7375479736
"ISEA aperture 4, res 6","17821",53.2143233511275,12452.8543025807
"ISEA aperture 4, res 6","2366",53.5210978110397,12452.6839587269
"ISEA aperture 4, res 6","2431",52.4517417225887,12452.6419575595
"ISEA aperture 4, res 6","4527",52.5827599145781,12452.83292284
"ISEA aperture 4, res 6","19500",53.2209312957657,12452.6146495265
"ISEA aperture 4, res 6","12987",52.728557294883,12452.700101768
"ISEA aperture 4, res 6","1687",53.1196415256942,12452.7972380534
"ISEA aperture 4, res 6","4528",52.8216224459327,12452.6807396435
"ISEA aperture 4, res 6","1230",52.6372073754344,12452.7193253199
"ISEA aperture 4, res 6","37249",53.3424350839785,12452.8501693856
"ISEA aperture 4, res 6","1556",52.8216223832018,12452.6807397692
"ISEA aperture 4, res 6","13693",53.1196416163109,12452.7972380567
"ISEA aperture 4, res 6","17242",52.7121679625797,12453.1058666326
"ISEA aperture 4, res 6","19435",53.0344206907345,12452.6486395394
"ISEA aperture 4, res 6","16542",52.6748684563715,12452.8221679999
"ISEA aperture 4, res 6","19630",53.5146212062452,12452.5417139453
"ISEA aperture 4, res 6","19241",53.4070066853552,12452.7931773224
"ISEA aperture 4, res 6","14337",53.4145290362459,12452.8317233694
"ISEA aperture 4, res 6","18918",53.930344361739,12452.8609971805
"ISEA aperture 4, res 6","2428",53.5585101915833,12452.8575431002
"ISEA aperture 4, res 6","12796",53.7221915572869,12452.6883117714
"ISEA aperture 4, res 6","4540",53.6523092206189,12453.4993804864
"ISEA aperture 4, res 6","12860",53.7681936066592,12452.6965487528
"ISEA aperture 4, res 6","14015",53.5272188611637,12452.8319180295
"ISEA aperture 4, res 6","4195",53.4145290351635,12452.831723362
"ISEA aperture 4, res 6","4394",53.2092666269236,12452.8635826962
"ISEA aperture 4, res 6","20475",53.6061296066332,12452.8695036506
"ISEA aperture 4, res 6","16607",53.7574758605814,12452.8222528808
"ISEA aperture 4, res 6","1753",53.5679005208619,12452.8061420837
"ISEA aperture 4, res 6","13822",53.5679006293394,12452.8061420824
"ISEA aperture 4, res 6","18143",53.3035775259866,12452.8209984568
"ISEA aperture 4, res 6","19695",53.6217832772863,12452.5031476067
"ISEA aperture 4, res 6","2480",53.4386572328078,12452.8889135047
"ISEA aperture 4, res 6","20345",53.7171669493663,12452.8920822389
"ISEA aperture 4, res 6","2488",53.9604975312475,12453.529200674
"ISEA aperture 4, res 6","1557",53.6688406606588,12452.918882672
"ISEA aperture 4, res 6","2081",53.4145288580069,12452.8317233716
"ISEA aperture 4, res 6","581",53.7171671403287,12452.8920820322
"ISEA aperture 4, res 6","14209",54.4069895358648,12452.8317523746
"ISEA aperture 4, res 6","646",53.727328570188,12452.160379562
"ISEA aperture 4, res 6","1362",54.2975174411277,12452.6565611415
"ISEA aperture 4, res 6","2548",53.4570249511113,12448.6552169926
"ISEA aperture 4, res 6","12924",53.7897248011359,12452.7048186583
"ISEA aperture 4, res 6","17629",54.175946046705,12452.8762642454
"ISEA aperture 4, res 6","2147",53.4568418820619,12452.5564475733
"ISEA aperture 4, res 6","17693",53.8786649481153,12452.8641145541
"ISEA aperture 4, res 6","386",53.5066075569051,12453.2769576455
"ISEA aperture 4, res 6","16481",54.0000263128627,12452.8317329895
"ISEA aperture 4, res 6","12988",53.7862615479054,12454.2415629698
"ISEA aperture 4, res 6","19825",53.7573526652271,12452.394463897
"ISEA aperture 4, res 6","1166",53.7026242046998,12452.4313994848
"ISEA aperture 4, res 6","1101",53.7573526871317,12452.3944640856
"ISEA aperture 4, res 6","4467",54.4539807266045,12452.582829083
"ISEA aperture 4, res 6","13887",54.3104716133881,12452.8098422059
"ISEA aperture 4, res 6","13501",53.904741778621,12452.7100465351
"ISEA aperture 4, res 6","16608",54.391143864142,12452.8209616717
"ISEA aperture 4, res 6","712",54.6772006063277,12452.3203960058
"ISEA aperture 4, res 6","452",54.521914468111,12452.8843625642
"ISEA aperture 4, res 6","16925",54.1759460070314,12452.8762643259
"ISEA aperture 4, res 6","2486",54.4516536329737,12453.1522400197
"ISEA aperture 4, res 6","4470",54.7629861992123,12452.5260130681
"ISEA aperture 4, res 6","20086",54.7541130516878,12452.3550316962
"ISEA aperture 4, res 6","12861",54.8066675755471,12452.3897528914
"ISEA aperture 4, res 6","20281",54.59113567736,12452.4669137777
"ISEA aperture 4, res 6","1952",55.0315472191499,12454.8185020471
"ISEA aperture 4, res 6","19696",54.6866640227542,12452.5585788665
"ISEA aperture 4, res 6","12733",54.6772005427126,12452.3203919301
"ISEA aperture 4, res 6","20346",54.5725484312358,12452.5495665284
"ISEA aperture 4, res 6","2416",54.4523066914596,12452.8977196369
"ISEA aperture 4, res 6","16482",54.5636261900035,12452.8317233696
"ISEA aperture 4, res 6","387",54.4401403669153,12452.873519933
"ISEA aperture 4, res 6","4197",54.406989534863,12452.8317523581
"ISEA aperture 4, res 6","907",54.8342949488162,12452.4243809476
"ISEA aperture 4, res 6","4132",55.0315473885777,12454.8183812328
"ISEA aperture 4, res 6","36926",55.139867527654,12453.4320637656
"ISEA aperture 4, res 6","1559",55.3058183385686,12452.8024386678
"ISEA aperture 4, res 6","1037",54.8128412602334,12452.4926801577
"ISEA aperture 4, res 6","19631",54.5836937368355,12452.5549501418
"ISEA aperture 4, res 6","17053",54.7108987977689,12453.4305724072
"ISEA aperture 4, res 6","1690",55.4131440936293,12452.8107364968
"ISEA aperture 4, res 6","16609",55.0107451933766,12452.8199895835
"ISEA aperture 4, res 6","4473",54.8342949156778,12452.4243807398
"ISEA aperture 4, res 6","4332",54.9988679014582,12452.8050792583
"ISEA aperture 4, res 6","16799",54.9625907533675,12452.849640534
"ISEA aperture 4, res 6","19502",55.3728703223575,12452.6826989234
"ISEA aperture 4, res 6","13245",54.5836937239262,12452.5549503013
"ISEA aperture 4, res 6","2362",54.9082604152208,12452.8652291165
"ISEA aperture 4, res 6","4400",54.9878465791255,12452.7334369631
"ISEA aperture 4, res 6","388",55.3586478800187,12452.8891931108
"ISEA aperture 4, res 6","13888",55.4131442095618,12452.8107364937
"ISEA aperture 4, res 6","18790",55.3181409405084,12452.8318221596
"ISEA aperture 4, res 6","12798",55.774886876116,12452.4406906969
"ISEA aperture 4, res 6","518",55.4467510121031,12455.7493578696
"ISEA aperture 4, res 6","4401",55.1937731159843,12452.6590580446
"ISEA aperture 4, res 6","8320",55.7053539250376,12452.8525303085
"ISEA aperture 4, res 6","4402",55.3728702914679,12452.6826989224
"ISEA aperture 4, res 6","18984",55.4131443184773,12452.8107364283
"ISEA aperture 4, res 6","18403",55.6696572633188,12452.8424347287
"ISEA aperture 4, res 6","18145",55.4767617374155,12452.820871175
"ISEA aperture 4, res 6","13438",55.1937731163422,12452.6590581732
"ISEA aperture 4, res 6","19957",55.870415078518,12452.4978826777
"ISEA aperture 4, res 6","4408",55.8795456777099,12452.5261240227
"ISEA aperture 4, res 6","20477",55.2651070999204,12452.8776256713
"ISEA aperture 4, res 6","12351",55.9417675774761,12453.5078202092
"ISEA aperture 4, res 6","2235",56.0155754949099,12452.8473087802
"ISEA aperture 4, res 6","1038",55.8184925364827,12452.581261266
"ISEA aperture 4, res 6","12862",55.8353667312908,12452.4693623633
"ISEA aperture 4, res 6","19567",55.5249500364321,12452.6587423586
"ISEA aperture 4, res 6","2111",55.6152941277953,12452.8193397427
"ISEA aperture 4, res 6","12926",55.8704151228414,12452.4978828757
"ISEA aperture 4, res 6","713",55.7748869356213,12452.440690696
"ISEA aperture 4, res 6","13182",55.747732912693,12452.6079066284
"ISEA aperture 4, res 6","16801",56.3268130058951,12452.8244868249
"ISEA aperture 4, res 6","18791",56.4284211796902,12452.671246166
"ISEA aperture 4, res 6","14017",55.7410590757353,12452.8362569685
"ISEA aperture 4, res 6","1984",56.219194205978,12452.8415149887
"ISEA aperture 4, res 6","2286",55.9326255871238,12452.8669281821
"ISEA aperture 4, res 6","4412",55.6895328722961,12452.4119957968
"ISEA aperture 4, res 6","18985",56.5173952941336,12452.8115451609
"ISEA aperture 4, res 6","1985",55.6376455863246,12452.873771096
"ISEA aperture 4, res 6","16610",55.6152944810754,12452.8193397621
"ISEA aperture 4, res 6","2354",55.9485448334635,12454.0034257665
"ISEA aperture 4, res 6","36992",55.705353938034,12452.8525303086
"ISEA aperture 4, res 6","1757",56.4284208997702,12452.6680427615
"ISEA aperture 4, res 6","13824",55.7672861315112,12452.8087789303
"ISEA aperture 4, res 6","12734",55.6895328720995,12452.4119959973
"ISEA aperture 4, res 6","2109",56.5605340387999,12452.8207168062
"ISEA aperture 4, res 6","17118",55.7094332916415,12453.5867115512
"ISEA aperture 4, res 6","4203",56.869221129641,12452.8098643237
"ISEA aperture 4, res 6","4347",56.784645814078,12452.5083220669
"ISEA aperture 4, res 6","13953",56.1410813744073,12452.8131132633
"ISEA aperture 4, res 6","2296",56.2075619781205,12452.8885870656
"ISEA aperture 4, res 6","2154",56.7098915760031,12452.83274482
"ISEA aperture 4, res 6","2221",56.6653206748874,12452.8551257559
"ISEA aperture 4, res 6","20283",56.4253528595796,12452.4366665505
"ISEA aperture 4, res 6","18339",56.203781045165,12452.815165327
"ISEA aperture 4, res 6","12543",56.2578544999137,12454.7125561038
"ISEA aperture 4, res 6","12479",56.1863325277101,12452.8941181163
"ISEA aperture 4, res 6","2289",56.7026483093896,12453.816563987
"ISEA aperture 4, res 6","16802",56.9913118123452,12452.8221601622
"ISEA aperture 4, res 6","4201",56.141081373586,12452.8131132099
"ISEA aperture 4, res 6","13568",56.9297729476213,12453.1179242044
"ISEA aperture 4, res 6","974",56.8691857310939,12452.6249500244
"ISEA aperture 4, res 6","17311",57.1801027004673,12450.9850726714
"ISEA aperture 4, res 6","2291",57.1801022037982,12450.985076423
"ISEA aperture 4, res 6","13440",57.350818401763,12452.7457220937
"ISEA aperture 4, res 6","1300",57.1540221818048,12452.7607071559
"ISEA aperture 4, res 6","17696",56.9515212590396,12452.8695605724
"ISEA aperture 4, res 6","12480",57.0045642834973,12454.4188627594
"ISEA aperture 4, res 6","4348",56.6894592486878,12452.4843754659
"ISEA aperture 4, res 6","8321",56.4703338927834,12452.7475743337
"ISEA aperture 4, res 6","1235",57.3508183602493,12452.7457220949
"ISEA aperture 4, res 6","13632",56.6784680432407,12452.7951064938
"ISEA aperture 4, res 6","18275",56.7112431694454,12452.791222461
"ISEA aperture 4, res 6","2222",56.9515207321691,12452.8695606824
"ISEA aperture 4, res 6","19893",56.9154890664425,12452.5793103471
"ISEA aperture 4, res 6","1693",57.5463044304988,12452.8238387277
"ISEA aperture 4, res 6","16992",56.6653211595809,12452.8551257523
"ISEA aperture 4, res 6","19374",57.1540222806282,12452.7607070416
"ISEA aperture 4, res 6","18921",57.2489163405874,12452.6880846609
"ISEA aperture 4, res 6","13055",56.9059312475356,12452.6023631397
"ISEA aperture 4, res 6","2224",57.4588164146789,12453.6414538612
"ISEA aperture 4, res 6","16427",57.972759070373,12452.7345283772
"ISEA aperture 4, res 6","4281",57.9174708822136,12452.6022550158
"ISEA aperture 4, res 6","16551",57.7510981002827,12452.8236130977
"ISEA aperture 4, res 6","16740",57.8062946384552,12452.8071120626
"ISEA aperture 4, res 6","8257",57.513630315918,12453.6684616568
"ISEA aperture 4, res 6","18792",57.5463049429386,12452.8238387763
"ISEA aperture 4, res 6","12417",57.6813462526415,12452.5514733267
"ISEA aperture 4, res 6","18147",57.6425713663534,12452.7777914938
"ISEA aperture 4, res 6","1170",57.5198446137137,12452.7299309822
"ISEA aperture 4, res 6","16489",57.9680395361806,12452.8053507357
"ISEA aperture 4, res 6","325",57.2081327646523,12452.4820395499
"ISEA aperture 4, res 6","20349",57.2081325309589,12452.4820481877
"ISEA aperture 4, res 6","2157",57.6909347911195,12452.8540160566
"ISEA aperture 4, res 6","2168",57.6909348325801,12452.8540159579
"ISEA aperture 4, res 6","12672",57.5450525600165,12452.5221020024
"ISEA aperture 4, res 6","1366",57.7706325106769,12452.7967618208
"ISEA aperture 4, res 6","4284",57.6768522422427,12452.5422551738
"ISEA aperture 4, res 6","20480",57.6813461075368,12452.5514696508
"ISEA aperture 4, res 6","2106",57.7662579509733,12452.8939287458
"ISEA aperture 4, res 6","4288",57.0045642858485,12454.4188590901
"ISEA aperture 4, res 6","2226",57.9231992508285,12452.1912388649
"ISEA aperture 4, res 6","1855",57.862437060006,12452.8297759896
"ISEA aperture 4, res 6","1957",57.8062941927707,12452.807112054
"ISEA aperture 4, res 6","17248",57.6909288513462,12448.4405621134
"ISEA aperture 4, res 6","2167",57.9646694725821,12452.8737347809
"ISEA aperture 4, res 6","17121",57.9646699277464,12452.8737348923
"ISEA aperture 4, res 6","20415",57.922646464418,12454.1117313966
"ISEA aperture 4, res 6","1958",58.2794224301961,12452.8061087153
"ISEA aperture 4, res 6","4279",57.9434875685394,12452.6411066564
"ISEA aperture 4, res 6","4209",58.428358920136,12452.7605785795
"ISEA aperture 4, res 6","2023",57.6425708287171,12452.7777915206
"ISEA aperture 4, res 6","16804",58.2794228829445,12452.8061087143
"ISEA aperture 4, res 6","17312",57.923199747271,12452.1912388654
"ISEA aperture 4, res 6","4140",58.2964261850522,12452.7767471088
"ISEA aperture 4, res 6","17440",57.9231997562651,12452.1912386665
"ISEA aperture 4, res 6","16931",58.4571598592969,12452.8245282703
"ISEA aperture 4, res 6","2025",58.4571593891091,12452.8245282702
"ISEA aperture 4, res 6","12865",58.862797954507,12452.6230064933
"ISEA aperture 4, res 6","1497",57.9727588699566,12452.7318275902
"ISEA aperture 4, res 6","16492",59.0855176883858,12452.8007080716
"ISEA aperture 4, res 6","20416",58.8212707191793,12453.5698783074
"ISEA aperture 4, res 6","716",58.9654436747135,12452.6562683353
"ISEA aperture 4, res 6","16616",58.8685248398161,12452.8243902121
"ISEA aperture 4, res 6","18793",58.6649604347894,12452.8589693427
"ISEA aperture 4, res 6","16429",58.5936062231297,12452.7859299899
"ISEA aperture 4, res 6","17762",58.7111211401256,12452.8527151868
"ISEA aperture 4, res 6","19570",58.7256200330426,12452.7333342787
"ISEA aperture 4, res 6","2094",58.9717564538421,12452.8805609757
"ISEA aperture 4, res 6","4217",58.927983190149,12452.6397536872
"ISEA aperture 4, res 6","4141",58.5936061412523,12452.784529507
"ISEA aperture 4, res 6","4218",58.8627979546873,12452.6230063056
"ISEA aperture 4, res 6","2104",58.4245128926269,12452.8425360355
"ISEA aperture 4, res 6","1854",58.4377673319128,12452.8110068446
"ISEA aperture 4, res 6","12929",58.9279831900322,12452.6397538682
"ISEA aperture 4, res 6","16490",58.3657396347254,12452.8039818786
"ISEA aperture 4, res 6","4221",58.5062840170679,12452.571967367
"ISEA aperture 4, res 6","19895",58.9654435798181,12452.6562681623
"ISEA aperture 4, res 6","17634",59.2103366016654,12457.1850810219
"ISEA aperture 4, res 6","13057",58.9747651818592,12452.6724911615
"ISEA aperture 4, res 6","20481",58.5630784748756,12453.6211132449
"ISEA aperture 4, res 6","1727",58.8685245585009,12452.8243902538
"ISEA aperture 4, res 6","16445",59.4525091285941,12453.4199002703
"ISEA aperture 4, res 6","1894",59.3666862375769,12452.8067879535
"ISEA aperture 4, res 6","18600",59.4922617737542,12452.8150402339
"ISEA aperture 4, res 6","19505",58.5913084232624,12452.7472635095
"ISEA aperture 4, res 6","16431",59.1058927002599,12452.8033032297
"ISEA aperture 4, res 6","18471",59.5475966322066,12452.8128293885
"ISEA aperture 4, res 6","19700",58.9077919173709,12452.7038325693
"ISEA aperture 4, res 6","17698",58.9717569773601,12452.8805608625
"ISEA aperture 4, res 6","1367",58.5936060606902,12452.7832404333
"ISEA aperture 4, res 6","1961",59.5182138560357,12452.7251437507
"ISEA aperture 4, res 6","17122",58.7111210997957,12452.8527152821
"ISEA aperture 4, res 6","4160",58.8212708650063,12453.5673813313
"ISEA aperture 4, res 6","18923",59.4835650359401,12452.801746728
"ISEA aperture 4, res 6","16436",59.8851873960707,12452.8588245813
"ISEA aperture 4, res 6","18213",59.3666867749238,12452.8067879404
"ISEA aperture 4, res 6","16932",59.1361516104577,12452.6712974762
"ISEA aperture 4, res 6","20417",59.7318197430755,12452.0112594797
"ISEA aperture 4, res 6","16444",59.6122822882793,12453.3737646611
"ISEA aperture 4, res 6","18149",59.8019228886976,12452.8052286473
"ISEA aperture 4, res 6","17699",59.9724287134266,12452.8921838022
"ISEA aperture 4, res 6","1895",59.8019223511546,12452.8052286556
"ISEA aperture 4, res 6","2095",59.2103360831996,12457.1850811547
"ISEA aperture 4, res 6","4144",59.3198645330893,12452.8121159042
"ISEA aperture 4, res 6","17187",59.7255467070634,12452.85122008
"ISEA aperture 4, res 6","1600",59.0866557753175,12452.803538664
"ISEA aperture 4, res 6","1915",59.3666863182523,12452.8067879414
"ISEA aperture 4, res 6","19765",58.9556243239446,12452.6883645633
"ISEA aperture 4, res 6","1368",59.4059395264115,12452.7988154719
"ISEA aperture 4, res 6","1599",59.7848131289003,12452.8030626647
"ISEA aperture 4, res 6","19701",59.9527833204129,12452.8745280118
"ISEA aperture 4, res 6","1042",59.6612225929426,12452.8319415143
"ISEA aperture 4, res 6","17378",59.6568374420339,12450.9849701758
"ISEA aperture 4, res 6","17956",59.8687263340195,12453.0469608164
"ISEA aperture 4, res 6","4",60.1769745726232,12454.1235908896
"ISEA aperture 4, res 6","19896",59.9787303677249,12448.2903192234
"ISEA aperture 4, res 6","16497",60.4079062968846,12452.7605785796
"ISEA aperture 4, res 6","16997",60.2054496296545,12452.8031093516
"ISEA aperture 4, res 6","1409",59.405939675873,12452.7988155601
"ISEA aperture 4, res 6","16680",59.4922616572769,12452.8150401991
"ISEA aperture 4, res 6","2028",59.4525984959753,12452.8375637473
"ISEA aperture 4, res 6","16806",59.5050639730098,12452.8100806203
"ISEA aperture 4, res 6","19312",60.2005838959604,12452.7732324709
"ISEA aperture 4, res 6","2037",59.9724282202306,12452.8921838019
"ISEA aperture 4, res 6","19961",59.9292252545335,12456.1853255164
"ISEA aperture 4, res 6","1281",59.9641181021406,12453.1748355398
"ISEA aperture 4, res 6","20156",59.6122822377728,12453.3772511982
"ISEA aperture 4, res 6","717",59.9993673993909,12454.2739146777
"ISEA aperture 4, res 6","17124",60.187617643631,12452.829175447
"ISEA aperture 4, res 6","20091",59.7454355942521,12453.3323247441
"ISEA aperture 4, res 6","458",60.8351758681658,12452.6736334228
"ISEA aperture 4, res 6","1850",60.4531225640019,12452.8079729911
"ISEA aperture 4, res 6","20157",60.5710453774527,12452.6471030401
"ISEA aperture 4, res 6","1153",60.4079061895963,12452.7605787021
"ISEA aperture 4, res 6","1108",60.4079060240505,12452.7605785798
"ISEA aperture 4, res 6","1973",60.7338218488423,12452.8495900561
"ISEA aperture 4, res 6","16871",60.6053954432464,12452.8121188047
"ISEA aperture 4, res 6","1501",60.9063515592371,12452.8001101947
"ISEA aperture 4, res 6","69",60.6753169270265,12452.8860790477
"ISEA aperture 4, res 6","2033",60.6396485622277,12452.5842906957
"ISEA aperture 4, res 6","1632",60.6096387730846,12452.8180669961
"ISEA aperture 4, res 6","18278",59.9945955219821,12452.8092257378
"ISEA aperture 4, res 6","653",61.0198631826694,12452.6562681621
"ISEA aperture 4, res 6","1974",60.4754426287097,12452.8306652921
"ISEA aperture 4, res 6","16683",60.9063519389107,12452.8001101963
"ISEA aperture 4, res 6","1911",60.9146341459323,12452.6777375823
"ISEA aperture 4, res 6","1369",60.1993385172083,12452.7975218784
"ISEA aperture 4, res 6","16935",61.0883651620244,12452.8113117583
"ISEA aperture 4, res 6","19313",61.2959864846882,12453.042132671
"ISEA aperture 4, res 6","978",60.7334898132306,12452.7333342787
"ISEA aperture 4, res 6","16499",60.7334900563335,12452.7333342791
"ISEA aperture 4, res 6","16501",60.9386255595777,12452.7038325697
"ISEA aperture 4, res 6","16507",60.8351759810233,12452.6736334216
"ISEA aperture 4, res 6","18279",61.0883652491057,12452.8113117795
"ISEA aperture 4, res 6","1786",61.0883647967936,12452.8113117764
"ISEA aperture 4, res 6","513",60.8351760606061,12452.6736336153
"ISEA aperture 4, res 6","18795",60.9063520707224,12452.8001102675
"ISEA aperture 4, res 6","63",61.1303284813322,12454.0403294725
"ISEA aperture 4, res 6","18086",61.2727737501708,12452.8035931837
"ISEA aperture 4, res 6","20288",61.1371025299104,12453.8225322016
"ISEA aperture 4, res 6","16745",60.609639181921,12452.8180669948
"ISEA aperture 4, res 6","769",61.0228022094712,12452.6724911638
"ISEA aperture 4, res 6","705",61.0198633694822,12452.6562683379
"ISEA aperture 4, res 6","19183",60.8054199695893,12452.7925019044
"ISEA aperture 4, res 6","1847",61.632053670788,12453.2522481606
"ISEA aperture 4, res 6","19378",61.4964982534804,12452.7299309815
"ISEA aperture 4, res 6","18537",61.2045248519391,12452.8187239793
"ISEA aperture 4, res 6","1967",61.1801524093407,12447.8398978741
"ISEA aperture 4, res 6","1597",61.107358498741,12452.8211388686
"ISEA aperture 4, res 6","17062",61.2727736825392,12452.803593179
"ISEA aperture 4, res 6","19054",61.3147538545752,12452.7931400225
"ISEA aperture 4, res 6","1834",61.9568437321279,12452.6232020045
"ISEA aperture 4, res 6","1152",61.2959861969697,12453.0421326725
"ISEA aperture 4, res 6","18796",62.0301412709984,12452.8256773955
"ISEA aperture 4, res 6","134",61.1371022889243,12453.8225265481
"ISEA aperture 4, res 6","849",61.9144139650663,12452.6783433743
"ISEA aperture 4, res 6","17444",61.3905583267034,12450.740069701
"ISEA aperture 4, res 6","1833",61.6320536125461,12453.2522481829
"ISEA aperture 4, res 6","199",61.3465367619909,12452.5771012924
"ISEA aperture 4, res 6","1767",61.9559642675469,12452.8079980845
"ISEA aperture 4, res 6","783",60.9957952497917,12452.688364563
"ISEA aperture 4, res 6","1216",61.0654563044544,12452.7897188819
"ISEA aperture 4, res 6","16503",61.0228022044483,12452.6724909917
"ISEA aperture 4, res 6","979",61.6665841323154,12452.7133945238
"ISEA aperture 4, res 6","589",62.0399853194828,12452.6022550157
"ISEA aperture 4, res 6","16937",62.3052751290372,12452.8198902916
"ISEA aperture 4, res 6","18344",61.7062309067576,12452.8152755111
"ISEA aperture 4, res 6","135",62.0782027405603,12452.8941148468
"ISEA aperture 4, res 6","18280",62.1822973982441,12452.8146983844
"ISEA aperture 4, res 6","1532",62.2297883509202,12452.82641449
"ISEA aperture 4, res 6","1372",62.4528477838847,12452.7920591224
"ISEA aperture 4, res 6","17958",61.9568442650137,12452.6232019698
"ISEA aperture 4, res 6","16623",61.6286150485868,12452.7900396808
"ISEA aperture 4, res 6","1906",62.1556483802562,12453.2783220369
"ISEA aperture 4, res 6","1658",62.3052747882822,12452.8198903302
"ISEA aperture 4, res 6","17701",61.952971328304,12458.3944004097
"ISEA aperture 4, res 6","914",61.8059490542646,12452.696176638
"ISEA aperture 4, res 6","1087",62.3927658211783,12452.8784202806
"ISEA aperture 4, res 6","1568",61.7287930593938,12452.8223704893
"ISEA aperture 4, res 6","704",62.0544561358104,12452.6218461761
"ISEA aperture 4, res 6","1503",62.2297882330354,12452.8264144191
"ISEA aperture 4, res 6","16566",61.9919219316749,12452.6599632095
"ISEA aperture 4, res 6","16629",62.8794453716182,12452.6469769525
"ISEA aperture 4, res 6","19768",62.0544563125596,12452.6218461762
"ISEA aperture 4, res 6","16750",62.848260027559,12452.7879119675
"ISEA aperture 4, res 6","16639",62.4937483081655,12454.0554717484
"ISEA aperture 4, res 6","17573",62.36764151001,12452.4192633665
"ISEA aperture 4, res 6","1176",62.7430106794663,12452.7830496192
"ISEA aperture 4, res 6","1838",62.9320876209049,12454.6897213098
"ISEA aperture 4, res 6","20094",62.6629319968144,12452.5409940077
"ISEA aperture 4, res 6","20028",61.8191073088402,12452.6235010754
"ISEA aperture 4, res 6","1569",62.3215710990424,12452.8237174856
"ISEA aperture 4, res 6","447",62.919537882917,12452.5778587921
"ISEA aperture 4, res 6","16811",62.2297886327054,12452.826414423
"ISEA aperture 4, res 6","18926",62.8482601701447,12452.7879120667
"ISEA aperture 4, res 6","19120",62.7430111544315,12452.7830497361
"ISEA aperture 4, res 6","576",61.9955577594356,12452.6548840907
"ISEA aperture 4, res 6","17382",62.7300220067198,12452.8475071516
"ISEA aperture 4, res 6","17191",62.6848482391019,12453.4268984677
"ISEA aperture 4, res 6","16813",63.1568422583709,12452.7968995671
"ISEA aperture 4, res 6","190",63.024067579634,12452.8891931012
"ISEA aperture 4, res 6","16703",63.4313631211878,12452.9034315099
"ISEA aperture 4, res 6","1704",63.4019697017945,12453.6524004848
"ISEA aperture 4, res 6","17065",63.2767735956912,12452.8203053213
"ISEA aperture 4, res 6","16704",63.0240674172034,12452.8891933353
"ISEA aperture 4, res 6","17959",62.9952414099625,12452.780065458
"ISEA aperture 4, res 6","395",62.919537690118,12452.5778585821
"ISEA aperture 4, res 6","1657",62.8079809052477,12452.820259792
"ISEA aperture 4, res 6","850",62.8794451409093,12452.6469769525
"ISEA aperture 4, res 6","16628",62.7486627929928,12452.6683522743
"ISEA aperture 4, res 6","20225",62.5756793915073,12452.8776254508
"ISEA aperture 4, res 6","383",62.8051801479836,12452.5593157059
"ISEA aperture 4, res 6","16636",62.9195377991384,12452.5778585781
"ISEA aperture 4, res 6","16634",63.0611963480546,12452.6152278495
"ISEA aperture 4, res 6","1177",63.5530293191124,12452.7785075658
"ISEA aperture 4, res 6","19509",62.8794455522309,12452.6469771134
"ISEA aperture 4, res 6","18410",63.4144698534127,12452.8267322277
"ISEA aperture 4, res 6","1530",63.4410343213226,12452.8311539284
"ISEA aperture 4, res 6","1213",63.5530294675036,12452.7785076859
"ISEA aperture 4, res 6","1774",63.903485129938,12444.8123097629
"ISEA aperture 4, res 6","16689",63.0235548652401,12452.7787871152
"ISEA aperture 4, res 6","19900",64.0182972592296,12452.5207260927
"ISEA aperture 4, res 6","17319",63.2694567161209,12452.7915274198
"ISEA aperture 4, res 6","511",63.0051345490578,12452.5965253892
"ISEA aperture 4, res 6","1771",63.2694562292725,12452.7915274017
"ISEA aperture 4, res 6","1046",63.2733328071216,12452.7742869498
"ISEA aperture 4, res 6","17128",63.0314786048404,12452.8114854347
"ISEA aperture 4, res 6","639",63.0870575704288,12452.5558879756
"ISEA aperture 4, res 6","590",63.0870573835023,12452.5558877854
"ISEA aperture 4, res 6","19769",63.0870577383254,12452.5558879729
"ISEA aperture 4, res 6","1277",63.215316253277,12452.7833866514
"ISEA aperture 4, res 6","1529",64.0001965380024,12452.8341410894
"ISEA aperture 4, res 6","460",63.005134357937,12452.5965251823
"ISEA aperture 4, res 6","721",64.0449551453447,12452.5539588646
"ISEA aperture 4, res 6","16876",63.3550463481708,12452.8340169068
"ISEA aperture 4, res 6","18152",63.0314786759153,12452.8114854538
"ISEA aperture 4, res 6","16769",63.5323054123459,12452.873520145
"ISEA aperture 4, res 6","1639",64.1063447267279,12453.918568643
"ISEA aperture 4, res 6","19510",63.9550972365242,12452.5812612656
"ISEA aperture 4, res 6","125",63.5323055952604,12452.8735199367
"ISEA aperture 4, res 6","1340",63.5804190691262,12452.8142016273
"ISEA aperture 4, res 6","1440",63.9748018086249,12452.8378300993
"ISEA aperture 4, res 6","18153",64.1063452635331,12453.9185686936
"ISEA aperture 4, res 6","16700",64.0182970609701,12452.5207258936
"ISEA aperture 4, res 6","830",63.9550970072777,12452.5812612681
"ISEA aperture 4, res 6","189",63.9745468969862,12452.8843625694
"ISEA aperture 4, res 6","1402",64.4838757949549,12452.8452121028
"ISEA aperture 4, res 6","894",63.8328985462176,12452.6079066289
"ISEA aperture 4, res 6","17511",63.9034856257204,12444.8123097744
"ISEA aperture 4, res 6","18862",63.5804194396889,12452.8142016254
"ISEA aperture 4, res 6","18346",63.9111286486248,12452.8283290427
"ISEA aperture 4, res 6","1779",63.5087255913259,12452.7822890378
"ISEA aperture 4, res 6","1339",64.2872355496364,12452.7969809293
"ISEA aperture 4, res 6","16758",64.920627777283,12452.7434035066
"ISEA aperture 4, res 6","18089",64.4641977657378,12452.8867918457
"ISEA aperture 4, res 6","18669",64.4838761983617,12452.8452121056
"ISEA aperture 4, res 6","1243",63.9757879608388,12452.7920575272
"ISEA aperture 4, res 6","20032",64.9294837770385,12452.8796312807
"ISEA aperture 4, res 6","60",64.0136775211141,12453.017335544
"ISEA aperture 4, res 6","574",64.1223802026041,12452.5655375405
"ISEA aperture 4, res 6","382",63.9215791135679,12452.4985943621
"ISEA aperture 4, res 6","786",63.9550968306095,12452.5812610946
"ISEA aperture 4, res 6","19966",64.7288666639418,12452.9143025511
"ISEA aperture 4, res 6","16818",64.9821110408921,12452.7595464134
"ISEA aperture 4, res 6","16767",64.3738971182029,12452.8976984373
"ISEA aperture 4, res 6","1244",64.7120669367275,12452.7970605385
"ISEA aperture 4, res 6","19835",64.0854987409162,12452.5430796019
"ISEA aperture 4, res 6","701",65.1152012070827,12452.4587465293
"ISEA aperture 4, res 6","18025",64.7824387089797,12452.8526701842
"ISEA aperture 4, res 6","17003",64.0001968671702,12452.8341410247
"ISEA aperture 4, res 6","16699",64.0854985446159,12452.5430794006
"ISEA aperture 4, res 6","983",65.2546086550001,12452.7523904287
"ISEA aperture 4, res 6","957",64.5940661020083,12452.756011563
"ISEA aperture 4, res 6","74",65.4578188444044,12452.7980343076
"ISEA aperture 4, res 6","527",65.1789586228233,12452.5025055246
"ISEA aperture 4, res 6","16819",65.2546089510697,12452.7523904302
"ISEA aperture 4, res 6","637",65.1632569351249,12452.7907681563
"ISEA aperture 4, res 6","19187",65.2546091148908,12452.7523905823
"ISEA aperture 4, res 6","765",65.0344010419995,12451.6197434109
"ISEA aperture 4, res 6","1464",65.1194258407,12452.8483219883
"ISEA aperture 4, res 6","17005",65.1030893887167,12452.8518269632
"ISEA aperture 4, res 6","9",64.9821975950805,12452.996819468
"ISEA aperture 4, res 6","19057",64.6775952089808,12452.7663637384
"ISEA aperture 4, res 6","1643",65.2977172653718,12452.7087981507
"ISEA aperture 4, res 6","18154",65.1809272720045,12452.9698449162
"ISEA aperture 4, res 6","16765",65.0381394606218,12451.8149317967
"ISEA aperture 4, res 6","17833",65.4966177967493,12452.6670233791
"ISEA aperture 4, res 6","17195",65.4692534608958,12454.5799407328
"ISEA aperture 4, res 6","18670",65.617148126112,12452.8621114147
"ISEA aperture 4, res 6","1509",65.4692530046316,12454.5799407306
"ISEA aperture 4, res 6","203",65.3211466975243,12452.8920822391
"ISEA aperture 4, res 6","17386",65.8275595577749,12452.9310209291
"ISEA aperture 4, res 6","1525",65.8830276242716,12453.0745177751
"ISEA aperture 4, res 6","17705",65.8275739219987,12451.7952231025
"ISEA aperture 4, res 6","18283",65.4692535418185,12454.579940792
"ISEA aperture 4, res 6","1649",65.4966173023694,12452.6670233986
"ISEA aperture 4, res 6","1048",64.9821107292254,12452.7595464131
"ISEA aperture 4, res 6","788",65.874205766627,12452.7293239963
"ISEA aperture 4, res 6","509",65.162853816339,12452.4753300595
"ISEA aperture 4, res 6","397",65.1156366607371,12455.2012137443
"ISEA aperture 4, res 6","187",65.888712676914,12453.307624048
"ISEA aperture 4, res 6","17897",65.2977177897807,12452.7087981252
"ISEA aperture 4, res 6","444",66.2118156464028,12451.7490061807
"ISEA aperture 4, res 6","333",65.9636883404985,12452.9271353275
"ISEA aperture 4, res 6","18864",65.8488261473691,12453.0622955203
"ISEA aperture 4, res 6","18606",66.2360456319018,12452.8736828357
"ISEA aperture 4, res 6","1645",65.6641274935222,12445.855303535
"ISEA aperture 4, res 6","1083",65.8072573981694,12452.7387924164
"ISEA aperture 4, res 6","19968",65.8887127237371,12453.3076240492
"ISEA aperture 4, res 6","18800",66.5629844048212,12453.1340019289
"ISEA aperture 4, res 6","593",66.1916170312298,12453.178037005
"ISEA aperture 4, res 6","17196",66.1239485146349,12454.9774831058
"ISEA aperture 4, res 6","17513",65.4966177716791,12452.6670234782
"ISEA aperture 4, res 6","764",66.0136369681002,12452.7212534529
"ISEA aperture 4, res 6","19837",65.9636886498474,12452.9271351041
"ISEA aperture 4, res 6","723",66.0136367921531,12452.7212532629
"ISEA aperture 4, res 6","955",66.3780580543027,12452.7305226044
"ISEA aperture 4, res 6","19577",66.1916174096612,12453.1780372098
"ISEA aperture 4, res 6","17008",66.5629842715726,12453.1340018008
"ISEA aperture 4, res 6","1209",66.5629840246474,12453.1340019303
"ISEA aperture 4, res 6","572",66.2307160977722,12452.8305411
"ISEA aperture 4, res 6","1399",66.2424971934269,12452.871530279
"ISEA aperture 4, res 6","528",66.2307159120844,12452.8305408854
"ISEA aperture 4, res 6","18994",66.6105317380759,12452.7974756354
"ISEA aperture 4, res 6","204",66.2728937584081,12452.88658657
"ISEA aperture 4, res 6","186",66.85205932766,12452.7980223985
"ISEA aperture 4, res 6","984",66.1091468012405,12452.6675948939
"ISEA aperture 4, res 6","1336",66.2360452173083,12452.8736828456
"ISEA aperture 4, res 6","1512",66.5854360932528,12453.1366005865
"ISEA aperture 4, res 6","17514",66.3032753138815,12452.6952202412
"ISEA aperture 4, res 6","1246",66.1042620668501,12452.8733464611
"ISEA aperture 4, res 6","1116",66.9919413517501,12453.4731999656
"ISEA aperture 4, res 6","19707",66.2372143368899,12452.8315697956
"ISEA aperture 4, res 6","16946",66.6105315877893,12452.7974754827
"ISEA aperture 4, res 6","269",66.6085065983016,12452.900991823
"ISEA aperture 4, res 6","17706",66.7998078371783,12452.0969387426
"ISEA aperture 4, res 6","17324",66.9714808394568,12453.2877228957
"ISEA aperture 4, res 6","17515",67.1101688054833,12450.0991298225
"ISEA aperture 4, res 6","827",66.8146729349577,12452.7109339084
"ISEA aperture 4, res 6","18413",66.7582462751665,12455.4203146853
"ISEA aperture 4, res 6","19839",67.22890368601,12453.3560516402
"ISEA aperture 4, res 6","18027",66.8706929016986,12453.1522658999
"ISEA aperture 4, res 6","763",66.9816811313399,12453.1378339477
"ISEA aperture 4, res 6","17899",67.3032851148736,12452.8172827637
"ISEA aperture 4, res 6","890",67.5091704727438,12453.6493595199
"ISEA aperture 4, res 6","315",66.6085067954204,12452.9009916076
"ISEA aperture 4, res 6","1516",67.4517548572551,12454.5048524761
"ISEA aperture 4, res 6","17770",66.623061066073,12448.6584799928
"ISEA aperture 4, res 6","19904",66.8520593760464,12452.7980224
"ISEA aperture 4, res 6","1513",66.8706923714958,12453.1522658815
"ISEA aperture 4, res 6","1272",66.7558705923444,12452.8883603536
"ISEA aperture 4, res 6","855",67.5091703112504,12453.6493593366
"ISEA aperture 4, res 6","16889",67.2127846058591,12452.8307335425
"ISEA aperture 4, res 6","1381",67.6702859742915,12453.5412377374
"ISEA aperture 4, res 6","1446",66.9714803729949,12453.2877229025
"ISEA aperture 4, res 6","17198",67.3702511838017,12455.9083207531
"ISEA aperture 4, res 6","16957",67.828290681399,12452.9113561997
"ISEA aperture 4, res 6","18995",67.7555924638698,12453.6339349682
"ISEA aperture 4, res 6","19448",67.114340863005,12453.2098532403
"ISEA aperture 4, res 6","205",67.2289034150888,12453.3560518379
"ISEA aperture 4, res 6","1517",67.5715317331378,12451.2357632244
"ISEA aperture 4, res 6","250",67.2289036136894,12453.3560516397
"ISEA aperture 4, res 6","16951",67.9373332442487,12453.3691495803
"ISEA aperture 4, res 6","790",67.7406408879213,12453.7263604441
"ISEA aperture 4, res 6","185",67.8193393149012,12452.7978639618
"ISEA aperture 4, res 6","1207",67.9011815701731,12452.9305014172
"ISEA aperture 4, res 6","19905",67.3987887793769,12452.7977400466
"ISEA aperture 4, res 6","17516",67.9124114259009,12449.0883726311
"ISEA aperture 4, res 6","724",66.981680957814,12453.1378337542
"ISEA aperture 4, res 6","18414",67.8806450375609,12453.5621588437
"ISEA aperture 4, res 6","17579",67.3032850885179,12452.8172827251
"ISEA aperture 4, res 6","17089",68.3747172000676,12452.7976123301
"ISEA aperture 4, res 6","18543",67.9581078221613,12456.4577203572
"ISEA aperture 4, res 6","1080",68.1429102713936,12452.9399488249
"ISEA aperture 4, res 6","1144",67.710745840629,12452.9215472978
"ISEA aperture 4, res 6","17708",68.4171222648667,12443.1293826321
"ISEA aperture 4, res 6","17137",68.3991398765505,12452.9537909099
"ISEA aperture 4, res 6","826",67.7406410541839,12453.7263606418
"ISEA aperture 4, res 6","18866",68.1429106373953,12452.9399488256
"ISEA aperture 4, res 6","17023",68.1889218645949,12453.0642695367
"ISEA aperture 4, res 6","17012",68.0881265417597,12453.3201050212
"ISEA aperture 4, res 6","953",68.0881263765207,12453.3201052049
"ISEA aperture 4, res 6","1118",68.3991394879346,12452.9537909136
"ISEA aperture 4, res 6","17136",67.9011818540006,12452.9305012786
"ISEA aperture 4, res 6","1249",67.9581072919307,12456.4577202217
"ISEA aperture 4, res 6","698",68.0991053834888,12452.9691057198
"ISEA aperture 4, res 6","17325",67.6702864346767,12453.541237735
"ISEA aperture 4, res 6","17389",68.0619276931662,12453.784610477
"ISEA aperture 4, res 6","19254",67.7406413287594,12453.7263606394
"ISEA aperture 4, res 6","1448",67.6453769809546,12453.6078799776
"ISEA aperture 4, res 6","1384",68.7052766053002,12451.5265669397
"ISEA aperture 4, res 6","17074",68.1429104976348,12452.9399486624
"ISEA aperture 4, res 6","18350",68.3498336436229,12453.8003896951
"ISEA aperture 4, res 6","17517",68.7052770882013,12451.5265669405
"ISEA aperture 4, res 6","1383",68.4076319428479,12448.8107460802
"ISEA aperture 4, res 6","206",68.1889217949582,12453.0642695387
"ISEA aperture 4, res 6","19060",68.0881266986495,12453.3201052047
"ISEA aperture 4, res 6","1331",68.7752260729148,12454.2117784777
"ISEA aperture 4, res 6","987",68.5431551043788,12452.9594614596
"ISEA aperture 4, res 6","856",68.3866238499606,12452.9590729665
"ISEA aperture 4, res 6","762",67.9373331640183,12453.369149787
"ISEA aperture 4, res 6","19449",68.2260305298491,12452.9834471203
"ISEA aperture 4, res 6","16952",68.0991054404253,12452.9691055233
"ISEA aperture 4, res 6","1395",68.0619272900605,12453.7846105747
"ISEA aperture 4, res 6","1457",67.9124109804096,12449.0883726945
"ISEA aperture 4, res 6","120",68.3747173790674,12452.7976121585
"ISEA aperture 4, res 6","19514",68.3183970853211,12446.3592194201
"ISEA aperture 4, res 6","1268",69.007942496096,12454.1100291073
"ISEA aperture 4, res 6","18802",68.8670384201549,12453.015579861
"ISEA aperture 4, res 6","988",69.3034923172022,12453.0622871127
"ISEA aperture 4, res 6","857",69.2435535533702,12453.0014674785
"ISEA aperture 4, res 6","19320",69.0724206587374,12453.011432719
"ISEA aperture 4, res 6","726",68.8791065060212,12452.9934467121
"ISEA aperture 4, res 6","1206",68.5200190042057,12457.0713940286
"ISEA aperture 4, res 6","17581",68.9529163435117,12452.5955107759
"ISEA aperture 4, res 6","791",68.6504326217188,12452.9759707808
"ISEA aperture 4, res 6","505",69.1165581451797,12456.9085325939
"ISEA aperture 4, res 6","17901",69.2915200078052,12452.4026768869
"ISEA aperture 4, res 6","1053",68.867037911172,12453.0155796928
"ISEA aperture 4, res 6","17202",69.5592521249487,12458.3420811755
"ISEA aperture 4, res 6","1252",69.468561115742,12447.9955791079
"ISEA aperture 4, res 6","17201",69.0542707794708,12457.6955511357
"ISEA aperture 4, res 6","78",69.3540768260001,12452.798509339
"ISEA aperture 4, res 6","19450",69.2032737583594,12453.7200128776
"ISEA aperture 4, res 6","1319",69.4843384712265,12451.948732362
"ISEA aperture 4, res 6","19580",68.9706443127458,12452.9235159349
"ISEA aperture 4, res 6","19777",69.3540770543952,12452.798509187
"ISEA aperture 4, res 6","19515",69.1165583236578,12456.908532594
"ISEA aperture 4, res 6","18544",69.1015251959378,12453.9805636847
"ISEA aperture 4, res 6","17837",69.3759862701937,12451.9396197713
"ISEA aperture 4, res 6","1330",69.1542439640894,12446.9086194742
"ISEA aperture 4, res 6","760",69.8051272085397,12453.0467657898
"ISEA aperture 4, res 6","1185",69.101524665213,12453.9805635277
"ISEA aperture 4, res 6","17391",69.4685615718129,12447.9955791191
"ISEA aperture 4, res 6","1388",69.3759857679,12451.9396197598
"ISEA aperture 4, res 6","17019",69.1165581314211,12456.9085328057
"ISEA aperture 4, res 6","17645",69.1488331306228,12452.3774809688
"ISEA aperture 4, res 6","17328",69.6425453598408,12454.4556943034
"ISEA aperture 4, res 6","17016",69.0724204812303,12453.0114256218
"ISEA aperture 4, res 6","17017",69.230379467849,12445.6941286611
"ISEA aperture 4, res 6","888",69.2435537065807,12453.0014676776
"ISEA aperture 4, res 6","18351",69.4685616527434,12447.9955792567
"ISEA aperture 4, res 6","17018",69.2032735706294,12453.720023743
"ISEA aperture 4, res 6","17086",69.4592150463806,12453.3638927471
"ISEA aperture 4, res 6","18545",70.2517077799921,12447.5457846599
"ISEA aperture 4, res 6","79",70.3367118197673,12452.8028452032
"ISEA aperture 4, res 6","18480",69.6425454568113,12454.4556944731
"ISEA aperture 4, res 6","19126",69.5419928150692,12453.0237588876
"ISEA aperture 4, res 6","19581",69.7077941856556,12452.8963228915
"ISEA aperture 4, res 6","19451",70.0240977293539,12456.6102289289
"ISEA aperture 4, res 6","1204",69.6425450168483,12454.4556944344
"ISEA aperture 4, res 6","18223",70.2455912633253,12452.3048476391
"ISEA aperture 4, res 6","17203",70.0334839796137,12459.0458946609
"ISEA aperture 4, res 6","1202",70.588933854528,12451.6968208022
"ISEA aperture 4, res 6","17902",70.3295389517148,12453.9737134046
"ISEA aperture 4, res 6","17084",69.8965634378239,12452.908339363
"ISEA aperture 4, res 6","1078",69.5592518590202,12458.34208136
"ISEA aperture 4, res 6","17142",70.4127514814577,12459.6477422065
"ISEA aperture 4, res 6","1324",70.394207112719,12449.8151022745
"ISEA aperture 4, res 6","887",70.0773067965311,12459.0808442303
"ISEA aperture 4, res 6","1141",69.672974517735,12454.2278964963
"ISEA aperture 4, res 6","17080",70.0326475267922,12450.138316232
"ISEA aperture 4, res 6","19062",70.412751640271,12459.6477482401
"ISEA aperture 4, res 6","403",70.824347760376,12452.8264531405
"ISEA aperture 4, res 6","53",70.8629790193248,12452.891053877
"ISEA aperture 4, res 6","17083",70.0240975381877,12456.6102291358
"ISEA aperture 4, res 6","273",70.4162547002101,12453.2779188218
"ISEA aperture 4, res 6","568",70.0894579611715,12453.6460638005
"ISEA aperture 4, res 6","17149",70.6517403172154,12452.8322953115
"ISEA aperture 4, res 6","1323",70.3295384442388,12453.973713538
"ISEA aperture 4, res 6","793",70.4127511697182,12459.647742817
"ISEA aperture 4, res 6","17710",70.1470865918647,12452.8323046297
"ISEA aperture 4, res 6","823",70.4127513237625,12459.6477483082
"ISEA aperture 4, res 6","19386",70.0894581731844,12453.646063802
"ISEA aperture 4, res 6","1187",70.1396428486739,12446.079869747
"ISEA aperture 4, res 6","632",70.0922471963344,12448.6511287942
"ISEA aperture 4, res 6","17144",70.8651499328909,12453.0443236428
"ISEA aperture 4, res 6","1201",70.9855464563955,12452.5109137254
"ISEA aperture 4, res 6","19647",70.1198543989558,12452.7758246513
"ISEA aperture 4, res 6","1321",69.986778897217,12452.5825953965
"ISEA aperture 4, res 6","17205",70.8845942002656,12454.6423975178
"ISEA aperture 4, res 6","1190",71.3216753256608,12453.2722836237
"ISEA aperture 4, res 6","144",70.7427568332824,12452.8043499896
"ISEA aperture 4, res 6","17146",70.9755923482452,12453.4375489213
"ISEA aperture 4, res 6","18675",71.3868048501553,12444.8141818291
"ISEA aperture 4, res 6","17520",70.9855468604654,12452.5109120889
"ISEA aperture 4, res 6","18095",70.7998056507257,12452.9109681611
"ISEA aperture 4, res 6","18998",71.2594058270362,12444.2448398561
"ISEA aperture 4, res 6","949",71.2115130573213,12446.7310420252
"ISEA aperture 4, res 6","1259",71.3563395179727,12451.6718092574
"ISEA aperture 4, res 6","18739",70.7294315437888,12454.7747547286
"ISEA aperture 4, res 6","439",70.8243479496481,12452.82645295
"ISEA aperture 4, res 6","17647",70.7998056126753,12452.9109681676
"ISEA aperture 4, res 6","1056",70.8336564501176,12446.8196987411
"ISEA aperture 4, res 6","17584",71.3216758032662,12453.2722836694
"ISEA aperture 4, res 6","17583",70.5542825527435,12452.612031674
"ISEA aperture 4, res 6","17268",71.2115133041469,12446.7310385982
"ISEA aperture 4, res 6","80",71.3224601707377,12452.8019718768
"ISEA aperture 4, res 6","925",71.2115129280671,12446.7310399572
"ISEA aperture 4, res 6","17206",71.2594056731287,12444.2448402569
"ISEA aperture 4, res 6","664",71.6932322025031,12452.8717375068
"ISEA aperture 4, res 6","630",71.8107126783166,12449.1977096825
"ISEA aperture 4, res 6","18804",71.2115134373857,12446.7310419289
"ISEA aperture 4, res 6","1189",70.9855463913069,12452.5109140376
"ISEA aperture 4, res 6","1191",71.6687521796246,12452.7416851572
"ISEA aperture 4, res 6","1260",71.3563395235163,12451.6718092083
"ISEA aperture 4, res 6","17712",71.9542795078411,12453.1338632928
"ISEA aperture 4, res 6","1261",71.2578187624048,12453.4858753526
"ISEA aperture 4, res 6","1012",71.3868044416673,12444.8141823766
"ISEA aperture 4, res 6","17394",71.4069399058173,12450.7897173719
"ISEA aperture 4, res 6","19063",71.5088636487483,12451.4667245677
"ISEA aperture 4, res 6","17208",71.6932324814991,12452.871737502
"ISEA aperture 4, res 6","1123",71.2719805155386,12452.3105639518
"ISEA aperture 4, res 6","1192",71.9542790184774,12453.1338632917
"ISEA aperture 4, res 6","794",71.2594053455991,12444.2448451342
"ISEA aperture 4, res 6","16",71.8535720734707,12452.8745670996
"ISEA aperture 4, res 6","17333",72.3600784821229,12452.2760447679
"ISEA aperture 4, res 6","18611",71.9997048498397,12452.8086325796
"ISEA aperture 4, res 6","17212",71.7530428120627,12452.9120565755
"ISEA aperture 4, res 6","18418",72.4291873258143,12451.4153481268
"ISEA aperture 4, res 6","992",71.9997043209638,12452.8086333829
"ISEA aperture 4, res 6","19258",71.8600949754916,12453.5404010284
"ISEA aperture 4, res 6","17521",71.701306681285,12453.6181655751
"ISEA aperture 4, res 6","19323",71.8408252013446,12456.0743909327
"ISEA aperture 4, res 6","19519",72.0631323798389,12452.8029099347
"ISEA aperture 4, res 6","17207",71.5088634870664,12451.4667277765
"ISEA aperture 4, res 6","210",72.0631320936765,12452.8029100904
"ISEA aperture 4, res 6","309",72.337652259595,12452.8049986224
"ISEA aperture 4, res 6","534",71.8600945679828,12453.5404012218
"ISEA aperture 4, res 6","18160",71.6687527096141,12452.7416849543
"ISEA aperture 4, res 6","116",72.311152967269,12452.8030119454
"ISEA aperture 4, res 6","1125",72.1256822677038,12453.2094670196
"ISEA aperture 4, res 6","18869",71.6611958810546,12443.1567427262
"ISEA aperture 4, res 6","502",71.8408250002177,12456.0743909428
"ISEA aperture 4, res 6","18547",72.5715138169227,12451.2915163634
"ISEA aperture 4, res 6","1195",72.3436199121097,12452.7846282797
"ISEA aperture 4, res 6","19389",72.5445018193699,12453.3294603624
"ISEA aperture 4, res 6","1135",72.4991814501979,12452.6607209693
"ISEA aperture 4, res 6","862",73.0388074233895,12452.6458781253
"ISEA aperture 4, res 6","1134",72.812225600996,12451.8790785763
"ISEA aperture 4, res 6","17272",72.5142188991751,12452.9848071827
"ISEA aperture 4, res 6","17522",72.4291872427521,12451.4153488901
"ISEA aperture 4, res 6","994",73.1088945056411,12452.6516597004
"ISEA aperture 4, res 6","17459",72.5715137155641,12451.2915179815
"ISEA aperture 4, res 6","18805",72.3600786169828,12452.2760415629
"ISEA aperture 4, res 6","18032",72.1673301313488,12452.5244040404
"ISEA aperture 4, res 6","17274",72.741109396934,12453.4729883362
"ISEA aperture 4, res 6","1197",72.1673296367954,12452.5244040415
"ISEA aperture 4, res 6","19324",72.6815322168091,12452.901918665
"ISEA aperture 4, res 6","17523",73.1088949478042,12452.6516596871
"ISEA aperture 4, res 6","19454",72.3376523785813,12452.804998621
"ISEA aperture 4, res 6","17969",73.3079592287012,12452.759627413
"ISEA aperture 4, res 6","1071",73.2933814081216,12452.2442719023
"ISEA aperture 4, res 6","115",73.3026124416264,12452.798291013
"ISEA aperture 4, res 6","1009",73.1088945956629,12452.6516595231
"ISEA aperture 4, res 6","244",73.038434082632,12452.8018102466
"ISEA aperture 4, res 6","17334",72.7482564933811,12452.6221906104
"ISEA aperture 4, res 6","17713",72.81222604471,12451.879078712
"ISEA aperture 4, res 6","51",72.8468121472824,12452.882528129
"ISEA aperture 4, res 6","17398",73.4671084059777,12452.419095009
"ISEA aperture 4, res 6","17343",73.0384339733062,12452.8018104138
"ISEA aperture 4, res 6","18161",72.8122260880671,12451.8790785754
"ISEA aperture 4, res 6","731",73.070952502071,12452.8470177537
"ISEA aperture 4, res 6","19390",73.3007962031799,12452.8036756281
"ISEA aperture 4, res 6","19520",72.7073931410612,12452.8002920366
"ISEA aperture 4, res 6","211",73.0384338855035,12452.8018103937
"ISEA aperture 4, res 6","18097",73.0559820899463,12452.3620277764
"ISEA aperture 4, res 6","18290",73.2933818824313,12452.2442718979
"ISEA aperture 4, res 6","17336",73.3249793146152,12451.9114804848
"ISEA aperture 4, res 6","17905",73.3079592222499,12452.7596274327
"ISEA aperture 4, res 6","19065",73.5075403246743,12449.8601079577
"ISEA aperture 4, res 6","19521",73.3026124749571,12452.7982910135
"ISEA aperture 4, res 6","17586",72.8867131728483,12451.2237938046
"ISEA aperture 4, res 6","692",73.3249791695196,12451.9114802965
"ISEA aperture 4, res 6","755",73.8294160448319,12452.8400515556
"ISEA aperture 4, res 6","18677",73.6917110478244,12452.6386362487
"ISEA aperture 4, res 6","17778",73.9205625399814,12452.5485390967
"ISEA aperture 4, res 6","17342",73.3007960036426,12452.8036757861
"ISEA aperture 4, res 6","819",73.467108175699,12452.4190948187
"ISEA aperture 4, res 6","179",73.6936224323196,12452.7994073741
"ISEA aperture 4, res 6","18355",74.049296329034,12452.710273915
"ISEA aperture 4, res 6","19325",73.4915531253777,12453.2838300315
"ISEA aperture 4, res 6","18",73.8425645787433,12452.7992339502
"ISEA aperture 4, res 6","276",73.3007958838808,12452.8036757811
"ISEA aperture 4, res 6","18548",73.7379829166972,12452.7011667594
"ISEA aperture 4, res 6","17587",73.6041642734386,12452.6821002374
"ISEA aperture 4, res 6","691",74.1218429441581,12451.9924587106
"ISEA aperture 4, res 6","17715",74.4361936296405,12452.7353160757
"ISEA aperture 4, res 6","17339",73.650268355786,12453.3040661233
"ISEA aperture 4, res 6","627",74.3408418132292,12450.1241074413
"ISEA aperture 4, res 6","83",74.2966513686553,12452.8364300714
"ISEA aperture 4, res 6","18484",74.2748209084351,12452.7199885965
"ISEA aperture 4, res 6","17399",73.8294162425721,12452.8400517324
"ISEA aperture 4, res 6","371",74.4376007699226,12453.2400423022
"ISEA aperture 4, res 6","212",74.015552971217,12452.8007569785
"ISEA aperture 4, res 6","499",74.5476714298539,12453.2552025195
"ISEA aperture 4, res 6","1069",73.9205620911278,12452.5485389987
"ISEA aperture 4, res 6","18098",74.1260616109682,12452.7152469261
"ISEA aperture 4, res 6","1068",74.1260611173352,12452.7152469268
"ISEA aperture 4, res 6","114",74.296651568885,12452.8364299389
"ISEA aperture 4, res 6","1065",74.2516953802957,12452.722030371
"ISEA aperture 4, res 6","243",74.0155531679398,12452.8007568223
"ISEA aperture 4, res 6","930",74.2748203735447,12452.7199887595
"ISEA aperture 4, res 6","563",74.4834794197462,12453.3460334588
"ISEA aperture 4, res 6","1067",74.2516953934587,12452.7220303368
"ISEA aperture 4, res 6","733",74.5666216610235,12452.833431481
"ISEA aperture 4, res 6","17525",74.312435391023,12452.7347299457
"ISEA aperture 4, res 6","17405",74.437600741413,12453.2400424502
"ISEA aperture 4, res 6","17588",74.2748208146942,12452.71998877
"ISEA aperture 4, res 6","178",74.6820370938915,12452.7985618453
"ISEA aperture 4, res 6","17970",74.2939742331461,12452.8433594144
"ISEA aperture 4, res 6","18678",74.8272808861474,12452.6644130105
"ISEA aperture 4, res 6","19326",74.2645879549399,12452.8024089952
"ISEA aperture 4, res 6","18549",74.8939622087587,12452.7881919008
"ISEA aperture 4, res 6","18936",74.121843264972,12451.9924587185
"ISEA aperture 4, res 6","667",74.1218427908052,12451.9924588919
"ISEA aperture 4, res 6","944",74.2748204644332,12452.7199885759
"ISEA aperture 4, res 6","19196",74.5323583176885,12454.9279376969
"ISEA aperture 4, res 6","798",74.1621123572896,12452.5190161336
"ISEA aperture 4, res 6","498",75.4369879088751,12453.2086452554
"ISEA aperture 4, res 6","17464",74.9004968840996,12452.0697911799
"ISEA aperture 4, res 6","407",74.5323579344405,12454.9279378536
"ISEA aperture 4, res 6","19393",75.2930709991963,12452.7993671148
"ISEA aperture 4, res 6","1001",75.2589448237579,12452.8333538758
"ISEA aperture 4, res 6","49",74.8406941433763,12452.7958500412
"ISEA aperture 4, res 6","603",75.1592700015939,12452.9318156124
"ISEA aperture 4, res 6","17652",74.7628523936708,12452.7373411881
"ISEA aperture 4, res 6","278",75.228113500684,12452.8012006233
"ISEA aperture 4, res 6","816",75.4558651103009,12452.7881349017
"ISEA aperture 4, res 6","473",75.4369877342627,12453.2086454057
"ISEA aperture 4, res 6","18227",74.7570472639325,12452.7947398164
"ISEA aperture 4, res 6","17971",75.2589453208105,12452.8333538755
"ISEA aperture 4, res 6","242",74.9939247081545,12452.7997508566
"ISEA aperture 4, res 6","562",75.3390824294321,12450.7315090398
"ISEA aperture 4, res 6","800",75.4558649978668,12452.7881350505
"ISEA aperture 4, res 6","17470",75.2281136351744,12452.8012006319
"ISEA aperture 4, res 6","17469",75.3812764399527,12453.1981381881
"ISEA aperture 4, res 6","940",75.854770322129,12452.7792123201
"ISEA aperture 4, res 6","735",75.9541325854215,12452.6108783438
"ISEA aperture 4, res 6","815",76.0403687529876,12452.78807625
"ISEA aperture 4, res 6","306",75.2281136932579,12452.8012004978
"ISEA aperture 4, res 6","17468",75.4512051584038,12454.7289333652
"ISEA aperture 4, res 6","17537",75.2930707935154,12452.7993672399
"ISEA aperture 4, res 6","866",75.4286734534998,12452.7881131921
"ISEA aperture 4, res 6","1003",75.1734815186917,12452.7350580999
"ISEA aperture 4, res 6","538",75.339082262892,12450.7315091966
"ISEA aperture 4, res 6","18873",75.9583499419365,12452.2387739844
"ISEA aperture 4, res 6","933",75.5605448585232,12452.7660451719
"ISEA aperture 4, res 6","561",76.1794539706817,12450.9330516313
"ISEA aperture 4, res 6","17591",75.9541329738859,12452.6108783386
"ISEA aperture 4, res 6","935",76.0701854054728,12452.7704040344
"ISEA aperture 4, res 6","214",75.9728762524414,12452.7987934556
"ISEA aperture 4, res 6","17529",75.9583497851093,12452.2387741276
"ISEA aperture 4, res 6","937",76.2458360367987,12452.8509773332
"ISEA aperture 4, res 6","18164",76.0701859275635,12452.7704039883
"ISEA aperture 4, res 6","409",76.3626887729989,12454.5391905861
"ISEA aperture 4, res 6","539",76.1794538084477,12450.9330517702
"ISEA aperture 4, res 6","19003",76.315146139496,12453.1645108063
"ISEA aperture 4, res 6","19068",76.3626891760862,12454.5391904533
"ISEA aperture 4, res 6","18228",75.8547708081055,12452.7792123195
"ISEA aperture 4, res 6","669",75.6558684839215,12452.8191309209
"ISEA aperture 4, res 6","18421",75.9085030322452,12452.8068049937
"ISEA aperture 4, res 6","17536",75.6722658643841,12452.8293800431
"ISEA aperture 4, res 6","17467",75.4369879744327,12453.2086454041
"ISEA aperture 4, res 6","18679",75.9541331012308,12452.6108782078
"ISEA aperture 4, res 6","18292",75.5605453930933,12452.7660450727
"ISEA aperture 4, res 6","112",76.291655705132,12452.7879779
"ISEA aperture 4, res 6","176",76.6638767185847,12452.8348170938
"ISEA aperture 4, res 6","18550",76.0403691807979,12452.788076246
"ISEA aperture 4, res 6","18486",76.572621296859,12452.7880277942
"ISEA aperture 4, res 6","17655",76.5907264221649,12452.7880529937
"ISEA aperture 4, res 6","17781",76.3251794631079,12452.7769239494
"ISEA aperture 4, res 6","150",76.6638765203864,12452.8348172099
"ISEA aperture 4, res 6","85",76.29165550505,12452.7879780138
"ISEA aperture 4, res 6","17972",76.2016399732219,12452.770811361
"ISEA aperture 4, res 6","687",77.0719461596381,12452.6549831324
"ISEA aperture 4, res 6","869",76.6705945730347,12452.779446215
"ISEA aperture 4, res 6","433",76.3626889521994,12454.5391904494
"ISEA aperture 4, res 6","18615",76.5907265401471,12452.7880528738
"ISEA aperture 4, res 6","474",76.3151457087905,12453.1645109358
"ISEA aperture 4, res 6","305",76.1902620407113,12452.800051611
"ISEA aperture 4, res 6","18293",76.6705951067754,12452.7794461411
"ISEA aperture 4, res 6","21",76.8435285273987,12452.7896842982
"ISEA aperture 4, res 6","47",76.8435287281265,12452.78968407
"ISEA aperture 4, res 6","215",76.9515900995581,12452.7978851775
"ISEA aperture 4, res 6","737",77.1785770602971,12452.7880148017
"ISEA aperture 4, res 6","86",77.2921701296094,12452.7879661451
"ISEA aperture 4, res 6","240",76.9515902944816,12452.7978850602
"ISEA aperture 4, res 6","17599",76.9515902125489,12452.7978851788
"ISEA aperture 4, res 6","304",77.1496529291111,12452.798963563
"ISEA aperture 4, res 6","605",76.732722468931,12452.296540338
"ISEA aperture 4, res 6","17718",76.5726212022829,12452.7880279116
"ISEA aperture 4, res 6","368",77.2543727578095,12453.1201099428
"ISEA aperture 4, res 6","19264",76.6638767969051,12452.8348170933
"ISEA aperture 4, res 6","874",77.1189190574158,12452.7472590436
"ISEA aperture 4, res 6","876",76.6705946272177,12452.7794461339
"ISEA aperture 4, res 6","751",76.59072613124,12452.788052882
"ISEA aperture 4, res 6","18680",77.0719465458886,12452.6549831262
"ISEA aperture 4, res 6","17598",77.1496528927347,12452.7989636818
"ISEA aperture 4, res 6","19069",77.2543729572538,12453.1201099275
"ISEA aperture 4, res 6","804",77.445530137347,12452.785581288
"ISEA aperture 4, res 6","216",77.929045286923,12452.8168084433
"ISEA aperture 4, res 6","18875",78.0218784217941,12451.5211410917
"ISEA aperture 4, res 6","541",77.7949684953783,12452.413291122
"ISEA aperture 4, res 6","871",77.1189190333322,12452.7472590759
"ISEA aperture 4, res 6","811",77.7687699273923,12452.7856067891
"ISEA aperture 4, res 6","475",77.1783522564758,12453.1228982421
"ISEA aperture 4, res 6","19134",77.1496530881842,12452.7989635583
"ISEA aperture 4, res 6","17595",77.178352527401,12453.1228982579
"ISEA aperture 4, res 6","17846",77.4455306060223,12452.7855812712
"ISEA aperture 4, res 6","476",78.0218779659721,12451.5211411964
"ISEA aperture 4, res 6","17658",77.7949688197284,12452.4132911363
"ISEA aperture 4, res 6","17664",77.6563520746035,12452.8093888642
"ISEA aperture 4, res 6","111",77.2921703295953,12452.7879660371
"ISEA aperture 4, res 6","18037",77.2109499935078,12452.8471630926
"ISEA aperture 4, res 6","17597",77.2543727682517,12453.1201100475
"ISEA aperture 4, res 6","18230",78.0059758172749,12452.772446781
"ISEA aperture 4, res 6","175",77.6563521937942,12452.8093887554
"ISEA aperture 4, res 6","686",77.7176389291069,12452.7880051592
"ISEA aperture 4, res 6","239",77.9290454809392,12452.8168083342
"ISEA aperture 4, res 6","673",78.3099007372768,12452.7879794911
"ISEA aperture 4, res 6","17783",77.7086750710916,12452.7879836581
"ISEA aperture 4, res 6","18294",77.7687704093333,12452.7856067759
"ISEA aperture 4, res 6","17659",78.0218782551436,12451.5211412143
"ISEA aperture 4, res 6","17721",78.1804548278722,12452.6875365287
"ISEA aperture 4, res 6","18166",78.1509803685297,12452.7792763275
"ISEA aperture 4, res 6","805",77.7687698767734,12452.7856068309
"ISEA aperture 4, res 6","623",77.4759749106573,12452.8070789423
"ISEA aperture 4, res 6","17657",77.4759751273106,12452.8070790504
"ISEA aperture 4, res 6","87",78.2943509315551,12452.7879557323
"ISEA aperture 4, res 6","806",78.005975292306,12452.7724468214
"ISEA aperture 4, res 6","18423",78.1714219720207,12452.7879587874
"ISEA aperture 4, res 6","18746",78.5575072329929,12452.8029113017
"ISEA aperture 4, res 6","17785",78.8371147102277,12452.7879757374
"ISEA aperture 4, res 6","23",78.8541880853714,12452.7843436569
"ISEA aperture 4, res 6","17661",78.1790246978575,12454.2266492027
"ISEA aperture 4, res 6","431",78.1510912075731,12453.0502890014
"ISEA aperture 4, res 6","17724",79.0195722386135,12453.0197902725
"ISEA aperture 4, res 6","18102",78.1997787193556,12452.8529252339
"ISEA aperture 4, res 6","17847",78.1714218913309,12452.7879588685
"ISEA aperture 4, res 6","152",78.6490549427205,12452.7879604726
"ISEA aperture 4, res 6","19005",78.1790248841368,12454.226649093
"ISEA aperture 4, res 6","18811",78.8397770787456,12451.3213594899
"ISEA aperture 4, res 6","494",78.839776764713,12451.3213594934
"ISEA aperture 4, res 6","18359",78.5570418446242,12452.7821028228
"ISEA aperture 4, res 6","346",78.179024488881,12454.2266492068
"ISEA aperture 4, res 6","622",78.1804545822213,12452.6875364157
"ISEA aperture 4, res 6","238",78.9039324127275,12452.8368984644
"ISEA aperture 4, res 6","18039",79.0607442390514,12452.7956496792
"ISEA aperture 4, res 6","18103",79.164643946747,12452.8236267339
"ISEA aperture 4, res 6","18424",79.2925315964193,12452.7879423763
"ISEA aperture 4, res 6","109",79.2978940779223,12452.7939152148
"ISEA aperture 4, res 6","19071",78.9039325505689,12452.8368984684
"ISEA aperture 4, res 6","743",79.1646434499766,12452.8236267321
"ISEA aperture 4, res 6","17728",78.6490550281792,12452.7879604765
"ISEA aperture 4, res 6","17727",78.9039323523237,12452.8368985686
"ISEA aperture 4, res 6","17786",79.2790799308243,12452.7133141078
"ISEA aperture 4, res 6","88",79.2978938782058,12452.793915312
"ISEA aperture 4, res 6","17849",79.4354341895223,12452.7879578528
"ISEA aperture 4, res 6","17793",79.2978939221375,12452.7939153096
"ISEA aperture 4, res 6","18231",79.060744268215,12452.7956496541
"ISEA aperture 4, res 6","282",79.0526329531442,12453.0109212039
"ISEA aperture 4, res 6","19136",78.6490552309999,12452.7879603757
"ISEA aperture 4, res 6","19006",79.0526333244821,12453.0109211015
"ISEA aperture 4, res 6","17790",79.9909127009873,12452.9808280809
"ISEA aperture 4, res 6","413",79.8631733817376,12451.9508680488
"ISEA aperture 4, res 6","18040",79.9328543872047,12452.7915974735
"ISEA aperture 4, res 6","675",79.2925310593226,12452.7879424424
"ISEA aperture 4, res 6","153",79.6411719623274,12452.7913026087
"ISEA aperture 4, res 6","19072",79.6411722581398,12452.7913025166
"ISEA aperture 4, res 6","493",79.6245304944469,12452.5395541048
"ISEA aperture 4, res 6","366",79.0913924929896,12453.8439568168
"ISEA aperture 4, res 6","682",79.6608002226742,12452.7870689054
"ISEA aperture 4, res 6","347",79.0913923151728,12453.8439569247
"ISEA aperture 4, res 6","17787",79.6245306787177,12452.5395541963
"ISEA aperture 4, res 6","173",79.6411721590244,12452.7913025166
"ISEA aperture 4, res 6","412",79.0195719689842,12453.0197902707
"ISEA aperture 4, res 6","681",79.9328539418833,12452.7915974307
"ISEA aperture 4, res 6","679",80.1563771743077,12452.852301182
"ISEA aperture 4, res 6","237",79.874518443635,12452.8242390366
"ISEA aperture 4, res 6","18683",80.3666250105228,12452.730547538
"ISEA aperture 4, res 6","479",80.3666245109911,12452.7305476207
"ISEA aperture 4, res 6","19073",80.3024351538805,12452.7880452668
"ISEA aperture 4, res 6","18168",80.1563776717913,12452.8523011814
"ISEA aperture 4, res 6","17789",79.9868957326932,12453.7136536983
"ISEA aperture 4, res 6","18425",80.4084469038163,12452.7846969491
"ISEA aperture 4, res 6","544",79.9493560657327,12452.7884300481
"ISEA aperture 4, res 6","348",79.9868954869643,12453.7136536965
"ISEA aperture 4, res 6","17792",79.6411720559553,12452.7913026095
"ISEA aperture 4, res 6","18360",79.6608006981934,12452.7870689113
"ISEA aperture 4, res 6","18618",79.9493565830221,12452.7884299792
"ISEA aperture 4, res 6","492",80.3666246492885,12452.7305475322
"ISEA aperture 4, res 6","44",79.8620923609618,12452.7880920897
"ISEA aperture 4, res 6","18878",80.9152184752597,12453.597328337
"ISEA aperture 4, res 6","17852",80.6738250059369,12452.6028417359
"ISEA aperture 4, res 6","300",80.9152182541602,12453.5973283373
"ISEA aperture 4, res 6","89",80.3024349001674,12452.7880453497
"ISEA aperture 4, res 6","18041",80.7571454059697,12452.781863368
"ISEA aperture 4, res 6","43",80.8715174590921,12452.7829223395
"ISEA aperture 4, res 6","611",80.4084463666624,12452.7846969887
"ISEA aperture 4, res 6","17854",80.9152182902876,12453.5973284182
"ISEA aperture 4, res 6","17857",80.3024349487985,12452.7880453512
"ISEA aperture 4, res 6","617",80.7571449847424,12452.78186334
"ISEA aperture 4, res 6","618",80.4084464417505,12452.7846969426
"ISEA aperture 4, res 6","236",80.8384322900867,12452.8202769756
"ISEA aperture 4, res 6","555",80.5560038435223,12452.7868999354
"ISEA aperture 4, res 6","17914",80.5560041505697,12452.7869000374
"ISEA aperture 4, res 6","428",80.6738248433086,12452.6028416535
"ISEA aperture 4, res 6","678",80.0999843187997,12452.7579559993
"ISEA aperture 4, res 6","284",80.9152180742565,12453.5973284184
"ISEA aperture 4, res 6","614",81.1203787312185,12452.7957727692
"ISEA aperture 4, res 6","90",81.3075164133906,12452.7871134977
"ISEA aperture 4, res 6","19008",80.6316228123696,12452.7873246747
"ISEA aperture 4, res 6","18426",81.5199140337753,12452.7861894357
"ISEA aperture 4, res 6","17921",81.307516467828,12452.7871134953
"ISEA aperture 4, res 6","414",80.6738246896367,12452.6028417337
"ISEA aperture 4, res 6","18169",81.1203792276902,12452.7957727698
"ISEA aperture 4, res 6","18490",81.0847526579321,12452.7791274592
"ISEA aperture 4, res 6","18105",80.9975789087691,12452.7814540859
"ISEA aperture 4, res 6","18943",80.8384324555229,12452.8202769779
"ISEA aperture 4, res 6","17915",81.0540922603361,12452.7871808927
"ISEA aperture 4, res 6","546",81.084752123055,12452.7791275049
"ISEA aperture 4, res 6","364",80.8593585969994,12452.184945971
"ISEA aperture 4, res 6","154",80.6316225074955,12452.787324758
"ISEA aperture 4, res 6","350",81.7003086417736,12452.1097107742
"ISEA aperture 4, res 6","17979",81.6721430711578,12452.7874077979
"ISEA aperture 4, res 6","235",81.7923058831883,12452.8149881701
"ISEA aperture 4, res 6","547",81.5199134966392,12452.7861894663
"ISEA aperture 4, res 6","18555",81.6721431852735,12452.7874077901
"ISEA aperture 4, res 6","18362",81.8455927692199,12452.782927093
"ISEA aperture 4, res 6","548",81.8455922366729,12452.7829271097
"ISEA aperture 4, res 6","415",81.4408793722184,12452.7464030645
"ISEA aperture 4, res 6","299",81.8196960176085,12453.4785514322
"ISEA aperture 4, res 6","220",81.7923056965944,12452.8149882475
"ISEA aperture 4, res 6","17978",81.0847525630373,12452.779127515
"ISEA aperture 4, res 6","17919",81.7923058752455,12452.8149882431
"ISEA aperture 4, res 6","363",81.7003088020513,12452.1097107032
"ISEA aperture 4, res 6","18879",81.7923060670837,12452.8149881708
"ISEA aperture 4, res 6","17917",81.7003089374551,12452.1097107738
"ISEA aperture 4, res 6","362",82.4979663748779,12452.6435226786
"ISEA aperture 4, res 6","552",81.8455922871272,12452.7829271001
"ISEA aperture 4, res 6","155",81.6189045078089,12452.7871845197
"ISEA aperture 4, res 6","17980",82.1503268451137,12452.7873236022
"ISEA aperture 4, res 6","489",82.2031292104685,12452.784924968
"ISEA aperture 4, res 6","17918",81.8196960823806,12453.478551502
"ISEA aperture 4, res 6","91",82.3125275196052,12452.7887333784
"ISEA aperture 4, res 6","551",82.0476640451627,12452.7820222336
"ISEA aperture 4, res 6","416",82.1503264701539,12452.787323602
"ISEA aperture 4, res 6","549",82.0476640192884,12452.7820222451
"ISEA aperture 4, res 6","18170",82.0476645122034,12452.7820222534
"ISEA aperture 4, res 6","17920",81.6189046235997,12452.7871845212
"ISEA aperture 4, res 6","17985",82.3125275813863,12452.7887333776
"ISEA aperture 4, res 6","18815",82.7311574413722,12452.90177247
"ISEA aperture 4, res 6","18171",82.9245414451762,12452.7833124938
"ISEA aperture 4, res 6","18107",82.6272601932958,12452.7850017876
"ISEA aperture 4, res 6","156",82.6008197830199,12452.7870543876
"ISEA aperture 4, res 6","106",82.3125277184892,12452.7887333121
"ISEA aperture 4, res 6","426",82.1503266007428,12452.7873235392
"ISEA aperture 4, res 6","18945",82.3125277858313,12452.7887333165
"ISEA aperture 4, res 6","425",82.7840225178645,12452.7784790589
"ISEA aperture 4, res 6","18043",82.2031295583612,12452.7849249964
"ISEA aperture 4, res 6","17982",82.6958651816249,12452.8162403416
"ISEA aperture 4, res 6","483",82.6272597280124,12452.7850017933
"ISEA aperture 4, res 6","18556",82.7840229287762,12452.7784790469
"ISEA aperture 4, res 6","484",82.9245409602843,12452.7833124841
"ISEA aperture 4, res 6","424",83.3193682912459,12452.7857206856
"ISEA aperture 4, res 6","298",82.6958650813405,12452.8162402753
"ISEA aperture 4, res 6","18049",83.3165904643351,12452.7876564271
"ISEA aperture 4, res 6","361",83.2358722291651,12452.7746064607
"ISEA aperture 4, res 6","488",82.6272597976798,12452.785001747
"ISEA aperture 4, res 6","27",82.8943367800816,12452.7827949051
"ISEA aperture 4, res 6","41",82.8943369807637,12452.782794895
"ISEA aperture 4, res 6","418",83.3193681990982,12452.7857207268
"ISEA aperture 4, res 6","18108",83.3193686393168,12452.7857206064
"ISEA aperture 4, res 6","297",83.5311169493893,12452.4117518181
"ISEA aperture 4, res 6","17983",82.7311572535354,12452.9017725356
"ISEA aperture 4, res 6","17984",82.6008199142764,12452.7870543924
"ISEA aperture 4, res 6","92",83.3165903929894,12452.7876564222
"ISEA aperture 4, res 6","18881",83.3165906682235,12452.7876563627
"ISEA aperture 4, res 6","353",83.8912880089055,12452.7809905878
"ISEA aperture 4, res 6","18621",83.2358725953909,12452.7746064729
"ISEA aperture 4, res 6","40",83.9074315559996,12452.7824257785
"ISEA aperture 4, res 6","419",83.7302798079289,12452.7845497647
"ISEA aperture 4, res 6","18046",83.5311170940915,12452.4117518688
"ISEA aperture 4, res 6","352",83.235872092869,12452.774606518
"ISEA aperture 4, res 6","105",83.316590591325,12452.7876563597
"ISEA aperture 4, res 6","157",83.5739573717893,12452.7944047303
"ISEA aperture 4, res 6","28",83.9074313553225,12452.7824257489
"ISEA aperture 4, res 6","18816",83.5739577190599,12452.7944046673
"ISEA aperture 4, res 6","18045",83.2358724552127,12452.7746065219
"ISEA aperture 4, res 6","421",84.0798897394834,12452.7904175924
"ISEA aperture 4, res 6","288",84.3063546767131,12452.7729971511
"ISEA aperture 4, res 6","287",83.5311167912255,12452.4117518738
"ISEA aperture 4, res 6","18364",83.990549255675,12452.7849054179
"ISEA aperture 4, res 6","18687",84.5282297480444,12452.7908381749
"ISEA aperture 4, res 6","18557",83.8912885308487,12452.7809905501
"ISEA aperture 4, res 6","18047",83.647286192666,12453.1680962567
"ISEA aperture 4, res 6","360",83.8912881263327,12452.7809905528
"ISEA aperture 4, res 6","18493",84.4340721076601,12452.7857197731
"ISEA aperture 4, res 6","222",83.6472859618477,12453.1680962528
"ISEA aperture 4, res 6","18109",83.8912884100724,12452.7809905938
"ISEA aperture 4, res 6","18172",83.7302802770585,12452.7845497638
"ISEA aperture 4, res 6","355",84.8278894513749,12452.7852422759
"ISEA aperture 4, res 6","18113",84.3183271900069,12452.7876104414
"ISEA aperture 4, res 6","158",84.5326546998941,12452.797026735
"ISEA aperture 4, res 6","232",84.5282294751936,12452.7908381761
"ISEA aperture 4, res 6","18174",84.9926330579469,12452.7827517749
"ISEA aperture 4, res 6","93",84.3183271057235,12452.7876104661
"ISEA aperture 4, res 6","18622",84.306355168731,12452.7729971021
"ISEA aperture 4, res 6","358",84.8278895108429,12452.785242259
"ISEA aperture 4, res 6","168",84.5326548866649,12452.7970266974
"ISEA aperture 4, res 6","104",84.3183273031985,12452.787610415
"ISEA aperture 4, res 6","296",84.3063548205262,12452.7729971036
"ISEA aperture 4, res 6","18111",84.5282295751461,12452.7908382213
"ISEA aperture 4, res 6","18237",84.8278899255365,12452.7852422783
"ISEA aperture 4, res 6","422",83.9905487650108,12452.7849054387
"ISEA aperture 4, res 6","94",85.3153312699862,12452.7858985226
"ISEA aperture 4, res 6","29",84.9214475214579,12452.7830067056
"ISEA aperture 4, res 6","18175",85.3529083552191,12452.6495636674
"ISEA aperture 4, res 6","357",85.0366321153717,12452.7868182983
"ISEA aperture 4, res 6","103",85.3153314659951,12452.7858984753
"ISEA aperture 4, res 6","290",85.5477456877458,12452.7848789593
"ISEA aperture 4, res 6","289",84.9926326665063,12452.782751777
"ISEA aperture 4, res 6","18753",85.3153315741803,12452.7858984818
"ISEA aperture 4, res 6","18177",85.3153313726727,12452.7858985097
"ISEA aperture 4, res 6","18365",85.0366326104927,12452.7868182842
"ISEA aperture 4, res 6","159",85.4667419169875,12452.9226724354
"ISEA aperture 4, res 6","18429",84.8278899867033,12452.7852422978
"ISEA aperture 4, res 6","18238",85.5477461283002,12452.7848789654
"ISEA aperture 4, res 6","18688",85.4667423174264,12452.922672401
"ISEA aperture 4, res 6","295",84.9926327891844,12452.7827517443
"ISEA aperture 4, res 6","18302",85.9171516575852,12452.7849672215
"ISEA aperture 4, res 6","294",85.5477457797474,12452.7848789342
"ISEA aperture 4, res 6","30",85.9362329768744,12452.7839675433
"ISEA aperture 4, res 6","38",85.9362331775436,12452.7839675733
"ISEA aperture 4, res 6","293",85.9171512268522,12452.7849673112
"ISEA aperture 4, res 6","18494",85.5477462229152,12452.7848789464
"ISEA aperture 4, res 6","225",86.0846247844608,12452.7845457197
"ISEA aperture 4, res 6","160",86.3562191328317,12452.7863118154
"ISEA aperture 4, res 6","230",86.0846249150782,12452.7845456787
"ISEA aperture 4, res 6","95",86.3028030739334,12452.7852078638
"ISEA aperture 4, res 6","18624",86.3562195739412,12452.7863117372
"ISEA aperture 4, res 6","292",86.0479988591732,12452.7861674545
"ISEA aperture 4, res 6","18366",86.0479993566569,12452.7861675224
"ISEA aperture 4, res 6","18430",85.9171517091799,12452.7849672753
"ISEA aperture 4, res 6","18689",86.3028034033097,12452.7852078566
"ISEA aperture 4, res 6","291",85.9171511766829,12452.7849672717
"ISEA aperture 4, res 6","102",86.3028032671443,12452.7852078396
"ISEA aperture 4, res 6","18240",86.3562194009745,12452.7863118049
"ISEA aperture 4, res 6","18239",86.0846251598301,12452.7845457023
"ISEA aperture 4, res 6","37",86.9516349151974,12452.7842616651
"ISEA aperture 4, res 6","166",86.3562193010604,12452.7863117727
"ISEA aperture 4, res 6","227",86.9901634060719,12452.7851728015
"ISEA aperture 4, res 6","31",86.9516347145311,12452.7842876221
"ISEA aperture 4, res 6","18495",86.6608233493759,12452.7850515427
"ISEA aperture 4, res 6","18431",86.9901639308142,12452.7851727337
"ISEA aperture 4, res 6","161",87.1578555310919,12452.8435814592
"ISEA aperture 4, res 6","228",86.9901634400621,12452.7851727418
"ISEA aperture 4, res 6","18303",86.660823254869,12452.7850515651
"ISEA aperture 4, res 6","18367",86.9901638958622,12452.7851727454
"ISEA aperture 4, res 6","229",86.6608229060293,12452.785051574
"ISEA aperture 4, res 6","165",87.1578556748997,12452.8435814715
"ISEA aperture 4, res 6","18560",87.1578560234931,12452.843581454
"ISEA aperture 4, res 6","18625",87.2693259979573,12452.7265674711
"ISEA aperture 4, res 6","96",87.2693256279032,12452.7265674831
"ISEA aperture 4, res 6","226",86.6608228141223,12452.7850515792
"ISEA aperture 4, res 6","18368",87.7736778505578,12452.7849842909
"ISEA aperture 4, res 6","18304",87.1578558756329,12452.8435814728
"ISEA aperture 4, res 6","162",87.7736774096073,12452.7849843071
"ISEA aperture 4, res 6","18496",87.7736779449475,12452.7849842623
"ISEA aperture 4, res 6","97",88.1800024771182,12452.7850590276
"ISEA aperture 4, res 6","164",87.773677501409,12452.7849842773
"ISEA aperture 4, res 6","18369",88.1800027454922,12452.7850590091
"ISEA aperture 4, res 6","36",87.9674993617565,12452.7844908599
"ISEA aperture 4, res 6","32",87.967499161092,12452.7844908324
"ISEA aperture 4, res 6","100",88.1800026453754,12452.7850590045
"ISEA aperture 4, res 6","18432",88.0211597004217,12452.7850990541
"ISEA aperture 4, res 6","99",88.8866386873729,12452.9968228968
"ISEA aperture 4, res 6","33",88.9836723173565,12452.3611276842
"ISEA aperture 4, res 6","18561",88.1800029184771,12452.7850589956
"ISEA aperture 4, res 6","35",88.9836725180194,12452.3611082254
"ISEA aperture 4, res 6","18433",88.8866390368499,12452.9968228948
"ISEA aperture 4, res 6","98",88.8866385956853,12452.9968228945
"ISEA aperture 4, res 6","18497",88.8866391311139,12452.9968228692
"ISEA aperture 4, res 6","34",90,12452.7849675609
"H3 res 3","83f293fffffffff",-89.6065368225614,13520.8074885893
"H3 res 3","83f290fffffffff",-89.2415240263114,13313.7688104566
"H3 res 3","83f291fffffffff",-89.1479658318273,13448.5366349358
"H3 res 3","83f164fffffffff",-88.5197431640539,13716.7276845879
"H3 res 3","83f166fffffffff",-88.523406160544,13577.4668068582
"H3 res 3","83f292fffffffff",-88.8416379988342,13376.907261534
"H3 res 3","83f295fffffffff",-88.4603657418068,13235.5413119977
"H3 res 3","83f294fffffffff",-88.1621849497468,13096.6475984495
"H3 res 3","83f29cfffffffff",-88.1503291711228,13569.3484157762
"H3 res 3","83f29efffffffff",-88.7734943097188,13650.8980814341
"H3 res 3","83f282fffffffff",-88.0338762416997,13361.0759361583
"H3 res 3","83f175fffffffff",-87.8334924244647,13424.589296394
"H3 res 3","83f29afffffffff",-87.8140749974883,13841.5934237766
"H3 res 3","83f2b3fffffffff",-87.4780412855989,13012.959318318
"H3 res 3","83f298fffffffff",-87.6680058053911,13766.4478582005
"H3 res 3","83f296fffffffff",-88.2915943513031,13165.7892266985
"H3 res 3","83f129fffffffff",-87.2252940577126,13005.395496056
"H3 res 3","83f174fffffffff",-87.7615614039817,13219.9877071715
"H3 res 3","83f286fffffffff",-87.4123501285014,13142.6745591842
"H3 res 3","83f162fffffffff",-87.3879747835299,13618.1804532108
"H3 res 3","83f29dfffffffff",-87.0495939505545,13675.5223643173
"H3 res 3","83f2b2fffffffff",-87.0875903590568,12870.4895388712
"H3 res 3","83f283fffffffff",-87.1876167742988,13472.5552480167
"H3 res 3","83f12dfffffffff",-87.3858344703552,12945.1477482057
"H3 res 3","83f163fffffffff",-86.6137808012279,13799.7617445428
"H3 res 3","83ef34fffffffff",-86.7419248275062,14019.6163675255
"H3 res 3","83f161fffffffff",-86.6255681877523,13942.8562517604
"H3 res 3","83f176fffffffff",-86.6682909317545,13050.8886371956
"H3 res 3","83f171fffffffff",-86.7370376468383,13456.534905261
"H3 res 3","83f280fffffffff",-86.9116280773589,13258.9289694322
"H3 res 3","83f2b1fffffffff",-86.5601907509283,12915.1980700113
"H3 res 3","83f29bfffffffff",-86.839848564727,13951.3505291033
"H3 res 3","83f144fffffffff",-86.2458251410604,13642.7064027979
"H3 res 3","83f12cfffffffff",-86.3935806220536,12716.022608153
"H3 res 3","83f12bfffffffff",-86.1459983373538,12833.4290869396
"H3 res 3","83f128fffffffff",-86.4390742765874,12781.8423892801
"H3 res 3","83f299fffffffff",-86.5363216007166,13866.7939745318
"H3 res 3","83f28afffffffff",-85.9240887118757,13766.4478582014
"H3 res 3","83ef36fffffffff",-86.2706679158645,14071.181902131
"H3 res 3","83f16cfffffffff",-85.5410695020426,14105.7347835165
"H3 res 3","83ef26fffffffff",-85.7746775484467,14045.3596984805
"H3 res 3","83f16efffffffff",-85.676978346349,13968.3649782318
"H3 res 3","83f2b6fffffffff",-86.0243718918308,12636.3399763602
"H3 res 3","83f28efffffffff",-86.186683071915,13569.3484157749
"H3 res 3","83f12efffffffff",-85.5422367054439,12550.3581288195
"H3 res 3","83f2b0fffffffff",-86.4484351388254,12781.8423892808
"H3 res 3","83f284fffffffff",-86.3240190660605,13035.6948282132
"H3 res 3","83ef35fffffffff",-85.8610740806888,14123.0642841479
"H3 res 3","83f146fffffffff",-85.6171976965496,13472.5552480183
"H3 res 3","83f285fffffffff",-85.7928612957228,13142.6745591842
"H3 res 3","83f2a3fffffffff",-85.2276482104489,12915.1980700096
"H3 res 3","83f173fffffffff",-85.8870026105899,13282.3855791317
"H3 res 3","83f2b4fffffffff",-85.412494332751,12543.2369987637
"H3 res 3","83f288fffffffff",-85.1221781324583,13650.8980814355
"H3 res 3","83ef30fffffffff",-85.6324177687004,14183.9978362929
"H3 res 3","83f12afffffffff",-85.4336229551094,12607.5705620414
"H3 res 3","83f145fffffffff",-85.5190036037107,13816.4691021098
"H3 res 3","83f140fffffffff",-85.1012829588287,13650.8980814345
"H3 res 3","83f10cfffffffff",-85.0691473279273,12650.765736524
"H3 res 3","83ef24fffffffff",-85.3941516493711,13951.3505291039
"H3 res 3","83f154fffffffff",-84.9439218747019,13096.6475984492
"H3 res 3","83f155fffffffff",-84.8283625339767,13290.2198209556
"H3 res 3","83f28cfffffffff",-85.2142766795989,13448.5366349451
"H3 res 3","83f2aefffffffff",-84.6800840548695,13012.9593183194
"H3 res 3","83f123fffffffff",-84.5974411933717,12311.9632671295
"H3 res 3","83f16afffffffff",-84.6461997617224,13976.8851745825
"H3 res 3","83f168fffffffff",-84.6571776089791,14123.0642841476
"H3 res 3","83ef32fffffffff",-85.130709240348,14227.7905490054
"H3 res 3","83f109fffffffff",-84.8266363784239,12892.8115084299
"H3 res 3","83f125fffffffff",-84.9739206268087,12395.2345492658
"H3 res 3","83ef33fffffffff",-84.5032023019778,14333.8173853522
"H3 res 3","83ef14fffffffff",-83.9824424124539,14369.452592706
"H3 res 3","83f142fffffffff",-84.4882613102714,13472.5552480169
"H3 res 3","83f120fffffffff",-84.3625365404262,12236.4469400913
"H3 res 3","83f143fffffffff",-83.956101777051,13642.7064027974
"H3 res 3","83f39bfffffffff",-84.6441487476729,12437.2228208263
"H3 res 3","83f10efffffffff",-83.9995164017505,12458.305927896
"H3 res 3","83ef25fffffffff",-84.2455803706352,14019.616367526
"H3 res 3","83ef20fffffffff",-84.6700864912821,14123.0642841474
"H3 res 3","83f2aafffffffff",-85.0571553294522,13235.5413119977
"H3 res 3","83f101fffffffff",-84.4072451998658,12423.2004262324
"H3 res 3","83f105fffffffff",-84.613716338303,12374.3289180598
"H3 res 3","83f39afffffffff",-84.3815560427144,12298.1753469625
"H3 res 3","83f151fffffffff",-83.7425730590893,13282.3855791303
"H3 res 3","83f2abfffffffff",-84.1915107193768,13313.7688104586
"H3 res 3","83f398fffffffff",-83.6576608516349,12188.7920528828
"H3 res 3","83f289fffffffff",-84.0259920701887,13716.7276845859
"H3 res 3","83f14cfffffffff",-83.5730320194614,13968.3649782323
"H3 res 3","83f2a5fffffffff",-83.4627843790703,12543.2369987641
"H3 res 3","83ef04fffffffff",-83.8765821457888,14360.5299603515
"H3 res 3","83f2d6fffffffff",-83.6432166258165,13900.5138479731
"H3 res 3","83f124fffffffff",-83.9369492675958,12148.1906468135
"H3 res 3","83ef21fffffffff",-83.5446582223933,14183.9978362939
"H3 res 3","83f2acfffffffff",-83.574582846807,12870.4895388713
"H3 res 3","83f169fffffffff",-83.5899929313675,14262.9872081528
"H3 res 3","83f104fffffffff",-83.7352114424268,12134.7069063866
"H3 res 3","83f150fffffffff",-83.9474891154098,13096.647598449
"H3 res 3","83ef16fffffffff",-83.2973381975332,14387.3255987082
"H3 res 3","83f39efffffffff",-83.3600951440537,12047.6672194213
"H3 res 3","83f399fffffffff",-83.7807498296518,12318.8668906689
"H3 res 3","83f122fffffffff",-83.6329075638346,12067.6607615739
"H3 res 3","83f212fffffffff",-83.0414607087887,12636.3399763591
"H3 res 3","83f14efffffffff",-83.2729878872473,13799.7617445431
"H3 res 3","83f152fffffffff",-83.0147570780599,12892.8115084303
"H3 res 3","83f103fffffffff",-83.3752513327362,12229.62010526
"H3 res 3","83f2a9fffffffff",-83.1451245241674,13165.7892266984
"H3 res 3","83f38bfffffffff",-82.7112321775136,12298.1753469627
"H3 res 3","83f2d2fffffffff",-83.0926094795223,14071.1819021302
"H3 res 3","83f2d0fffffffff",-82.4947715900815,13942.8562517608
"H3 res 3","83f10afffffffff",-83.4270954475181,12479.4486622823
"H3 res 3","83ef02fffffffff",-82.6053381186779,14549.8641749816
"H3 res 3","83efa4fffffffff",-82.6630257023565,14254.1744505569
"H3 res 3","83f11dfffffffff",-82.9392984927665,12256.965597303
"H3 res 3","83f2d4fffffffff",-82.9116922603167,13766.4478582007
"H3 res 3","83f135fffffffff",-82.6625553172335,11818.4284451551
"H3 res 3","83f153fffffffff",-82.9111985707247,13081.3649417381
"H3 res 3","83f024fffffffff",-82.7285723138989,12486.5095317403
"H3 res 3","83f39cfffffffff",-82.6706092614906,11935.4058428067
"H3 res 3","83f393fffffffff",-82.9139641480025,11896.1997654098
"H3 res 3","83f392fffffffff",-82.3492070162807,11735.1277957948
"H3 res 3","83ef12fffffffff",-82.1540143242324,14504.4087475604
"H3 res 3","83f102fffffffff",-82.663107167224,11997.1565436641
"H3 res 3","83ef05fffffffff",-82.8725594471149,14423.1829521788
"H3 res 3","83f133fffffffff",-81.9644730705734,11810.8933093806
"H3 res 3","83f2f3fffffffff",-82.0903503552604,13618.1804532106
"H3 res 3","83ef11fffffffff",-82.2084691645338,14586.3997151126
"H3 res 3","83f02cfffffffff",-82.025850122784,12870.4895388715
"H3 res 3","83f15efffffffff",-82.6425119811836,13258.9289694325
"H3 res 3","83f14afffffffff",-82.13955979033,13766.4478582014
"H3 res 3","83f216fffffffff",-82.4050192170278,12395.2345492665
"H3 res 3","83ef2cfffffffff",-82.4068376936714,14227.7905490062
"H3 res 3","83f149fffffffff",-81.5961213991212,14071.1819021308
"H3 res 3","83f118fffffffff",-81.8897887937864,12102.8857679003
"H3 res 3","83f021fffffffff",-82.053476343718,12679.6997279124
"H3 res 3","83f21afffffffff",-82.0885477606886,13005.3954960554
"H3 res 3","83f390fffffffff",-81.905369356251,11640.2208135263
"H3 res 3","83f158fffffffff",-82.2217594434345,13424.5892963929
"H3 res 3","83f38efffffffff",-81.9749402785686,11935.4058428068
"H3 res 3","83efa6fffffffff",-81.677661924656,14227.7905490064
"H3 res 3","83ef01fffffffff",-81.8702655337113,14549.8641749812
"H3 res 3","83f2d3fffffffff",-81.9366395816012,14105.734783516
"H3 res 3","83f026fffffffff",-81.6867162719673,12270.6765790141
"H3 res 3","83f388fffffffff",-81.9059462462142,12047.6672194214
"H3 res 3","83f2d5fffffffff",-81.7861924019959,13799.7617445429
"H3 res 3","83f2c6fffffffff",-80.9963530346584,13642.7064027979
"H3 res 3","83f383fffffffff",-81.9002855085053,11811.9857600194
"H3 res 3","83ef0cfffffffff",-80.8586758393613,14586.3997151125
"H3 res 3","83f380fffffffff",-80.9535937898129,11552.7893285561
"H3 res 3","83f2d1fffffffff",-81.3433927082814,13968.3649782326
"H3 res 3","83ef03fffffffff",-81.751448288258,14613.9018215318
"H3 res 3","83ef2afffffffff",-81.8235853965444,14468.2145242169
"H3 res 3","83f134fffffffff",-81.6939336603956,11582.8368395134
"H3 res 3","83ef2dfffffffff",-81.2612595559214,14254.1744505571
"H3 res 3","83efa0fffffffff",-81.6036024497554,14369.4525927059
"H3 res 3","83f211fffffffff",-81.3890454767726,12550.3581288193
"H3 res 3","83f028fffffffff",-81.0069314160139,12833.4290869393
"H3 res 3","83ef28fffffffff",-81.6160156354089,14369.4525927062
"H3 res 3","83f2f5fffffffff",-81.2825135307609,13258.9289694326
"H3 res 3","83f022fffffffff",-80.9229556777337,12259.5952808397
"H3 res 3","83f215fffffffff",-80.8816826968387,12311.9632671292
"H3 res 3","83ef1dfffffffff",-80.6464030406428,14715.4860343672
"H3 res 3","83f38cfffffffff",-81.0665731090122,11792.6927806792
"H3 res 3","83f395fffffffff",-81.3535437197547,11534.1963383547
"H3 res 3","83f15afffffffff",-81.5349703733496,13219.9877071722
"H3 res 3","83efa1fffffffff",-81.3749965657194,14495.3460565039
"H3 res 3","83f110fffffffff",-80.918788574153,12188.7920528827
"H3 res 3","83f023fffffffff",-81.077595111357,12458.3059278961
"H3 res 3","83f396fffffffff",-81.3585599283383,11481.0730781575
"H3 res 3","83f386fffffffff",-80.71552851639,11417.5898791531
"H3 res 3","83f02efffffffff",-81.1073091444784,12650.7657365239
"H3 res 3","83f381fffffffff",-81.0731277791711,11678.0295825857
"H3 res 3","83f3b3fffffffff",-80.3705661471916,11273.0810882394
"H3 res 3","83f2c2fffffffff",-80.6535929272732,13816.4691021091
"H3 res 3","83f21cfffffffff",-80.7207577217865,12607.5705620413
"H3 res 3","83f2defffffffff",-80.7788482873075,14123.0642841473
"H3 res 3","83f074fffffffff",-80.424041592739,13165.7892266986
"H3 res 3","83f113fffffffff",-80.6645410768818,12318.8668906691
"H3 res 3","83f2dafffffffff",-80.1108897440973,14262.9872081526
"H3 res 3","83f3abfffffffff",-80.1340165628168,11640.220813526
"H3 res 3","83f2e2fffffffff",-80.2846419083977,13282.3855791312
"H3 res 3","83f3aafffffffff",-80.2066079108573,11534.1963383548
"H3 res 3","83f035fffffffff",-80.6592573278204,12239.0699348064
"H3 res 3","83f005fffffffff",-80.1692779520251,12423.2004262336
"H3 res 3","83ef0efffffffff",-80.8258616400337,14659.9311260001
"H3 res 3","83ef1afffffffff",-79.8820052801779,14771.3926728846
"H3 res 3","83f203fffffffff",-79.6513574907257,12423.2004262331
"H3 res 3","83f1adfffffffff",-80.292630603936,12437.2228208273
"H3 res 3","83f219fffffffff",-80.1910790143487,12870.4895388713
"H3 res 3","83ef0dfffffffff",-79.8119060424983,14604.7248578976
"H3 res 3","83ef08fffffffff",-79.8479822057541,14687.6648078542
"H3 res 3","83f2c3fffffffff",-79.5166531392439,13816.4691021093
"H3 res 3","83f202fffffffff",-80.3105260422614,12374.3289180597
"H3 res 3","83efa8fffffffff",-79.8410836445636,14687.6648078536
"H3 res 3","83ec68fffffffff",-79.6537044864731,11640.2208135263
"H3 res 3","83f384fffffffff",-80.0104672100091,11290.9775533283
"H3 res 3","83efb0fffffffff",-79.6036696343507,14123.0642841478
"H3 res 3","83ef19fffffffff",-79.5233570684276,14799.4788661769
"H3 res 3","83f066fffffffff",-80.5281785936067,13520.8074885743
"H3 res 3","83f1a9fffffffff",-79.8139441192649,12543.2369987641
"H3 res 3","83efa3fffffffff",-80.5166759934818,14468.2145242171
"H3 res 3","83efaefffffffff",-80.2423717703367,14586.3997151128
"H3 res 3","83f2c0fffffffff",-79.890175881708,13650.8980814343
"H3 res 3","83f2e4fffffffff",-79.2997725832487,12892.8115084297
"H3 res 3","83f2e3fffffffff",-79.2588922600687,13290.2198209554
"H3 res 3","83ef74fffffffff",-79.3569995359041,14387.3255987087
"H3 res 3","83f031fffffffff",-79.9174370816183,12311.9632671295
"H3 res 3","83f061fffffffff",-79.1298812228359,13766.4478582008
"H3 res 3","83f062fffffffff",-79.3913585176102,13448.5366349439
"H3 res 3","83ef84fffffffff",-79.5997766522841,14423.1829521788
"H3 res 3","83f2d8fffffffff",-79.6203151027872,14123.0642841487
"H3 res 3","83f000fffffffff",-79.220986356276,12245.092803837
"H3 res 3","83f036fffffffff",-79.2411372013351,12636.3399763593
"H3 res 3","83f20efffffffff",-78.9194476259111,12458.3059278964
"H3 res 3","83f060fffffffff",-79.8699090482374,13650.8980814344
"H3 res 3","83f02bfffffffff",-79.9685193841633,12781.8423892808
"H3 res 3","83f3a8fffffffff",-79.3133315277924,11381.1743881526
"H3 res 3","83ef0afffffffff",-79.7509220351658,14752.7178534033
"H3 res 3","83f2c5fffffffff",-79.0717907956533,13472.5552480176
"H3 res 3","83efabfffffffff",-78.6753081892937,14752.717853404
"H3 res 3","83f00cfffffffff",-79.1244809260971,12550.358128819
"H3 res 3","83f231fffffffff",-79.250257532321,11889.6862842438
"H3 res 3","83f3a2fffffffff",-79.0742692479038,11027.410868808
"H3 res 3","83efb6fffffffff",-79.4224993242126,13951.3505291038
"H3 res 3","83efb3fffffffff",-78.644579863669,14210.246460336
"H3 res 3","83f3a9fffffffff",-79.1866899507877,11478.7155109322
"H3 res 3","83ef0bfffffffff",-78.8029160315316,14771.3926728848
"H3 res 3","83f3b6fffffffff",-78.8476017068928,11261.1763575495
"H3 res 3","83f2dbfffffffff",-78.9578735084104,14254.1744505565
"H3 res 3","83f3b5fffffffff",-78.8026132705265,10906.9550875749
"H3 res 3","83f072fffffffff",-78.608348411474,12870.4895388715
"H3 res 3","83efaafffffffff",-79.0987395722187,14659.9311260002
"H3 res 3","83f001fffffffff",-79.2255928008629,12374.3289180598
"H3 res 3","83f006fffffffff",-79.1122781197649,12374.3289180595
"H3 res 3","83efa9fffffffff",-79.3256795258615,14771.3926728848
"H3 res 3","83f234fffffffff",-78.9574158875756,11565.2124228227
"H3 res 3","83f044fffffffff",-78.2589753703201,13361.0759361568
"H3 res 3","83f032fffffffff",-78.587174916869,12716.0226081533
"H3 res 3","83ee36fffffffff",-78.1503392602343,14827.654166734
"H3 res 3","83ee26fffffffff",-78.3869697276043,14865.3605306341
"H3 res 3","83f2eafffffffff",-77.9839602475348,13456.5349052608
"H3 res 3","83f1a0fffffffff",-78.1200253605244,12781.8423892801
"H3 res 3","83f3a6fffffffff",-78.1472897865,10765.0190438548
"H3 res 3","83f06cfffffffff",-78.3222717149997,13866.7939745305
"H3 res 3","83f204fffffffff",-78.7584962264952,11948.5224102807
"H3 res 3","83ef80fffffffff",-78.5204541686052,14495.3460565038
"H3 res 3","83ee35fffffffff",-78.0112006213455,14884.273676882
"H3 res 3","83f20bfffffffff",-78.2951055709737,12694.2081059088
"H3 res 3","83f2e5fffffffff",-78.3677878491711,12900.2665058244
"H3 res 3","83f2eefffffffff",-78.213111320935,13282.3855791309
"H3 res 3","83f18dfffffffff",-78.1793977011448,12870.4895388715
"H3 res 3","83f31bfffffffff",-77.9676593935654,11387.230184798
"H3 res 3","83f222fffffffff",-78.212612512252,11703.3492799634
"H3 res 3","83ec4afffffffff",-78.3102636257991,12479.4486622823
"H3 res 3","83f2ccfffffffff",-77.656977433792,13618.1804532107
"H3 res 3","83ec65fffffffff",-77.7798405108228,11308.921416973
"H3 res 3","83ef95fffffffff",-77.6486331305884,14280.6399874519
"H3 res 3","83f009fffffffff",-77.8593512823554,12636.3399763595
"H3 res 3","83ef56fffffffff",-77.8150554353706,14771.3926728848
"H3 res 3","83f003fffffffff",-78.3079557511571,12248.9575179119
"H3 res 3","83f00efffffffff",-78.2564928943422,12311.9632671291
"H3 res 3","83f014fffffffff",-77.8643370761124,12781.84238928
"H3 res 3","83f06efffffffff",-78.0095458799754,13675.5223643171
"H3 res 3","83f22afffffffff",-77.5414506919692,12027.7288198796
"H3 res 3","83f3b4fffffffff",-78.3382226184386,11061.9576855651
"H3 res 3","83ee25fffffffff",-77.7317326314205,14837.0658036218
"H3 res 3","83f20dfffffffff",-77.1018954173672,12270.6765790142
"H3 res 3","83ef83fffffffff",-77.4228555994915,14549.8641749814
"H3 res 3","83f00afffffffff",-77.2693671111409,12239.0699348067
"H3 res 3","83f01dfffffffff",-77.3632440444409,12259.59528084
"H3 res 3","83f312fffffffff",-77.6365061212333,10857.3423806197
"H3 res 3","83f185fffffffff",-77.5371054663332,13035.6948282123
"H3 res 3","83f2cafffffffff",-77.8840165596807,13942.856251761
"H3 res 3","83f256fffffffff",-77.391388594969,12694.208105909
"H3 res 3","83f209fffffffff",-77.2887742607685,12486.5095317394
"H3 res 3","83f313fffffffff",-77.6024399309399,10958.8542239026
"H3 res 3","83f3a5fffffffff",-77.5837709286415,10746.3766109326
"H3 res 3","83f223fffffffff",-77.7126742222785,11754.2639975362
"H3 res 3","83ec63fffffffff",-77.5515050370159,11754.2639975363
"H3 res 3","83f1a2fffffffff",-77.0970531166719,13012.9593183188
"H3 res 3","83ee20fffffffff",-77.538783922053,14884.2736768823
"H3 res 3","83f054fffffffff",-77.5206968009843,12781.8423892804
"H3 res 3","83ee30fffffffff",-77.5359531972048,14884.2736768823
"H3 res 3","83f010fffffffff",-77.0836853085351,12833.4290869397
"H3 res 3","83ef94fffffffff",-77.604471404604,14123.0642841478
"H3 res 3","83f00bfffffffff",-77.0767997658959,12395.234549267
"H3 res 3","83f22bfffffffff",-76.8373456072742,12047.6672194215
"H3 res 3","83ef91fffffffff",-76.6237806086129,14333.817385352
"H3 res 3","83f310fffffffff",-76.7930159352435,10697.0571382796
"H3 res 3","83f188fffffffff",-77.1044762683238,13096.647598449
"H3 res 3","83f042fffffffff",-76.5894620338989,13035.6948282129
"H3 res 3","83f06dfffffffff",-77.459183286845,13951.3505291043
"H3 res 3","83ee21fffffffff",-76.6405784742513,14884.2736768821
"H3 res 3","83f2cbfffffffff",-76.7327524313514,13900.5138479731
"H3 res 3","83ec44fffffffff",-76.8220783028999,11994.6201159797
"H3 res 3","83f31cfffffffff",-76.5531016792797,10874.1519546151
"H3 res 3","83f228fffffffff",-76.5027267490034,11818.4284451545
"H3 res 3","83f2c8fffffffff",-77.237577560396,13766.447858201
"H3 res 3","83f011fffffffff",-77.2666302383728,12650.7657365237
"H3 res 3","83f2cdfffffffff",-76.5353656446925,13577.4668068601
"H3 res 3","83ef52fffffffff",-76.7698552465375,14827.6541667339
"H3 res 3","83f1b5fffffffff",-76.2680605007813,13096.6475984489
"H3 res 3","83f225fffffffff",-76.1662420200451,11308.9214169736
"H3 res 3","83ed4cfffffffff",-76.114359615735,10675.2583243559
"H3 res 3","83f311fffffffff",-76.7133956983038,10790.5351308166
"H3 res 3","83f0e4fffffffff",-76.2698099767256,12167.3134167342
"H3 res 3","83f069fffffffff",-76.3754053776521,13841.5934237772
"H3 res 3","83ed6bfffffffff",-76.5186756686154,10449.884546005
"H3 res 3","83f18efffffffff",-76.5999584795641,13235.5413119974
"H3 res 3","83ef9cfffffffff",-76.5157766149655,14468.2145242166
"H3 res 3","83f06afffffffff",-76.8910304530573,13569.3484157758
"H3 res 3","83ec5cfffffffff",-76.3850525339391,12607.5705620408
"H3 res 3","83f250fffffffff",-76.4563343280747,12679.6997279125
"H3 res 3","83f184fffffffff",-76.8243000656589,13142.6745591847
"H3 res 3","83ef96fffffffff",-76.550716779271,14019.616367526
"H3 res 3","83ef9dfffffffff",-76.3114230049722,14586.3997151128
"H3 res 3","83ec71fffffffff",-75.7650180961113,12027.7288198796
"H3 res 3","83f2e9fffffffff",-76.0829730792854,13219.9877071725
"H3 res 3","83f31dfffffffff",-76.3138452103645,10947.4971652544
"H3 res 3","83f0e5fffffffff",-76.0416541168982,12298.1753469627
"H3 res 3","83f303fffffffff",-75.6235119520071,10691.6004844966
"H3 res 3","83f19dfffffffff",-75.5039446176738,13448.5366349437
"H3 res 3","83ee04fffffffff",-76.087088708656,14941.2544005888
"H3 res 3","83f051fffffffff",-75.9923678497208,12803.9085831812
"H3 res 3","83f251fffffffff",-75.4968413044793,12650.7657365242
"H3 res 3","83f302fffffffff",-75.8165606142485,10615.6917407886
"H3 res 3","83ee33fffffffff",-76.3586151042853,14912.7186857807
"H3 res 3","83e9b6fffffffff",-75.7884511471997,13376.9072615311
"H3 res 3","83ef42fffffffff",-75.6426224227034,14613.9018215318
"H3 res 3","83ed4afffffffff",-76.2023650470759,11131.5948785925
"H3 res 3","83f274fffffffff",-75.0710130701028,11831.3313981277
"H3 res 3","83ef93fffffffff",-75.635355878052,14227.790549006
"H3 res 3","83e765fffffffff",-75.4883438675727,13900.5138479733
"H3 res 3","83f353fffffffff",-75.0850974184154,11369.0788837275
"H3 res 3","83ec5afffffffff",-75.4747511137663,13005.3954960556
"H3 res 3","83f30afffffffff",-75.9987744126348,11010.204828396
"H3 res 3","83f1b4fffffffff",-75.3969961231527,13165.7892266986
"H3 res 3","83e996fffffffff",-75.5840939790304,13841.5934237768
"H3 res 3","83f0acfffffffff",-75.2233447816476,13081.3649417381
"H3 res 3","83ee15fffffffff",-75.1798982082984,14922.2204923097
"H3 res 3","83f053fffffffff",-75.3503449693841,12564.620617899
"H3 res 3","83f182fffffffff",-75.3774340891885,13472.5552480177
"H3 res 3","83f052fffffffff",-75.7340278431744,12437.2228208272
"H3 res 3","83f229fffffffff",-75.8105130174049,11831.3313981272
"H3 res 3","83f0e0fffffffff",-75.2621492779995,12102.8857679008
"H3 res 3","83ec73fffffffff",-74.9969166716305,12256.9655973024
"H3 res 3","83ef92fffffffff",-75.6052194784012,14071.1819021307
"H3 res 3","83ef61fffffffff",-75.4987678944039,14123.0642841479
"H3 res 3","83f0e1fffffffff",-75.003521281354,12188.7920528826
"H3 res 3","83ed6afffffffff",-75.4825051003018,10456.0215370784
"H3 res 3","83ee05fffffffff",-75.2746374972027,14941.2544005886
"H3 res 3","83e76cfffffffff",-74.6295808897383,14105.734783516
"H3 res 3","83ee16fffffffff",-75.1578026816188,14837.0658036217
"H3 res 3","83ed58fffffffff",-74.5594726003899,11381.1743881533
"H3 res 3","83f356fffffffff",-75.1592446480143,11102.4908388158
"H3 res 3","83f19cfffffffff",-74.9221294637223,13569.3484157762
"H3 res 3","83f30efffffffff",-75.3581909882562,10757.387971504
"H3 res 3","83e761fffffffff",-74.5650079674903,13942.8562517611
"H3 res 3","83ef6efffffffff",-74.7859519271316,14210.2464603363
"H3 res 3","83ef45fffffffff",-75.1515099779156,14360.5299603511
"H3 res 3","83f333fffffffff",-75.1512051738835,10269.6358458851
"H3 res 3","83e992fffffffff",-74.998914059009,13951.3505291039
"H3 res 3","83ef5cfffffffff",-74.6987315793278,14659.9311260001
"H3 res 3","83ee10fffffffff",-74.6132498065708,14884.2736768822
"H3 res 3","83f0e2fffffffff",-74.4005813628787,12256.9655973027
"H3 res 3","83ef41fffffffff",-74.3243322715338,14423.1829521789
"H3 res 3","83f336fffffffff",-74.351851567041,9914.90591751467
"H3 res 3","83f25cfffffffff",-74.5184775716059,12607.5705620402
"H3 res 3","83eea4fffffffff",-74.8664691190862,14696.9288037587
"H3 res 3","83ed43fffffffff",-74.5877056510463,10924.8418040861
"H3 res 3","83eea6fffffffff",-74.0602762357245,14604.724857898
"H3 res 3","83f195fffffffff",-74.6743704310237,13569.3484157758
"H3 res 3","83f191fffffffff",-74.2781623255697,13675.5223643173
"H3 res 3","83f305fffffffff",-74.0144921403889,10249.2682692166
"H3 res 3","83ef9afffffffff",-74.5109383812913,14387.3255987084
"H3 res 3","83f331fffffffff",-74.3130345067612,10098.6331691849
"H3 res 3","83e76dfffffffff",-74.6120350753122,14254.1744505571
"H3 res 3","83ecedfffffffff",-74.5262750169881,13050.8886371952
"H3 res 3","83f0f4fffffffff",-74.5282681602562,12694.2081059088
"H3 res 3","83ef58fffffffff",-73.7241899479756,14687.6648078546
"H3 res 3","83f059fffffffff",-73.7907297023223,12870.4895388715
"H3 res 3","83ed40fffffffff",-74.0095501937943,10697.0571382795
"H3 res 3","83f1b2fffffffff",-74.1867839493721,13520.8074885747
"H3 res 3","83f30dfffffffff",-74.0569050745373,10610.3040699106
"H3 res 3","83f244fffffffff",-73.588794989312,11994.6201159793
"H3 res 3","83f240fffffffff",-73.6353142838228,12188.792052883
"H3 res 3","83f358fffffffff",-73.7902498988431,11381.1743881529
"H3 res 3","83f243fffffffff",-73.6149030900959,12374.3289180595
"H3 res 3","83ece8fffffffff",-73.5549888727019,13258.9289694328
"H3 res 3","83ef68fffffffff",-73.6444278614772,14123.0642841478
"H3 res 3","83ee13fffffffff",-73.433863922132,14865.3605306345
"H3 res 3","83ee11fffffffff",-74.0008861267715,14912.7186857804
"H3 res 3","83f0a8fffffffff",-74.3667145276019,13096.6475984492
"H3 res 3","83e995fffffffff",-73.8276387662877,13569.3484157761
"H3 res 3","83f275fffffffff",-74.2914043959708,11818.4284451544
"H3 res 3","83f330fffffffff",-74.3647940271097,10010.013908146
"H3 res 3","83f35cfffffffff",-73.4593507889318,11154.9697778054
"H3 res 3","83ed5efffffffff",-73.4832873767792,11381.1743881529
"H3 res 3","83f0b5fffffffff",-73.1599914742594,13766.447858201
"H3 res 3","83eeb5fffffffff",-73.2165707152855,14495.3460565038
"H3 res 3","83f05afffffffff",-73.8042619714526,12543.2369987641
"H3 res 3","83ec29fffffffff",-73.2693954394959,11831.3313981275
"H3 res 3","83e9b1fffffffff",-73.5834132430911,13235.5413119972
"H3 res 3","83f334fffffffff",-73.5790714960073,9751.78340376622
"H3 res 3","83ed42fffffffff",-73.5238712516741,10924.841804086
"H3 res 3","83f049fffffffff",-73.9142400835424,13376.9072615306
"H3 res 3","83f190fffffffff",-73.5786033694332,13766.4478582007
"H3 res 3","83f32efffffffff",-73.1148727507623,10059.0860615732
"H3 res 3","83f085fffffffff",-73.1085505101841,13472.5552480175
"H3 res 3","83ec56fffffffff",-73.3423622812615,12694.2081059085
"H3 res 3","83f19efffffffff",-73.8111215931036,13766.4478582008
"H3 res 3","83f0f6fffffffff",-73.5561993559838,12892.8115084299
"H3 res 3","83f0c5fffffffff",-73.2022951712299,11997.1565436645
"H3 res 3","83ef4cfffffffff",-73.2069926915439,14333.8173853523
"H3 res 3","83f192fffffffff",-72.4704635488728,13951.3505291038
"H3 res 3","83eeb6fffffffff",-72.5126874527312,14254.1744505568
"H3 res 3","83f24afffffffff",-72.5225211400374,12479.4486622825
"H3 res 3","83ed51fffffffff",-72.9889305745094,11149.1183891184
"H3 res 3","83ef6bfffffffff",-72.888807151979,14183.9978362935
"H3 res 3","83f35dfffffffff",-72.7982752089711,11149.1183891187
"H3 res 3","83ef4efffffffff",-73.4553471541062,14468.2145242167
"H3 res 3","83f342fffffffff",-73.0821724145077,10924.8418040863
"H3 res 3","83ee2bfffffffff",-73.5200348850224,14884.2736768822
"H3 res 3","83ece1fffffffff",-72.5619782775682,13096.647598449
"H3 res 3","83ec2bfffffffff",-72.5582645657609,12047.6672194215
"H3 res 3","83e982fffffffff",-72.6980308932108,13472.5552480177
"H3 res 3","83f0e9fffffffff",-73.1971083979107,12298.1753469627
"H3 res 3","83f08dfffffffff",-72.5615412256991,13081.3649417383
"H3 res 3","83e768fffffffff",-73.6295126169472,14123.0642841476
"H3 res 3","83e56dfffffffff",-72.6894909154084,13951.3505291038
"H3 res 3","83eccbfffffffff",-72.037568329296,13900.5138479731
"H3 res 3","83f263fffffffff",-72.6365246300665,11754.2639975361
"H3 res 3","83e984fffffffff",-72.4820866825346,13142.6745591845
"H3 res 3","83f08cfffffffff",-72.4508307216184,13282.3855791308
"H3 res 3","83e99cfffffffff",-72.1631448146411,13569.3484157759
"H3 res 3","83eceafffffffff",-72.5596973334348,13456.534905261
"H3 res 3","83ece5fffffffff",-72.4633472618192,12900.2665058245
"H3 res 3","83eeaefffffffff",-72.1306430580715,14715.4860343673
"H3 res 3","83e9a0fffffffff",-72.0789711360232,12781.8423892808
"H3 res 3","83ef4dfffffffff",-72.0894346373349,14227.790549006
"H3 res 3","83f0c0fffffffff",-72.3608926250962,12188.7920528827
"H3 res 3","83ed53fffffffff",-72.4071520231662,11369.0788837274
"H3 res 3","83f0b0fffffffff",-72.0393054614275,13942.8562517611
"H3 res 3","83ef5bfffffffff",-72.724632538135,14696.9288037588
"H3 res 3","83e724fffffffff",-72.1299919707307,12148.1906468134
"H3 res 3","83f088fffffffff",-71.5466152152544,13258.9289694328
"H3 res 3","83f0c1fffffffff",-72.1635477192593,11948.5224102805
"H3 res 3","83ec0cfffffffff",-71.807390578032,12256.9655973029
"H3 res 3","83ee08fffffffff",-72.1576671503609,14884.2736768822
"H3 res 3","83e980fffffffff",-72.0575935183792,13258.9289694327
"H3 res 3","83ef48fffffffff",-72.3544259820547,14369.4525927064
"H3 res 3","83eeb0fffffffff",-72.3424794769876,14369.4525927062
"H3 res 3","83f375fffffffff",-71.726291982844,10218.8428647522
"H3 res 3","83ed55fffffffff",-72.4603433484144,10913.5434070621
"H3 res 3","83eacdfffffffff",-72.0026203247552,9415.50928851558
"H3 res 3","83f248fffffffff",-71.6676388761505,12236.4469400911
"H3 res 3","83f086fffffffff",-71.7182513390566,13816.4691021092
"H3 res 3","83e9a3fffffffff",-71.7617837125217,12915.19807001
"H3 res 3","83f0d4fffffffff",-71.6380635253351,12833.4290869396
"H3 res 3","83e728fffffffff",-72.0582258259678,12781.8423892805
"H3 res 3","83f0cefffffffff",-71.1217195700621,11889.6862842434
"H3 res 3","83e74dfffffffff",-71.57443692091,14105.7347835157
"H3 res 3","83ece0fffffffff",-71.5542084999584,13096.6475984491
"H3 res 3","83ee1afffffffff",-71.6462030215994,14837.0658036216
"H3 res 3","83e9a5fffffffff",-71.2949386344052,12543.236998764
"H3 res 3","83ec2afffffffff",-71.4829139138588,12027.7288198796
"H3 res 3","83f0b3fffffffff",-71.3441691760916,13968.3649782324
"H3 res 3","83ed54fffffffff",-71.3978648468957,10891.0049449739
"H3 res 3","83f325fffffffff",-71.7718550025671,9558.51633543737
"H3 res 3","83ee0bfffffffff",-71.0217455168258,14837.0658036216
"H3 res 3","83e564fffffffff",-70.9415151017903,14071.1819021307
"H3 res 3","83e56bfffffffff",-71.0132009920272,14183.9978362932
"H3 res 3","83ed75fffffffff",-71.7477404656798,10218.8428647519
"H3 res 3","83e8b6fffffffff",-71.7605724450304,14071.1819021304
"H3 res 3","83ece3fffffffff",-71.6145758500667,13290.2198209556
"H3 res 3","83f24bfffffffff",-71.5118221535245,12395.2345492669
"H3 res 3","83eccafffffffff",-71.2075083286136,13942.8562517611
"H3 res 3","83ee09fffffffff",-71.2975203651922,14827.6541667334
"H3 res 3","83e748fffffffff",-70.6219505540282,13942.856251761
"H3 res 3","83eef4fffffffff",-70.4725944279424,14771.3926728851
"H3 res 3","83ed52fffffffff",-71.3318860751019,11344.9520444526
"H3 res 3","83f095fffffffff",-70.6060795777016,13976.8851745828
"H3 res 3","83eaccfffffffff",-71.269774402045,9177.19702342596
"H3 res 3","83e3b6fffffffff",-70.7507011514878,11261.1763575497
"H3 res 3","83ee60fffffffff",-70.6579864870293,14495.3460565037
"H3 res 3","83e3b4fffffffff",-70.6056857101472,11061.9576855647
"H3 res 3","83eaebfffffffff",-71.2054795297174,9241.70094471998
"H3 res 3","83ecc0fffffffff",-70.6059496701107,13650.8980814344
"H3 res 3","83e772fffffffff",-70.9642446980841,13081.3649417381
"H3 res 3","83f268fffffffff",-70.8878959241256,11640.220813526
"H3 res 3","83eeaafffffffff",-70.9662474144735,14659.9311260002
"H3 res 3","83f249fffffffff",-70.6802160766525,12148.1906468134
"H3 res 3","83ed74fffffffff",-70.7206813782049,10193.6031595261
"H3 res 3","83e9aefffffffff",-70.6818350002081,12803.9085831815
"H3 res 3","83eb48fffffffff",-70.7091454426434,9424.34251408279
"H3 res 3","83f0c8fffffffff",-70.8655624022647,11692.3622456866
"H3 res 3","83eae9fffffffff",-71.0903660997958,9310.57758225232
"H3 res 3","83f362fffffffff",-71.2532863792555,10234.0367238618
"H3 res 3","83e560fffffffff",-70.6119720516828,14183.9978362933
"H3 res 3","83ed09fffffffff",-70.3371719612434,10857.3423806196
"H3 res 3","83eaeafffffffff",-70.4967753740646,8996.48281068931
"H3 res 3","83f24dfffffffff",-70.8064461525878,11988.0165990207
"H3 res 3","83eac3fffffffff",-70.1206314993759,9297.59817310668
"H3 res 3","83eae8fffffffff",-70.405910143889,9064.88299179447
"H3 res 3","83e754fffffffff",-70.1599516368683,13096.647598449
"H3 res 3","83eaedfffffffff",-70.267082950901,9127.38018551622
"H3 res 3","83e755fffffffff",-70.3703121702852,13290.2198209557
"H3 res 3","83eac1fffffffff",-70.3822063291275,9089.79603980701
"H3 res 3","83f360fffffffff",-70.3094616090789,10010.013908146
"H3 res 3","83e896fffffffff",-70.3820077781566,14262.9872081523
"H3 res 3","83ee73fffffffff",-70.5723259440654,14715.4860343671
"H3 res 3","83f0dcfffffffff",-70.4681808743011,12311.9632671292
"H3 res 3","83eeabfffffffff",-70.4646658175163,14687.6648078543
"H3 res 3","83e722fffffffff",-70.5797699499108,12067.6607615742
"H3 res 3","83e56afffffffff",-70.4174965591628,14280.6399874519
"H3 res 3","83e749fffffffff",-70.5268995864606,14071.1819021305
"H3 res 3","83ee55fffffffff",-69.4949052982915,14659.9311260002
"H3 res 3","83f09cfffffffff",-70.1181621999653,13799.7617445429
"H3 res 3","83e54dfffffffff",-70.4154526022844,14227.7905490063
"H3 res 3","83ec1dfffffffff",-70.1985726229421,12650.7657365238
"H3 res 3","83ee54fffffffff",-70.4082169167795,14752.7178534036
"H3 res 3","83eee0fffffffff",-69.5293301854007,14752.7178534033
"H3 res 3","83e563fffffffff",-70.2212741963999,14280.6399874518
"H3 res 3","83f0cafffffffff",-70.0785641850652,11818.4284451547
"H3 res 3","83ed29fffffffff",-69.6944431001126,10158.441691366
"H3 res 3","83e566fffffffff",-69.833052662522,14227.7905490062
"H3 res 3","83e701fffffffff",-69.8973405151185,12423.2004262331
"H3 res 3","83ee96fffffffff",-69.4701461004953,14019.6163675264
"H3 res 3","83eef6fffffffff",-69.9086002374898,14696.9288037588
"H3 res 3","83ee44fffffffff",-69.681564730108,14549.8641749813
"H3 res 3","83eb4afffffffff",-70.0807229031181,9182.12754056649
"H3 res 3","83f368fffffffff",-69.5882087011164,10260.8110382613
"H3 res 3","83e743fffffffff",-70.619353376756,13642.7064027975
"H3 res 3","83e3b3fffffffff",-69.0189664501689,11273.0810882398
"H3 res 3","83ecf1fffffffff",-69.6568625710614,13456.5349052611
"H3 res 3","83e98afffffffff",-69.9122332277308,13313.7688104586
"H3 res 3","83e8b1fffffffff",-69.5174576663185,13799.761744543
"H3 res 3","83ec04fffffffff",-69.3305897105783,11948.5224102804
"H3 res 3","83e988fffffffff",-69.3442352037384,13096.6475984486
"H3 res 3","83ecdcfffffffff",-69.4534117346656,13976.8851745828
"H3 res 3","83eaeefffffffff",-69.7207208980203,8821.88232530273
"H3 res 3","83ee61fffffffff",-69.6122616667821,14369.4525927059
"H3 res 3","83e549fffffffff",-69.7695299200646,14254.1744505567
"H3 res 3","83f0d9fffffffff",-69.2610231943289,11988.0165990207
"H3 res 3","83e734fffffffff",-69.4340385815779,11565.2124228223
"H3 res 3","83e70efffffffff",-69.2290997361765,12458.3059278962
"H3 res 3","83f36bfffffffff",-69.901334480389,10449.8845460056
"H3 res 3","83ee90fffffffff",-69.2841164817818,14123.0642841481
"H3 res 3","83e751fffffffff",-69.4939420833332,13282.3855791306
"H3 res 3","83e54cfffffffff",-69.8674896409922,14333.8173853521
"H3 res 3","83e3b5fffffffff",-69.6681401449573,10906.9550875749
"H3 res 3","83ed0dfffffffff",-69.8007572428996,10610.3040699107
"H3 res 3","83eb40fffffffff",-68.7022853231963,9064.88299179424
"H3 res 3","83e9adfffffffff",-68.9000976913237,12437.222820827
"H3 res 3","83e126fffffffff",-68.5605064069134,13520.8074885747
"H3 res 3","83e75efffffffff",-68.594869704577,13258.9289694328
"H3 res 3","83e706fffffffff",-68.9824752329012,11948.5224102802
"H3 res 3","83ee9cfffffffff",-68.7334960821098,14280.6399874514
"H3 res 3","83ee8efffffffff",-69.1052447553983,14468.2145242167
"H3 res 3","83eb43fffffffff",-68.9931286993509,9031.84216033842
"H3 res 3","83f096fffffffff",-69.0801722382439,14262.9872081527
"H3 res 3","83f09efffffffff",-69.0215230224471,13942.8562517609
"H3 res 3","83e394fffffffff",-69.0922514762849,11381.1743881531
"H3 res 3","83eac2fffffffff",-69.1578382658418,9267.42987545008
"H3 res 3","83ee91fffffffff",-69.0380536107626,14210.2464603361
"H3 res 3","83e915fffffffff",-68.6912529091647,11937.9232594467
"H3 res 3","83ee6cfffffffff",-68.5622511608496,14227.7905490065
"H3 res 3","83ecd1fffffffff",-68.5380690556101,13968.3649782325
"H3 res 3","83e3a6fffffffff",-69.4679149742634,10765.0190438552
"H3 res 3","83e752fffffffff",-68.2871614427444,12892.8115084301
"H3 res 3","83e98dfffffffff",-68.7443060470367,12870.4895388714
"H3 res 3","83e911fffffffff",-68.4599038789858,12067.6607615745
"H3 res 3","83e98bfffffffff",-68.7981839477053,13165.7892266983
"H3 res 3","83ed19fffffffff",-68.1192455806399,11201.965724181
"H3 res 3","83e332fffffffff",-68.2422401173647,10173.4861037512
"H3 res 3","83e571fffffffff",-68.3514559833115,14468.2145242168
"H3 res 3","83e9a9fffffffff",-68.5332960123652,12543.2369987641
"H3 res 3","83e165fffffffff",-68.7702698311769,11481.0730781577
"H3 res 3","83ec1afffffffff",-68.4656800297169,13005.3954960558
"H3 res 3","83eae0fffffffff",-68.2818698463203,8441.26202852437
"H3 res 3","83ec02fffffffff",-68.8863981218063,12374.3289180599
"H3 res 3","83e989fffffffff",-68.2409042358731,12945.1477482076
"H3 res 3","83e733fffffffff",-68.4775304212116,11703.3492799636
"H3 res 3","83ecf0fffffffff",-68.6575246612804,13424.5892963927
"H3 res 3","83ecd5fffffffff",-68.6342570705146,13799.7617445429
"H3 res 3","83e8a3fffffffff",-68.0112603333046,13456.5349052611
"H3 res 3","83e891fffffffff",-68.2116917240277,13968.3649782323
"H3 res 3","83eed4fffffffff",-67.5788968981047,14495.3460565036
"H3 res 3","83ecdafffffffff",-68.1738915248298,14262.9872081527
"H3 res 3","83ee6dfffffffff",-67.5104313668637,14071.1819021305
"H3 res 3","83e832fffffffff",-67.6539460335333,12716.0226081529
"H3 res 3","83e46dfffffffff",-67.9139356562344,14071.1819021307
"H3 res 3","83e624fffffffff",-67.7879489669373,12486.5095317398
"H3 res 3","83ee51fffffffff",-68.4111810578636,14586.3997151129
"H3 res 3","83eb64fffffffff",-67.9643822874965,9585.73336307189
"H3 res 3","83ee5cfffffffff",-67.4970873432865,14468.2145242167
"H3 res 3","83ead3fffffffff",-68.4792082546682,9668.16430854004
"H3 res 3","83f09bfffffffff",-68.4000432096876,13716.7276845859
"H3 res 3","83e816fffffffff",-67.6927629336637,13005.3954960557
"H3 res 3","83e882fffffffff",-67.9560783627569,13816.4691021091
"H3 res 3","83e166fffffffff",-68.2249089471751,11896.1997654099
"H3 res 3","83e736fffffffff",-68.4088697812649,11389.5592428829
"H3 res 3","83e91afffffffff",-67.8465390820834,12298.1753469624
"H3 res 3","83e333fffffffff",-67.2437829551564,10269.6358458852
"H3 res 3","83e885fffffffff",-67.299998771505,13472.5552480178
"H3 res 3","83e330fffffffff",-67.8454256453781,10010.013908146
"H3 res 3","83ed1dfffffffff",-67.6575667047038,10947.4971652544
"H3 res 3","83e163fffffffff",-66.955798987296,11534.1963383545
"H3 res 3","83e66cfffffffff",-67.3390516360827,13866.7939745305
"H3 res 3","83eb71fffffffff",-67.4566123026004,8996.48281068919
"H3 res 3","83eb5efffffffff",-67.8169597797562,8566.8749397946
"H3 res 3","83e161fffffffff",-67.7267414931899,11381.1743881533
"H3 res 3","83eec6fffffffff",-67.4926686926717,14549.8641749815
"H3 res 3","83e391fffffffff",-67.3393405950813,11792.6927806787
"H3 res 3","83ecd3fffffffff",-67.4795633138496,14105.7347835159
"H3 res 3","83eec4fffffffff",-67.9612168364946,14613.9018215316
"H3 res 3","83e711fffffffff",-67.3541878186059,11792.6927806787
"H3 res 3","83e62cfffffffff",-67.443663861813,12870.4895388715
"H3 res 3","83ec35fffffffff",-67.8859995410913,11640.2208135261
"H3 res 3","83eb66fffffffff",-67.4872377296249,9415.50928851561
"H3 res 3","83e312fffffffff",-67.2639184166065,10857.3423806195
"H3 res 3","83e3aefffffffff",-66.7924293711744,11273.0810882397
"H3 res 3","83e881fffffffff",-66.5562079968239,13472.5552480174
"H3 res 3","83e529fffffffff",-67.0700078086632,14387.3255987086
"H3 res 3","83eeedfffffffff",-67.0943362113306,14504.4087475605
"H3 res 3","83e104fffffffff",-66.7035185173731,13361.0759361565
"H3 res 3","83e918fffffffff",-67.1436374957844,12102.8857679007
"H3 res 3","83e460fffffffff",-66.7841887172065,14495.3460565037
"H3 res 3","83eec5fffffffff",-67.2347191368905,14549.8641749815
"H3 res 3","83e675fffffffff",-66.7507060123297,13313.7688104585
"H3 res 3","83e629fffffffff",-66.6849679471193,13005.3954960557
"H3 res 3","83ee4efffffffff",-66.653842516619,14280.6399874514
"H3 res 3","83ed1bfffffffff",-67.4846010217681,11387.2301847978
"H3 res 3","83ec10fffffffff",-67.0154291498897,12479.4486622822
"H3 res 3","83e16cfffffffff",-67.3932262507901,11218.6749396685
"H3 res 3","83e66dfffffffff",-67.1088310260804,13951.3505291036
"H3 res 3","83e39efffffffff",-66.4631167671196,12047.6672194215
"H3 res 3","83eec0fffffffff",-66.8098836605322,14495.3460565037
"H3 res 3","83eee8fffffffff",-66.8114213804643,14495.3460565038
"H3 res 3","83ed00fffffffff",-66.6689089584839,10435.0346125385
"H3 res 3","83e16efffffffff",-66.6873821615454,11273.0810882394
"H3 res 3","83e8acfffffffff",-66.4748439446943,13081.364941738
"H3 res 3","83e306fffffffff",-66.2371632876632,10356.9553786363
"H3 res 3","83e554fffffffff",-66.0573271325777,14687.6648078544
"H3 res 3","83eb75fffffffff",-66.9880238967663,9241.70094472003
"H3 res 3","83ecabfffffffff",-66.6289451589749,13313.7688104586
"H3 res 3","83e176fffffffff",-66.6488974678872,12437.2228208273
"H3 res 3","83dd26fffffffff",-66.1080158268342,14105.734783516
"H3 res 3","83e662fffffffff",-66.7078112798045,13448.5366349439
"H3 res 3","83ec14fffffffff",-66.7506853675456,12236.4469400911
"H3 res 3","83e883fffffffff",-66.8664100566207,13642.7064027974
"H3 res 3","83e89afffffffff",-66.4589581955053,13900.5138479735
"H3 res 3","83e136fffffffff",-66.2346138918681,13951.3505291037
"H3 res 3","83ed1efffffffff",-65.9960735592446,11050.4220624273
"H3 res 3","83ea18fffffffff",-65.8299308589707,8112.85066883185
"H3 res 3","83eed2fffffffff",-65.829903885866,14254.1744505569
"H3 res 3","83ecd6fffffffff",-66.6495047648028,13900.5138479734
"H3 res 3","83e676fffffffff",-65.7695423346571,12945.1477482074
"H3 res 3","83ec12fffffffff",-66.1846955047274,12636.3399763594
"H3 res 3","83ed04fffffffff",-66.1483052442466,10178.509161114
"H3 res 3","83e55efffffffff",-65.7823506039481,14752.7178534038
"H3 res 3","83eec1fffffffff",-66.0936565298801,14423.1829521788
"H3 res 3","83e55bfffffffff",-65.7841920563671,14696.9288037588
"H3 res 3","83e558fffffffff",-66.3882215242589,14687.6648078542
"H3 res 3","83e381fffffffff",-66.1982213397584,11678.0295825858
"H3 res 3","83eeeafffffffff",-66.4769808820386,14468.2145242169
"H3 res 3","83ee48fffffffff",-65.6850111547718,14123.0642841479
"H3 res 3","83ecacfffffffff",-66.3761637639979,12870.4895388716
"H3 res 3","83ec8bfffffffff",-65.6827122781404,13841.5934237771
"H3 res 3","83ed11fffffffff",-65.5506206483528,10790.5351308167
"H3 res 3","83e3aafffffffff",-66.0223402671311,11534.1963383546
"H3 res 3","83e46bfffffffff",-65.9777186133024,14123.064284148
"H3 res 3","83e16afffffffff",-65.6531484281202,11154.9697778055
"H3 res 3","83e46afffffffff",-65.671078416886,14280.6399874515
"H3 res 3","83eee9fffffffff",-65.9881417586602,14387.3255987087
"H3 res 3","83e89bfffffffff",-65.4097208434393,13716.7276845859
"H3 res 3","83e669fffffffff",-66.0202849051652,13841.5934237774
"H3 res 3","83e462fffffffff",-65.6266967216329,14586.3997151129
"H3 res 3","83e622fffffffff",-65.9944710290998,12256.9655973025
"H3 res 3","83e132fffffffff",-65.3633875085998,13866.7939745304
"H3 res 3","83e88afffffffff",-64.9851319338214,13424.5892963932
"H3 res 3","83e806fffffffff",-65.4993593574855,12374.3289180599
"H3 res 3","83ea1afffffffff",-65.5948817823545,8291.67957000023
"H3 res 3","83e822fffffffff",-65.360553231227,12259.5952808401
"H3 res 3","83e52afffffffff",-65.1021178951117,14468.2145242169
"H3 res 3","83e39dfffffffff",-65.4824830353956,12067.6607615744
"H3 res 3","83e146fffffffff",-65.3343658758457,11811.9857600191
"H3 res 3","83e8a8fffffffff",-65.8115024158631,13096.647598449
"H3 res 3","83e521fffffffff",-65.4924451367558,14183.9978362931
"H3 res 3","83ee59fffffffff",-65.5167164625232,14227.7905490062
"H3 res 3","83ee5bfffffffff",-65.3555777520288,14254.1744505569
"H3 res 3","83e109fffffffff",-64.731711671241,12437.2228208269
"H3 res 3","83ed8dfffffffff",-65.3830983951373,11896.1997654099
"H3 res 3","83e323fffffffff",-65.4040386691042,9995.37001319204
"H3 res 3","83dfb6fffffffff",-64.8839856167624,14254.1744505571
"H3 res 3","83e44cfffffffff",-64.8609256302348,14210.246460336
"H3 res 3","83e921fffffffff",-65.4616152887082,12479.4486622823
"H3 res 3","83ed26fffffffff",-65.0686049507499,9668.16430854007
"H3 res 3","83dd30fffffffff",-64.6214879554906,13766.4478582006
"H3 res 3","83ed33fffffffff",-64.6034490750072,10269.635845885
"H3 res 3","83df32fffffffff",-64.6947932006446,13866.7939745304
"H3 res 3","83e55afffffffff",-65.2174159053025,14771.3926728847
"H3 res 3","83e8a9fffffffff",-64.726463953619,12900.2665058245
"H3 res 3","83ee49fffffffff",-64.7102224395281,13951.350529104
"H3 res 3","83e552fffffffff",-64.4542571573369,14827.6541667338
"H3 res 3","83e509fffffffff",-65.3007400326989,14696.9288037588
"H3 res 3","83e640fffffffff",-64.6945736292633,13258.9289694325
"H3 res 3","83e7aefffffffff",-64.2912408567881,11149.1183891179
"H3 res 3","83ed35fffffffff",-64.6037911715756,9841.36365441846
"H3 res 3","83e38dfffffffff",-64.2396139154251,11896.1997654098
"H3 res 3","83e505fffffffff",-64.2267674138048,14423.1829521786
"H3 res 3","83e38afffffffff",-64.5275443832621,12188.7920528826
"H3 res 3","83e399fffffffff",-64.609630365581,12318.8668906691
"H3 res 3","83e508fffffffff",-64.5143732022827,14687.6648078541
"H3 res 3","83ed10fffffffff",-64.5054097414861,10697.0571382798
"H3 res 3","83e2b4fffffffff",-64.6431585976087,12543.2369987642
"H3 res 3","83e14cfffffffff",-64.6249208153931,11027.4108688078
"H3 res 3","83ed88fffffffff",-64.6229124113388,12047.6672194215
"H3 res 3","83ee4bfffffffff",-64.6768075354603,14019.6163675266
"H3 res 3","83eca0fffffffff",-64.2799784906359,12679.6997279126
"H3 res 3","83e155fffffffff",-64.4877853430257,11935.4058428064
"H3 res 3","83dd22fffffffff",-64.9831443724627,13968.3649782323
"H3 res 3","83ea9bfffffffff",-64.0721739238196,9585.73336307173
"H3 res 3","83eed8fffffffff",-64.0534084817388,14123.064284148
"H3 res 3","83e14efffffffff",-63.8681512662832,11154.9697778052
"H3 res 3","83eecafffffffff",-63.8296394826264,14123.0642841479
"H3 res 3","83e32efffffffff",-64.3879599735751,10059.0860615732
"H3 res 3","83ec85fffffffff",-64.5760833803099,13142.6745591845
"H3 res 3","83e114fffffffff",-64.4756053303913,13766.4478582009
"H3 res 3","83df24fffffffff",-64.1644482240498,13376.9072615309
"H3 res 3","83e148fffffffff",-63.6035113220865,10891.004944974
"H3 res 3","83df22fffffffff",-63.4917401963385,13448.536634944
"H3 res 3","83eca3fffffffff",-64.4477085395498,12915.1980700103
"H3 res 3","83e10afffffffff",-63.8424056454131,12781.8423892806
"H3 res 3","83e92bfffffffff",-64.1701155084347,12833.4290869399
"H3 res 3","83ea15fffffffff",-63.670747049731,7890.78565169883
"H3 res 3","83ea13fffffffff",-64.0791963284304,8154.34608300732
"H3 res 3","83e64dfffffffff",-64.1291551287955,13520.8074885749
"H3 res 3","83eca6fffffffff",-63.2332495183861,12564.620617899
"H3 res 3","83e2b5fffffffff",-63.729387239956,12679.6997279126
"H3 res 3","83e425fffffffff",-63.7384813707408,14837.0658036216
"H3 res 3","83eedafffffffff",-63.5443045018796,14019.6163675265
"H3 res 3","83df20fffffffff",-63.3244182001272,13313.7688104584
"H3 res 3","83dfa5fffffffff",-63.6631715930991,13900.5138479733
"H3 res 3","83eaaefffffffff",-63.5363300253346,8604.71748556091
"H3 res 3","83e110fffffffff",-63.574281650839,13650.8980814347
"H3 res 3","83e32cfffffffff",-63.936756672704,9865.16553220349
"H3 res 3","83e319fffffffff",-63.2226794935125,11201.9657241809
"H3 res 3","83e156fffffffff",-63.7311566143386,12298.1753469627
"H3 res 3","83e44efffffffff",-63.7369019589213,14280.6399874516
"H3 res 3","83e2b0fffffffff",-63.701502420934,12781.8423892804
"H3 res 3","83e328fffffffff",-63.3670892193522,10113.5301845741
"H3 res 3","83ec9dfffffffff",-63.7179734475238,13675.5223643175
"H3 res 3","83ed81fffffffff",-63.2642056618617,11678.0295825858
"H3 res 3","83e608fffffffff",-63.8337942172745,12479.4486622823
"H3 res 3","83eaa1fffffffff",-62.940908912134,8566.87493979448
"H3 res 3","83ea80fffffffff",-62.8853788317413,9064.88299179447
"H3 res 3","83eca2fffffffff",-63.4077979010294,12803.9085831813
"H3 res 3","83eaa3fffffffff",-62.6458489208018,8798.17989120719
"H3 res 3","83e8f0fffffffff",-62.9726772233441,12679.6997279127
"H3 res 3","83e781fffffffff",-62.6977204007191,10924.8418040858
"H3 res 3","83df15fffffffff",-62.7523845228958,13569.3484157759
"H3 res 3","83e45dfffffffff",-62.6069023127278,14333.817385352
"H3 res 3","83eb2efffffffff",-62.979815708552,9468.71653909457
"H3 res 3","83e118fffffffff",-62.8432500232044,13096.6475984487
"H3 res 3","83e615fffffffff",-63.2186621394229,11754.2639975363
"H3 res 3","83dfb1fffffffff",-63.2119218141119,13976.885174583
"H3 res 3","83e32bfffffffff",-62.7699367279696,10362.1303331226
"H3 res 3","83e308fffffffff",-62.5298270133371,10812.7279205123
"H3 res 3","83e235fffffffff",-62.78071885273,11640.2208135262
"H3 res 3","83e2a0fffffffff",-62.7620654575325,12679.6997279125
"H3 res 3","83dfa1fffffffff",-62.6462302295845,13766.4478582006
"H3 res 3","83e60bfffffffff",-62.9420641666578,12395.2345492671
"H3 res 3","83eb0efffffffff",-63.4199530918194,8798.17989120733
"H3 res 3","83e14bfffffffff",-62.5896691299046,10746.3766109331
"H3 res 3","83df94fffffffff",-62.6874748670216,13942.856251761
"H3 res 3","83e420fffffffff",-62.5725465404152,14884.2736768824
"H3 res 3","83df23fffffffff",-62.4678638173996,13235.5413119976
"H3 res 3","83e61dfffffffff",-62.768211251978,12067.6607615742
"H3 res 3","83e424fffffffff",-62.9924790664247,14827.6541667337
"H3 res 3","83e8d4fffffffff",-62.5854704463374,12833.4290869398
"H3 res 3","83eda5fffffffff",-62.8534949828078,10746.3766109331
"H3 res 3","83e535fffffffff",-62.5639377620793,14123.064284148
"H3 res 3","83df06fffffffff",-62.6998554676675,13472.5552480174
"H3 res 3","83dd64fffffffff",-62.7087099695361,13951.3505291038
"H3 res 3","83dd65fffffffff",-61.997995616437,13841.5934237772
"H3 res 3","83ea9efffffffff",-62.6236315233069,9549.47260049629
"H3 res 3","83ed80fffffffff",-62.2133508019904,11552.789328556
"H3 res 3","83e40dfffffffff",-62.2605464963437,14865.3605306345
"H3 res 3","83dfb3fffffffff",-62.9712191688231,13968.3649782325
"H3 res 3","83db69fffffffff",-62.4347291508142,10482.3542841014
"H3 res 3","83e619fffffffff",-61.9221467581249,11988.0165990206
"H3 res 3","83dd74fffffffff",-62.4168139815727,13841.5934237769
"H3 res 3","83e11afffffffff",-61.8349427736229,13165.7892266985
"H3 res 3","83e158fffffffff",-62.2845656605884,11381.1743881529
"H3 res 3","83dd02fffffffff",-62.0621857848592,13472.5552480175
"H3 res 3","83ec9afffffffff",-61.6963728369356,13841.5934237771
"H3 res 3","83e30dfffffffff",-62.1457024812627,10610.3040699104
"H3 res 3","83e02cfffffffff",-61.7363316606331,11988.0165990209
"H3 res 3","83df02fffffffff",-61.7734878347017,13361.0759361565
"H3 res 3","83ea36fffffffff",-61.958698477027,8338.31614189946
"H3 res 3","83eb1afffffffff",-61.9508269358988,8469.77155716582
"H3 res 3","83e30bfffffffff",-61.8562294851816,11061.9576855651
"H3 res 3","83e65efffffffff",-61.9287324520826,12679.6997279123
"H3 res 3","83e828fffffffff",-62.1736782784851,12833.4290869398
"H3 res 3","83ea84fffffffff",-62.3240877939088,9031.8421603388
"H3 res 3","83e42afffffffff",-62.2552381382693,14922.2204923097
"H3 res 3","83ea34fffffffff",-62.3728971879587,8291.67957000026
"H3 res 3","83e459fffffffff",-61.7944616335435,14227.7905490063
"H3 res 3","83eb03fffffffff",-62.4321284707815,8833.7734791045
"H3 res 3","83eb23fffffffff",-61.9687648803152,9504.46706697477
"H3 res 3","83eaa2fffffffff",-61.7422407919894,8990.82248196943
"H3 res 3","83e955fffffffff",-61.557880919605,13290.2198209555
"H3 res 3","83e295fffffffff",-61.7599817790457,13235.541311997
"H3 res 3","83e80bfffffffff",-61.2282605683616,12395.2345492669
"H3 res 3","83e7b3fffffffff",-61.4897945784211,10234.0367238617
"H3 res 3","83e451fffffffff",-61.8631703126637,14586.3997151129
"H3 res 3","83e404fffffffff",-60.9366661102053,14941.2544005887
"H3 res 3","83df80fffffffff",-61.3029658312775,13650.8980814344
"H3 res 3","83dd62fffffffff",-61.1599612028414,13675.5223643174
"H3 res 3","83e8e0fffffffff",-61.1331345503708,12102.8857679006
"H3 res 3","83e215fffffffff",-61.4111678625043,12311.9632671296
"H3 res 3","83db6efffffffff",-61.6201149078559,10234.0367238619
"H3 res 3","83ed9afffffffff",-61.1491039413217,12298.1753469627
"H3 res 3","83dfaefffffffff",-61.6279085881329,13618.1804532109
"H3 res 3","83e374fffffffff",-61.3138653328242,10193.6031595263
"H3 res 3","83eb20fffffffff",-61.4326814527883,9742.43297475775
"H3 res 3","83eb25fffffffff",-61.8956499267692,9951.65184852033
"H3 res 3","83e82bfffffffff",-61.7102988810888,12781.8423892806
"H3 res 3","83e020fffffffff",-61.8834422986671,12479.4486622822
"H3 res 3","83db63fffffffff",-61.2098985105062,10239.1097118297
"H3 res 3","83e034fffffffff",-60.8924996669246,13005.3954960556
"H3 res 3","83e946fffffffff",-60.7954588754748,13472.5552480175
"H3 res 3","83ecb4fffffffff",-61.3329964095131,12543.236998764
"H3 res 3","83e518fffffffff",-61.4221395978484,14752.7178534035
"H3 res 3","83e7b2fffffffff",-61.0048228891956,10082.9479495302
"H3 res 3","83e8c4fffffffff",-60.8750371938065,12229.6201052595
"H3 res 3","83dd13fffffffff",-60.6281804407897,13081.3649417382
"H3 res 3","83e1a1fffffffff",-61.4349153375905,13766.4478582008
"H3 res 3","83ed86fffffffff",-61.1693123991714,11417.5898791532
"H3 res 3","83e515fffffffff",-61.1361589332687,14468.2145242168
"H3 res 3","83e6ecfffffffff",-61.1101646642622,12318.8668906692
"H3 res 3","83e8d1fffffffff",-60.7909422656613,12550.358128819
"H3 res 3","83e408fffffffff",-61.0815991479367,14884.2736768821
"H3 res 3","83e51efffffffff",-60.6037088668493,14687.6648078543
"H3 res 3","83e966fffffffff",-60.4631575695273,13577.4668068598
"H3 res 3","83e15bfffffffff",-61.280044758534,11219.6743376113
"H3 res 3","83e6e1fffffffff",-61.1319719752016,12188.7920528826
"H3 res 3","83df82fffffffff",-61.0792180786242,13642.7064027976
"H3 res 3","83ec90fffffffff",-60.7273926855806,13313.7688104584
"H3 res 3","83e293fffffffff",-60.632667978284,13520.8074885747
"H3 res 3","83e61afffffffff",-60.8579910518991,11565.2124228225
"H3 res 3","83e6a1fffffffff",-60.3096763335842,11010.204828396
"H3 res 3","83e8c0fffffffff",-60.1886137056853,12188.7920528829
"H3 res 3","83dda0fffffffff",-60.4284507663459,12781.8423892804
"H3 res 3","83ea94fffffffff",-60.6661955593285,9709.82384493401
"H3 res 3","83e1a9fffffffff",-60.8154306580238,13219.9877071723
"H3 res 3","83eb31fffffffff",-60.4657171576263,9319.24730721326
"H3 res 3","83e280fffffffff",-60.9006593088562,13258.9289694327
"H3 res 3","83dd0afffffffff",-60.1073919377866,13258.9289694327
"H3 res 3","83e6a4fffffffff",-60.757807496842,10857.3423806196
"H3 res 3","83e51afffffffff",-60.2760939993126,14771.3926728849
"H3 res 3","83dd73fffffffff",-60.1923496536317,13448.536634944
"H3 res 3","83e452fffffffff",-60.2638771558078,14696.9288037587
"H3 res 3","83e291fffffffff",-60.7621760548322,13448.5366349441
"H3 res 3","83e373fffffffff",-60.0724656628368,10675.2583243558
"H3 res 3","83dd09fffffffff",-60.2086466969111,13376.9072615309
"H3 res 3","83e872fffffffff",-60.1217422038817,12870.4895388715
"H3 res 3","83e4ecfffffffff",-59.5466645727737,14604.7248578978
"H3 res 3","83e8e3fffffffff",-60.500728585765,12046.5394904388
"H3 res 3","83e076fffffffff",-59.629823730898,11387.2301847977
"H3 res 3","83e6a8fffffffff",-59.7623038938017,11131.5948785926
"H3 res 3","83e964fffffffff",-59.6009881215009,13716.727684586
"H3 res 3","83df18fffffffff",-59.9002304870033,13096.6475984486
"H3 res 3","83e798fffffffff",-60.1488141434973,10435.0346125383
"H3 res 3","83e870fffffffff",-59.5209746551978,13096.6475984489
"H3 res 3","83e031fffffffff",-59.9756062372005,12607.5705620407
"H3 res 3","83e185fffffffff",-59.4774001048446,13642.7064027974
"H3 res 3","83e005fffffffff",-59.9298342315635,12134.7069063867
"H3 res 3","83dd44fffffffff",-60.0574770340579,13472.5552480176
"H3 res 3","83e6e2fffffffff",-60.1990643502004,11792.6927806786
"H3 res 3","83e29cfffffffff",-59.8554963294948,13569.3484157758
"H3 res 3","83e21cfffffffff",-59.548901839231,12607.5705620408
"H3 res 3","83e06cfffffffff",-60.3132502994992,10173.4861037513
"H3 res 3","83e5adfffffffff",-59.4664879473949,14696.9288037588
"H3 res 3","83eb12fffffffff",-59.8246867388083,9127.38018551621
"H3 res 3","83ddadfffffffff",-59.5683434990199,12892.8115084301
"H3 res 3","83ddb5fffffffff",-59.8224378869367,12479.448662282
"H3 res 3","83ddacfffffffff",-59.8910188257865,12870.4895388714
"H3 res 3","83df9efffffffff",-59.7482614646411,13424.5892963931
"H3 res 3","83e1abfffffffff",-59.7862533648242,13258.9289694326
"H3 res 3","83e963fffffffff",-59.192128979115,13799.7617445429
"H3 res 3","83e513fffffffff",-59.7668336422933,14604.7248578976
"H3 res 3","83db40fffffffff",-59.7299469747553,10697.0571382796
"H3 res 3","83e2a8fffffffff",-59.900286350371,13096.6475984488
"H3 res 3","83e6c4fffffffff",-59.3261048653237,11678.029582586
"H3 res 3","83d96cfffffffff",-59.5068311189227,14105.734783516
"H3 res 3","83df8cfffffffff",-59.5939463762355,13282.385579131
"H3 res 3","83db48fffffffff",-59.8918864348586,10891.0049449744
"H3 res 3","83eb81fffffffff",-59.8382011225575,8833.77347910448
"H3 res 3","83e29efffffffff",-59.7477220516954,13650.8980814344
"H3 res 3","83e350fffffffff",-59.7755720812616,11131.5948785926
"H3 res 3","83e2aafffffffff",-59.9460435076103,13235.5413119973
"H3 res 3","83d96dfffffffff",-59.3482119615967,14254.1744505569
"H3 res 3","83e29afffffffff",-58.717667968647,13841.5934237771
"H3 res 3","83e071fffffffff",-59.2944204626549,10874.1519546149
"H3 res 3","83e875fffffffff",-58.8897105122168,13313.7688104587
"H3 res 3","83ddb0fffffffff",-59.0011315060754,12236.4469400911
"H3 res 3","83dd40fffffffff",-58.9659538713801,13258.9289694326
"H3 res 3","83e685fffffffff",-58.6460841232311,10691.6004844964
"H3 res 3","83e203fffffffff",-59.3650250373827,12423.2004262332
"H3 res 3","83e8ddfffffffff",-58.7569340489968,12067.6607615745
"H3 res 3","83dd45fffffffff",-59.4009842104434,13361.0759361566
"H3 res 3","83d929fffffffff",-58.7269758685309,13005.3954960555
"H3 res 3","83da65fffffffff",-58.6067905424256,11308.9214169731
"H3 res 3","83ddaefffffffff",-59.1437740297454,12650.7657365237
"H3 res 3","83e1b1fffffffff",-59.018443492706,13976.885174583
"H3 res 3","83ed94fffffffff",-59.3923378544559,11381.1743881531
"H3 res 3","83eb9cfffffffff",-58.9708278820907,8996.48281068924
"H3 res 3","83e8d8fffffffff",-59.0144677238873,12236.446940091
"H3 res 3","83e00cfffffffff",-58.8827948072421,11703.3492799634
"H3 res 3","83df76fffffffff",-58.6163051446835,12437.222820827
"H3 res 3","83db2bfffffffff",-58.3297594171966,10362.1303331227
"H3 res 3","83eb84fffffffff",-58.5668586774609,9267.42987545029
"H3 res 3","83e96efffffffff",-58.1174743228007,13968.3649782324
"H3 res 3","83e6b1fffffffff",-58.2006791493904,10310.5739416205
"H3 res 3","83d725fffffffff",-58.2816853126359,9951.65184852011
"H3 res 3","83d96efffffffff",-58.5775850541783,13968.3649782323
"H3 res 3","83de36fffffffff",-58.8425046553322,13050.8886371954
"H3 res 3","83eba4fffffffff",-58.0840123540231,9617.65017043454
"H3 res 3","83e945fffffffff",-58.9313920967066,13816.4691021092
"H3 res 3","83df8afffffffff",-58.3968083338253,13096.6475984488
"H3 res 3","83e342fffffffff",-58.3691589730131,10924.841804086
"H3 res 3","83eb36fffffffff",-58.6003418925006,9585.7333630717
"H3 res 3","83e5a8fffffffff",-58.3267803540005,14687.6648078541
"H3 res 3","83e6b4fffffffff",-58.5846993574192,10158.441691366
"H3 res 3","83dd41fffffffff",-58.3193818759394,13142.6745591845
"H3 res 3","83d524fffffffff",-58.8253611033613,9491.03429718978
"H3 res 3","83e415fffffffff",-58.5851773646719,14922.2204923098
"H3 res 3","83e032fffffffff",-58.9529530441289,12870.4895388714
"H3 res 3","83e862fffffffff",-57.7770001682191,13448.536634944
"H3 res 3","83d976fffffffff",-57.7786293893748,13050.8886371955
"H3 res 3","83dd80fffffffff",-57.6279484080159,12188.7920528826
"H3 res 3","83e6c1fffffffff",-58.4302955136112,11678.0295825856
"H3 res 3","83de26fffffffff",-58.0353273836932,12716.0226081528
"H3 res 3","83e35efffffffff",-58.0223598067285,11381.174388153
"H3 res 3","83e288fffffffff",-58.0204076877557,13650.8980814344
"H3 res 3","83e22bfffffffff",-57.861624244892,12047.6672194218
"H3 res 3","83d735fffffffff",-58.1684428069743,9549.47260049637
"H3 res 3","83e5a5fffffffff",-58.0481154493179,14387.3255987087
"H3 res 3","83dd43fffffffff",-57.8860520809806,13035.6948282129
"H3 res 3","83e29bfffffffff",-57.8148702432,13951.350529104
"H3 res 3","83e340fffffffff",-57.9895385002738,10697.0571382796
"H3 res 3","83d945fffffffff",-57.6426043764216,13816.4691021091
"H3 res 3","83e015fffffffff",-58.059659276483,12458.3059278963
"H3 res 3","83df99fffffffff",-58.1772824696467,13081.3649417381
"H3 res 3","83e853fffffffff",-58.4685894707738,12564.6206178993
"H3 res 3","83db54fffffffff",-57.8711629669699,10891.0049449742
"H3 res 3","83d334fffffffff",-57.6730740215452,14019.6163675264
"H3 res 3","83e4eefffffffff",-58.3872429978986,14586.3997151127
"H3 res 3","83dd81fffffffff",-57.3785695386077,12229.6201052597
"H3 res 3","83e4c5fffffffff",-57.228470465255,14549.8641749815
"H3 res 3","83e94cfffffffff",-57.5372880555628,13968.3649782325
"H3 res 3","83da69fffffffff",-57.6599187838915,11565.2124228228
"H3 res 3","83da6efffffffff",-57.2216709910845,11703.3492799635
"H3 res 3","83dd4cfffffffff",-57.6537588786647,13012.9593183187
"H3 res 3","83dc30fffffffff",-57.1080958884883,12479.4486622821
"H3 res 3","83da60fffffffff",-57.6408960212122,11552.789328556
"H3 res 3","83ebb5fffffffff",-57.2391266702728,9709.82384493429
"H3 res 3","83d934fffffffff",-57.8487477287082,11582.8368395137
"H3 res 3","83db0cfffffffff",-57.3485726184685,10562.0193783464
"H3 res 3","83e042fffffffff",-57.3448612059856,10503.5001589824
"H3 res 3","83e208fffffffff",-57.28988011292,12479.4486622824
"H3 res 3","83e1b3fffffffff",-57.9118571461942,13968.3649782326
"H3 res 3","83d904fffffffff",-57.4020373533601,12134.7069063868
"H3 res 3","83e860fffffffff",-57.1123906774358,13650.8980814346
"H3 res 3","83e35cfffffffff",-57.68242209479,11154.9697778054
"H3 res 3","83e21bfffffffff",-57.7966980015531,13050.8886371953
"H3 res 3","83dc36fffffffff",-57.4751433655204,12486.5095317395
"H3 res 3","83de14fffffffff",-56.8859749724342,12679.6997279126
"H3 res 3","83d704fffffffff",-56.7272315792104,9297.59817310631
"H3 res 3","83deb6fffffffff",-57.3193801388758,12945.1477482072
"H3 res 3","83dea4fffffffff",-57.377639884164,12892.81150843
"H3 res 3","83e341fffffffff",-56.9464398908077,10691.6004844965
"H3 res 3","83d522fffffffff",-57.4057577645606,9922.68313055175
"H3 res 3","83e195fffffffff",-57.0805454259467,13799.7617445429
"H3 res 3","83dd48fffffffff",-56.5949410451906,12781.8423892804
"H3 res 3","83e6dcfffffffff",-56.7092353588282,11154.9697778052
"H3 res 3","83e840fffffffff",-56.7916951388054,13258.9289694326
"H3 res 3","83e36cfffffffff",-56.7946447958586,10082.9479495301
"H3 res 3","83deb5fffffffff",-56.8878638286622,12833.4290869398
"H3 res 3","83e8e9fffffffff",-57.2582417245321,12298.1753469625
"H3 res 3","83de31fffffffff",-57.0681257472468,12607.5705620407
"H3 res 3","83db5bfffffffff",-56.9796528947682,11602.6156039057
"H3 res 3","83db50fffffffff",-57.3420019617817,11131.5948785926
"H3 res 3","83e689fffffffff",-57.4142433258904,10857.3423806192
"H3 res 3","83dc22fffffffff",-57.3379442659911,12650.7657365238
"H3 res 3","83da75fffffffff",-56.333764988155,11818.4284451547
"H3 res 3","83ebb4fffffffff",-56.3300970148156,9951.65184852009
"H3 res 3","83e5a3fffffffff",-56.6776956733578,14468.2145242169
"H3 res 3","83e049fffffffff",-56.4523290570938,9491.0342971898
"H3 res 3","83d906fffffffff",-56.3962448835611,11948.5224102804
"H3 res 3","83e413fffffffff",-56.8993288328766,14865.3605306345
"H3 res 3","83de21fffffffff",-56.2024841500104,12236.4469400912
"H3 res 3","83e68bfffffffff",-56.5277965724285,10594.1683679144
"H3 res 3","83d332fffffffff",-56.422467059631,14227.7905490063
"H3 res 3","83dc2efffffffff",-56.4099147220654,12550.3581288188
"H3 res 3","83da45fffffffff",-56.2467480328193,11948.5224102805
"H3 res 3","83e5a0fffffffff",-56.9421473400377,14369.4525927062
"H3 res 3","83da6afffffffff",-56.4936173236446,11889.6862842436
"H3 res 3","83d325fffffffff",-56.0261693463531,14019.6163675263
"H3 res 3","83e01efffffffff",-56.1821044979559,12047.6672194218
"H3 res 3","83e968fffffffff",-57.0311708727324,14123.064284148
"H3 res 3","83d335fffffffff",-56.7723847149178,14123.0642841479
"H3 res 3","83eb96fffffffff",-56.189293780658,9571.34984147245
"H3 res 3","83da6bfffffffff",-56.7097597576798,11818.4284451547
"H3 res 3","83da74fffffffff",-55.9794057431951,11831.3313981276
"H3 res 3","83dd4bfffffffff",-55.5483377005775,12543.236998764
"H3 res 3","83e858fffffffff",-56.2560452066418,12781.8423892806
"H3 res 3","83e4cefffffffff",-55.7682750243902,14280.6399874514
"H3 res 3","83df44fffffffff",-55.7173439235155,11678.0295825858
"H3 res 3","83e04bfffffffff",-55.7560843325529,9558.5163354377
"H3 res 3","83df65fffffffff",-56.0561197008838,11481.0730781577
"H3 res 3","83e4f4fffffffff",-56.3704714689125,14771.3926728848
"H3 res 3","83e34cfffffffff",-55.9033026334889,10675.2583243557
"H3 res 3","83e4c8fffffffff",-56.1464181500467,14183.9978362932
"H3 res 3","83cf34fffffffff",-55.7274826309047,11565.2124228227
"H3 res 3","83e34efffffffff",-56.2764969668708,10913.5434070622
"H3 res 3","83dc32fffffffff",-56.4433769170759,12270.6765790144
"H3 res 3","83d505fffffffff",-56.1490310089718,10249.2682692169
"H3 res 3","83db52fffffffff",-56.3406148199794,11344.9520444523
"H3 res 3","83d932fffffffff",-56.1086277886116,11896.1997654096
"H3 res 3","83e2f3fffffffff",-56.0288483049036,13618.1804532107
"H3 res 3","83d94efffffffff",-55.5491596275683,13799.7617445429
"H3 res 3","83e012fffffffff",-56.1104705951188,12486.5095317397
"H3 res 3","83e19efffffffff",-55.3953528575992,13424.589296393
"H3 res 3","83dea3fffffffff",-55.3618598208975,12458.3059278963
"H3 res 3","83dc06fffffffff",-55.6745986080734,12248.9575179121
"H3 res 3","83d942fffffffff",-55.7630435159322,13472.5552480175
"H3 res 3","83da44fffffffff",-55.9696948971325,11994.6201159794
"H3 res 3","83e01afffffffff",-55.2505598032286,11831.3313981275
"H3 res 3","83e192fffffffff",-54.886500389585,13716.7276845862
"H3 res 3","83dc2afffffffff",-55.3631783530978,12311.9632671295
"H3 res 3","83dd92fffffffff",-55.4782601481596,11735.127795795
"H3 res 3","83e4cafffffffff",-55.0157131395599,14123.0642841481
"H3 res 3","83e254fffffffff",-55.1953346533711,12479.448662282
"H3 res 3","83e6d3fffffffff",-55.8480290696246,10765.0190438551
"H3 res 3","83e4c3fffffffff",-55.3581254517371,14360.5299603513
"H3 res 3","83d915fffffffff",-55.4230267599035,11937.9232594467
"H3 res 3","83de84fffffffff",-55.1179087886649,12423.2004262331
"H3 res 3","83dc29fffffffff",-55.3841956413821,12395.2345492668
"H3 res 3","83de02fffffffff",-55.1842763463816,12229.6201052596
"H3 res 3","83e4f6fffffffff",-55.1988300359285,14696.9288037588
"H3 res 3","83d323fffffffff",-54.9203578327131,14280.6399874516
"H3 res 3","83e86afffffffff",-55.0455366676561,13569.348415776
"H3 res 3","83d3b5fffffffff",-54.9582264031185,14183.9978362933
"H3 res 3","83d701fffffffff",-55.2940649452746,9031.84216033866
"H3 res 3","83e6dafffffffff",-54.9791062774192,11061.957685565
"H3 res 3","83d712fffffffff",-54.5894854615791,9127.38018551617
"H3 res 3","83d560fffffffff",-54.8672133508337,10010.0139081459
"H3 res 3","83da4efffffffff",-54.7603623396567,12311.9632671295
"H3 res 3","83de13fffffffff",-54.9465133015414,12270.6765790145
"H3 res 3","83d516fffffffff",-54.9975451811419,10594.1683679146
"H3 res 3","83d91cfffffffff",-54.6698671448907,12046.5394904387
"H3 res 3","83deb3fffffffff",-55.565165807383,12550.3581288191
"H3 res 3","83d710fffffffff",-55.260476201789,9064.88299179408
"H3 res 3","83d703fffffffff",-54.9822176561,8833.77347910476
"H3 res 3","83cf23fffffffff",-54.4349051638389,12311.9632671295
"H3 res 3","83e2d5fffffffff",-55.0649527138711,13799.7617445429
"H3 res 3","83e0edfffffffff",-54.8135517067752,10403.685575792
"H3 res 3","83e4c2fffffffff",-54.9170467759378,14423.1829521786
"H3 res 3","83de05fffffffff",-55.3000739473674,12134.7069063867
"H3 res 3","83d911fffffffff",-54.5826195375593,12067.6607615743
"H3 res 3","83e0a8fffffffff",-54.2831858515379,12047.6672194215
"H3 res 3","83d713fffffffff",-54.3429901564748,8885.61184844683
"H3 res 3","83dc60fffffffff",-54.1152239258857,12188.7920528827
"H3 res 3","83d91dfffffffff",-54.7638425889573,12256.9655973027
"H3 res 3","83d916fffffffff",-54.3426148048686,12298.1753469625
"H3 res 3","83d50cfffffffff",-54.8331366894649,10562.0193783466
"H3 res 3","83d50efffffffff",-54.2860667852098,10757.3879715041
"H3 res 3","83d562fffffffff",-54.439738968239,10234.036723862
"H3 res 3","83cf2cfffffffff",-54.5530163786586,12716.0226081529
"H3 res 3","83e599fffffffff",-54.1263867198961,14604.7248578977
"H3 res 3","83d510fffffffff",-54.7162715896144,10697.0571382799
"H3 res 3","83d94afffffffff",-54.4953925675639,13766.4478582009
"H3 res 3","83e0a9fffffffff",-54.3173504619909,11831.3313981274
"H3 res 3","83da4bfffffffff",-54.1784437439999,12395.2345492671
"H3 res 3","83de95fffffffff",-54.5455285753106,12311.9632671294
"H3 res 3","83d093fffffffff",-54.5161670228028,11988.0165990208
"H3 res 3","83da72fffffffff",-54.3081270221137,12270.6765790145
"H3 res 3","83e5b4fffffffff",-54.1190964232494,14019.6163675264
"H3 res 3","83deadfffffffff",-53.9860389549123,12054.3255959834
"H3 res 3","83d508fffffffff",-53.8856923765675,10812.7279205121
"H3 res 3","83dc0efffffffff",-53.7557052709592,12458.3059278965
"H3 res 3","83e2ecfffffffff",-53.6636419226085,13081.3649417383
"H3 res 3","83e250fffffffff",-54.3557939308621,12679.6997279127
"H3 res 3","83d5a0fffffffff",-53.6612671278618,10891.0049449739
"H3 res 3","83d306fffffffff",-54.6485659712002,14423.1829521786
"H3 res 3","83d571fffffffff",-53.9883534355564,10456.0215370783
"H3 res 3","83cd61fffffffff",-53.7895103126558,13650.8980814344
"H3 res 3","83dca5fffffffff",-54.0593281594718,12543.2369987641
"H3 res 3","83cf33fffffffff",-53.5794169763586,11703.3492799634
"H3 res 3","83da4afffffffff",-53.9848614767259,12479.448662282
"H3 res 3","83d570fffffffff",-54.4669253386117,10435.034612538
"H3 res 3","83d32cfffffffff",-54.0417843639683,14227.7905490062
"H3 res 3","83e86bfffffffff",-53.9113432061453,13650.8980814344
"H3 res 3","83df43fffffffff",-54.1400200650821,11417.5898791533
"H3 res 3","83da05fffffffff",-53.7219699886444,11994.6201159795
"H3 res 3","83e4dcfffffffff",-54.2125593158423,14280.6399874515
"H3 res 3","83e48dfffffffff",-54.0315933027441,14604.7248578976
"H3 res 3","83da35fffffffff",-53.3202871618366,11640.2208135262
"H3 res 3","83da01fffffffff",-53.1198684806477,12229.6201052595
"H3 res 3","83de29fffffffff",-53.5378781830044,11565.2124228227
"H3 res 3","83d824fffffffff",-53.9064852435297,12486.5095317397
"H3 res 3","83d7a3fffffffff",-53.2008351895569,9228.88108629853
"H3 res 3","83d0c2fffffffff",-53.1839196077004,10691.6004844964
"H3 res 3","83cd60fffffffff",-53.4765808703573,13766.4478582007
"H3 res 3","83dc12fffffffff",-53.7211213520312,12636.3399763593
"H3 res 3","83d3b3fffffffff",-53.4377280907597,14210.246460336
"H3 res 3","83de81fffffffff",-53.3821796576037,11994.6201159794
"H3 res 3","83e0a2fffffffff",-54.0153218312818,12650.765736524
"H3 res 3","83db1bfffffffff",-53.8385316060306,11387.230184798
"H3 res 3","83d546fffffffff",-53.0284744748463,10691.6004844964
"H3 res 3","83d083fffffffff",-52.9897733929048,11948.5224102804
"H3 res 3","83d918fffffffff",-53.7878425278736,12102.8857679004
"H3 res 3","83d762fffffffff",-53.3461279929522,9177.19702342611
"H3 res 3","83d32dfffffffff",-53.0660650745625,14254.1744505569
"H3 res 3","83d313fffffffff",-53.141096137866,14604.7248578979
"H3 res 3","83e0ebfffffffff",-53.0833801310283,10218.8428647519
"H3 res 3","83e0aafffffffff",-53.3234370836954,12027.7288198794
"H3 res 3","83d56efffffffff",-53.3911961694113,10234.036723862
"H3 res 3","83da34fffffffff",-52.8011143514958,11565.2124228228
"H3 res 3","83e253fffffffff",-53.4967426762879,12870.4895388715
"H3 res 3","83e085fffffffff",-53.2436349502448,12229.6201052594
"H3 res 3","83dc09fffffffff",-52.7688072769954,12486.5095317396
"H3 res 3","83dc1efffffffff",-52.9616838314522,12781.8423892804
"H3 res 3","83d7aefffffffff",-52.9941512709016,8990.82248196932
"H3 res 3","83d51efffffffff",-53.4651219278525,11050.4220624273
"H3 res 3","83e48cfffffffff",-53.45465782569,14586.3997151128
"H3 res 3","83df5bfffffffff",-52.6145832627556,11219.6743376114
"H3 res 3","83d301fffffffff",-52.8086103196858,14549.8641749815
"H3 res 3","83cf64fffffffff",-52.7727729144606,13716.7276845861
"H3 res 3","83dc1dfffffffff",-53.1611993877224,12650.7657365238
"H3 res 3","83e4d6fffffffff",-52.7910357361819,14387.3255987086
"H3 res 3","83da04fffffffff",-53.2603074355522,11948.5224102805
"H3 res 3","83cd66fffffffff",-53.1338661120139,13866.7939745305
"H3 res 3","83d771fffffffff",-53.150810461904,8996.48281068935
"H3 res 3","83d568fffffffff",-52.8390499871552,10260.811038261
"H3 res 3","83de8efffffffff",-52.4078046266345,11754.2639975364
"H3 res 3","83d5a3fffffffff",-52.7274069168245,11154.9697778056
"H3 res 3","83e245fffffffff",-52.5972507409348,11948.5224102803
"H3 res 3","83d303fffffffff",-52.6600870094561,14613.9018215318
"H3 res 3","83e0c6fffffffff",-52.4732492930627,10924.8418040859
"H3 res 3","83d395fffffffff",-52.2973409404127,14280.6399874515
"H3 res 3","83de08fffffffff",-52.6462100361319,11509.4831421642
"H3 res 3","83d7b0fffffffff",-52.8165914271917,9742.43297475757
"H3 res 3","83e2dcfffffffff",-53.082739817991,13976.885174583
"H3 res 3","83d08cfffffffff",-52.2155872262746,11792.6927806788
"H3 res 3","83d7b1fffffffff",-52.6583820108617,9504.4670669744
"H3 res 3","83e26cfffffffff",-52.0288985813661,11454.1999622936
"H3 res 3","83cf29fffffffff",-52.8977436475513,13005.3954960556
"H3 res 3","83cf2afffffffff",-52.8377259600215,12607.5705620409
"H3 res 3","83d082fffffffff",-52.8684008654404,12134.7069063869
"H3 res 3","83dc6efffffffff",-52.4870484948889,11810.893309381
"H3 res 3","83d550fffffffff",-52.0374601430945,11131.5948785925
"H3 res 3","83d081fffffffff",-52.1317952421486,11994.6201159793
"H3 res 3","83d5b2fffffffff",-51.7202656611497,11218.6749396684
"H3 res 3","83cf01fffffffff",-52.2257931770393,12423.2004262335
"H3 res 3","83da0afffffffff",-51.8431585594237,12679.6997279125
"H3 res 3","83dc68fffffffff",-51.8647168880408,11692.3622456864
"H3 res 3","83da5bfffffffff",-51.9665939730498,12945.1477482071
"H3 res 3","83dc19fffffffff",-52.0970514365932,12870.4895388715
"H3 res 3","83cf76fffffffff",-51.7710754099559,13050.8886371954
"H3 res 3","83def4fffffffff",-52.2526943196361,11608.869067923
"H3 res 3","83d822fffffffff",-52.0241403731518,12259.59528084
"H3 res 3","83de72fffffffff",-51.8291681684789,11201.965724181
"H3 res 3","83d584fffffffff",-52.0237990071927,11290.9775533282
"H3 res 3","83d3a8fffffffff",-51.7596360595894,14687.6648078541
"H3 res 3","83dcb6fffffffff",-52.3407960806637,12636.3399763593
"H3 res 3","83d426fffffffff",-51.777076868964,11454.1999622936
"H3 res 3","83de66fffffffff",-51.7392143676415,10958.8542239029
"H3 res 3","83da0efffffffff",-52.4934266106086,12458.3059278962
"H3 res 3","83dc84fffffffff",-51.5646773028654,13035.6948282125
"H3 res 3","83e49dfffffffff",-51.1412677630949,14333.817385352
"H3 res 3","83cd29fffffffff",-51.2352078651412,13900.5138479735
"H3 res 3","83d874fffffffff",-51.7916850279287,13165.7892266985
"H3 res 3","83d5aafffffffff",-51.5057037743866,11534.1963383547
"H3 res 3","83d3adfffffffff",-52.0295518696652,14696.9288037587
"H3 res 3","83def2fffffffff",-51.1528776021888,11369.0788837272
"H3 res 3","83e4b1fffffffff",-52.0780822958205,14468.2145242168
"H3 res 3","83d86cfffffffff",-51.9502754990024,13866.7939745306
"H3 res 3","83d586fffffffff",-51.3012480375107,11417.5898791531
"H3 res 3","83e593fffffffff",-51.865966280402,14227.7905490064
"H3 res 3","83d9a2fffffffff",-51.3667783937837,13012.9593183187
"H3 res 3","83de75fffffffff",-51.7938926710873,11050.422062427
"H3 res 3","83dc1bfffffffff",-51.4720642026014,13050.8886371952
"H3 res 3","83da52fffffffff",-51.8798765293337,12892.8115084299
"H3 res 3","83dbaefffffffff",-51.1430462536811,11273.0810882397
"H3 res 3","83d0c5fffffffff",-51.3583938292855,10691.6004844964
"H3 res 3","83dee4fffffffff",-51.6919442765956,11344.9520444523
"H3 res 3","83e596fffffffff",-51.4042042682786,14019.6163675265
"H3 res 3","83d0f0fffffffff",-51.4113644212119,11381.1743881531
"H3 res 3","83d831fffffffff",-51.0900601318488,12311.9632671294
"H3 res 3","83de56fffffffff",-50.9437137336987,11061.957685565
"H3 res 3","83dee0fffffffff",-50.8018355985484,11131.5948785928
"H3 res 3","83d82afffffffff",-51.0446664357404,12607.5705620408
"H3 res 3","83d783fffffffff",-50.7052284832854,8863.16065648
"H3 res 3","83e482fffffffff",-51.0799404542267,14360.5299603512
"H3 res 3","83dc6bfffffffff",-50.8153276517241,11818.4284451547
"H3 res 3","83d421fffffffff",-50.9534446237381,11552.7893285561
"H3 res 3","83d436fffffffff",-50.8874081333646,11735.1277957949
"H3 res 3","83d794fffffffff",-51.1505152985127,9549.47260049599
"H3 res 3","83da11fffffffff",-50.5495347760147,12550.3581288192
"H3 res 3","83cd28fffffffff",-50.8033449613364,13942.856251761
"H3 res 3","83d604fffffffff",-50.8796163502484,7725.51260446747
"H3 res 3","83d0f6fffffffff",-51.3850957675271,11602.6156039057
"H3 res 3","83d836fffffffff",-51.0093824345427,12636.3399763593
"H3 res 3","83d984fffffffff",-50.5313808006787,13142.6745591845
"H3 res 3","83cd73fffffffff",-50.1721064274635,13448.536634944
"H3 res 3","83e4b3fffffffff",-50.9308295621177,14333.817385352
"H3 res 3","83dee2fffffffff",-50.6941876473286,11149.1183891186
"H3 res 3","83d55dfffffffff",-50.5510227918017,11149.1183891185
"H3 res 3","83e090fffffffff",-50.1339006900665,12236.446940091
"H3 res 3","83dc5cfffffffff",-50.0472974021055,12607.5705620408
"H3 res 3","83def1fffffffff",-50.5622997816676,11154.9697778054
"H3 res 3","83cfb4fffffffff",-50.683617013137,10482.3542841012
"H3 res 3","83d633fffffffff",-50.5735994343759,7934.99804844995
"H3 res 3","83d0a9fffffffff",-50.4454353700344,11831.3313981274
"H3 res 3","83e49cfffffffff",-50.5477159371555,14280.6399874515
"H3 res 3","83d431fffffffff",-50.1718400850423,11889.6862842436
"H3 res 3","83d430fffffffff",-50.5415334685289,11818.4284451547
"H3 res 3","83dc51fffffffff",-50.6176219925075,12650.7657365238
"H3 res 3","83dce0fffffffff",-50.5457229177741,13096.6475984489
"H3 res 3","83dcf6fffffffff",-50.1529956037896,13376.9072615309
"H3 res 3","83e495fffffffff",-50.443833766394,14280.6399874516
"H3 res 3","83d0adfffffffff",-49.4902504268571,12054.3255959832
"H3 res 3","83ca9afffffffff",-49.6118075258389,9751.78340376641
"H3 res 3","83d789fffffffff",-50.1452481000241,8248.4337485542
"H3 res 3","83cfa3fffffffff",-49.8204396479815,10913.5434070621
"H3 res 3","83e091fffffffff",-50.2884706318078,12067.6607615742
"H3 res 3","83dba6fffffffff",-50.402143312117,10765.0190438554
"H3 res 3","83c96bfffffffff",-49.9831723824385,14123.064284148
"H3 res 3","83cd23fffffffff",-49.8658561804158,13976.885174583
"H3 res 3","83db84fffffffff",-49.5132440538049,11290.9775533282
"H3 res 3","83c961fffffffff",-49.98069219117,13942.8562517611
"H3 res 3","83d981fffffffff",-49.8252637461286,13142.6745591845
"H3 res 3","83cf6cfffffffff",-50.2872359977572,14105.734783516
"H3 res 3","83c7b0fffffffff",-49.7717978715398,13313.7688104584
"H3 res 3","83dae8fffffffff",-50.3971306840449,13258.9289694326
"H3 res 3","83dc95fffffffff",-50.0281174639418,13235.5413119972
"H3 res 3","83de61fffffffff",-50.0192767166069,10435.0346125381
"H3 res 3","83cf63fffffffff",-50.4861649264163,13799.7617445429
"H3 res 3","83d98cfffffffff",-49.9449178456952,13012.9593183188
"H3 res 3","83dc53fffffffff",-50.0860425333646,12870.4895388716
"H3 res 3","83e09efffffffff",-49.4451987293767,11818.4284451547
"H3 res 3","83cf46fffffffff",-49.4638708939163,13472.5552480174
"H3 res 3","83c96efffffffff",-49.6323057806603,13968.3649782324
"H3 res 3","83dcf2fffffffff",-49.0612448727383,13577.4668068597
"H3 res 3","83dcf0fffffffff",-49.7365295302963,13424.589296393
"H3 res 3","83e49bfffffffff",-49.4250788815361,14071.1819021305
"H3 res 3","83d84cfffffffff",-48.9734646628095,13448.5366349442
"H3 res 3","83c960fffffffff",-49.2069736255255,13766.4478582006
"H3 res 3","83e494fffffffff",-49.79085071924,14183.9978362933
"H3 res 3","83d98efffffffff",-48.9446518177656,13235.5413119972
"H3 res 3","83d59dfffffffff",-49.1116878540422,12067.6607615744
"H3 res 3","83d38dfffffffff",-49.5005277044337,14799.478866177
"H3 res 3","83d365fffffffff",-49.0591289572596,14019.6163675265
"H3 res 3","83dec6fffffffff",-49.660590338267,10924.8418040858
"H3 res 3","83d01bfffffffff",-49.581003194063,11602.6156039058
"H3 res 3","83cf19fffffffff",-49.3970416009493,12270.6765790142
"H3 res 3","83d75dfffffffff",-49.6638538739528,8990.82248196942
"H3 res 3","83e49efffffffff",-49.4060073102225,14123.064284148
"H3 res 3","83d0ecfffffffff",-49.5115771866856,10648.1137316054
"H3 res 3","83d54bfffffffff",-49.4675000236356,11102.4908388158
"H3 res 3","83dceefffffffff",-48.9509923523721,13282.3855791308
"H3 res 3","83cd5dfffffffff",-49.2638021235926,12803.908583181
"H3 res 3","83d61cfffffffff",-48.7755608902398,7890.78565169875
"H3 res 3","83d0e5fffffffff",-48.6634317416401,11102.4908388158
"H3 res 3","83d815fffffffff",-49.2235693031303,12607.5705620409
"H3 res 3","83d611fffffffff",-48.8322363380041,7934.99804845023
"H3 res 3","83dc4afffffffff",-48.8561288031877,12479.4486622821
"H3 res 3","83cf68fffffffff",-49.1375433055946,14123.064284148
"H3 res 3","83d398fffffffff",-49.2578013452665,14495.3460565038
"H3 res 3","83ce24fffffffff",-48.8949806909334,12486.5095317397
"H3 res 3","83dc8efffffffff",-49.1061215178406,13569.3484157758
"H3 res 3","83d464fffffffff",-49.0075180832164,11344.9520444524
"H3 res 3","83e496fffffffff",-48.659003560237,14019.6163675264
"H3 res 3","83cd01fffffffff",-48.5627249089375,13642.7064027975
"H3 res 3","83dbb5fffffffff",-49.3654790380829,10906.955087575
"H3 res 3","83ded2fffffffff",-49.1046254774701,10857.3423806195
"H3 res 3","83ded5fffffffff",-49.4973939758646,10913.5434070621
"H3 res 3","83cf86fffffffff",-48.4650065996318,10466.5413926989
"H3 res 3","83cd31fffffffff",-48.2358763524082,13799.7617445428
"H3 res 3","83d811fffffffff",-48.2883895173507,12650.7657365236
"H3 res 3","83c794fffffffff",-48.9428258504924,13650.8980814344
"H3 res 3","83ca98fffffffff",-48.8303393920572,10010.013908146
"H3 res 3","83d613fffffffff",-48.1724597741419,8154.34608300747
"H3 res 3","83d361fffffffff",-48.0690006738744,14123.0642841479
"H3 res 3","83e492fffffffff",-48.174704264244,13951.350529104
"H3 res 3","83d74bfffffffff",-48.0988938000541,9371.54939683981
"H3 res 3","83dcedfffffffff",-48.9923412454148,13050.8886371952
"H3 res 3","83dc59fffffffff",-48.3709421697009,12716.0226081529
"H3 res 3","83db83fffffffff",-48.5347422246616,11811.9857600192
"H3 res 3","83d598fffffffff",-48.3754172390285,12188.7920528825
"H3 res 3","83d0e4fffffffff",-48.6758574087257,11344.9520444523
"H3 res 3","83cc61fffffffff",-48.131442439651,12047.6672194215
"H3 res 3","83dc9cfffffffff",-48.6751765191333,13569.3484157759
"H3 res 3","83d19afffffffff",-48.650540411474,13219.9877071724
"H3 res 3","83d462fffffffff",-47.4933640732993,11792.6927806788
"H3 res 3","83cc69fffffffff",-47.6563911881906,11582.8368395137
"H3 res 3","83cf50fffffffff",-48.3814090882439,13096.647598449
"H3 res 3","83d050fffffffff",-47.703098114329,10812.7279205125
"H3 res 3","83d4a4fffffffff",-47.8214531376093,12437.2228208272
"H3 res 3","83de5dfffffffff",-47.7328137006907,10059.0860615733
"H3 res 3","83cd5efffffffff",-47.925549278761,12781.8423892805
"H3 res 3","83d6edfffffffff",-47.9611882180346,9127.38018551606
"H3 res 3","83dedefffffffff",-47.7102766708561,10449.8845460051
"H3 res 3","83c941fffffffff",-48.1475501010808,13816.469102109
"H3 res 3","83d214fffffffff",-47.5245186033666,14884.2736768822
"H3 res 3","83c944fffffffff",-47.7819764364739,13642.7064027974
"H3 res 3","83cd58fffffffff",-48.2151309747719,12679.6997279127
"H3 res 3","83dc8afffffffff",-48.0154719122486,13766.4478582009
"H3 res 3","83cadcfffffffff",-48.0630165455582,11154.9697778053
"H3 res 3","83dc93fffffffff",-48.1712982888965,13520.8074885746
"H3 res 3","83d402fffffffff",-48.1317743036222,12374.3289180599
"H3 res 3","83daa1fffffffff",-47.9045915795037,12781.8423892806
"H3 res 3","83c865fffffffff",-47.5361044373041,13841.593423777
"H3 res 3","83d40efffffffff",-47.294879749655,12458.3059278962
"H3 res 3","83db9cfffffffff",-47.4594866329587,11935.4058428066
"H3 res 3","83d460fffffffff",-47.9846578953036,11552.7893285561
"H3 res 3","83dc5bfffffffff",-47.8623306915598,12945.1477482073
"H3 res 3","83c94efffffffff",-47.7477612212103,13799.7617445428
"H3 res 3","83cc66fffffffff",-47.6979922907226,12318.8668906691
"H3 res 3","83db99fffffffff",-47.4666878264266,12318.8668906693
"H3 res 3","83d990fffffffff",-47.4176762499204,13766.4478582007
"H3 res 3","83d192fffffffff",-47.0966478068006,13716.7276845861
"H3 res 3","83cacbfffffffff",-47.7915606542027,11481.0730781576
"H3 res 3","83cf4efffffffff",-47.0465902593515,13799.7617445429
"H3 res 3","83d8a4fffffffff",-47.14402145272,13376.9072615308
"H3 res 3","83dbb6fffffffff",-47.8854237275569,11261.1763575495
"H3 res 3","83dc99fffffffff",-47.2647080697432,13866.7939745306
"H3 res 3","83cf5cfffffffff",-47.1840026742637,13456.5349052611
"H3 res 3","83d05dfffffffff",-47.5013989665984,10059.0860615733
"H3 res 3","83d223fffffffff",-47.3647612192801,14922.2204923098
"H3 res 3","83cc25fffffffff",-46.916667498121,13005.3954960556
"H3 res 3","83dec8fffffffff",-46.5944812988453,10010.013908146
"H3 res 3","83dcc3fffffffff",-46.6045282934056,13816.4691021091
"H3 res 3","83d2a5fffffffff",-46.9034499419101,14771.3926728849
"H3 res 3","83cd33fffffffff",-47.1185611474395,13618.1804532108
"H3 res 3","83d2a0fffffffff",-46.5587169009478,14687.6648078541
"H3 res 3","83d22cfffffffff",-46.6130374618079,14865.3605306345
"H3 res 3","83daa3fffffffff",-46.805842787311,12915.1980700105
"H3 res 3","83c45afffffffff",-47.1496262010123,12543.2369987642
"H3 res 3","83db91fffffffff",-46.8954003540651,11792.692780679
"H3 res 3","83c861fffffffff",-47.0539472478833,13766.4478582009
"H3 res 3","83ce2cfffffffff",-46.6977390410369,12870.4895388715
"H3 res 3","83d812fffffffff",-47.2906517155354,13050.8886371954
"H3 res 3","83d6e8fffffffff",-47.0346579534673,9064.88299179418
"H3 res 3","83ce30fffffffff",-47.068512357618,11818.4284451547
"H3 res 3","83cf8cfffffffff",-47.3189201895318,11149.1183891185
"H3 res 3","83d215fffffffff",-46.6699315573791,14922.2204923096
"H3 res 3","83c4e8fffffffff",-46.9645029177938,12188.7920528825
"H3 res 3","83c706fffffffff",-46.6208764332379,11948.5224102804
"H3 res 3","83decafffffffff",-46.4663115648,10010.0139081461
"H3 res 3","83c4eefffffffff",-46.3116388059842,12067.6607615745
"H3 res 3","83cac6fffffffff",-46.384612166447,11417.5898791534
"H3 res 3","83c0dafffffffff",-46.5391906801192,14019.6163675263
"H3 res 3","83d4b5fffffffff",-46.3491738499679,12679.6997279127
"H3 res 3","83ce04fffffffff",-46.0865621495547,12229.6201052595
"H3 res 3","83dccdfffffffff",-46.1991742499112,13577.4668068598
"H3 res 3","83c92dfffffffff",-46.0641917864826,12945.1477482072
"H3 res 3","83ce23fffffffff",-46.672770584653,12458.3059278962
"H3 res 3","83d463fffffffff",-46.9495950211571,11754.2639975364
"H3 res 3","83d4a0fffffffff",-46.7953001069871,12679.6997279127
"H3 res 3","83d8e6fffffffff",-46.3460747327672,12270.676579014
"H3 res 3","83da8dfffffffff",-46.4129196622793,13520.8074885748
"H3 res 3","83db98fffffffff",-46.9280458937373,12188.7920528827
"H3 res 3","83d205fffffffff",-46.2572641867859,14941.2544005888
"H3 res 3","83d8e1fffffffff",-46.1782893553182,12188.7920528827
"H3 res 3","83d6f5fffffffff",-46.7584591185425,8566.87493979461
"H3 res 3","83c95dfffffffff",-46.6427520552402,13618.1804532109
"H3 res 3","83c334fffffffff",-46.7531936975575,9571.34984147254
"H3 res 3","83c4c6fffffffff",-46.4283899554429,11417.5898791534
"H3 res 3","83d202fffffffff",-45.8021979166064,14941.2544005889
"H3 res 3","83c723fffffffff",-46.2743944033101,12311.9632671293
"H3 res 3","83cf93fffffffff",-46.1036761979854,10000.2473424272
"H3 res 3","83c7aafffffffff",-45.6176527406876,12915.1980700101
"H3 res 3","83cd15fffffffff",-46.5117377556068,13456.5349052612
"H3 res 3","83cac0fffffffff",-46.3352098500602,11552.7893285561
"H3 res 3","83d210fffffffff",-46.3892008158677,14884.2736768822
"H3 res 3","83bf65fffffffff",-46.1232748480982,14019.6163675264
"H3 res 3","83d6f1fffffffff",-46.0532732535908,8798.17989120725
"H3 res 3","83d6eafffffffff",-46.1103120630767,8996.48281068938
"H3 res 3","83cf89fffffffff",-45.8258995190676,11344.9520444523
"H3 res 3","83caccfffffffff",-46.1730168180916,11792.6927806788
"H3 res 3","83c704fffffffff",-46.4586259622093,12134.7069063868
"H3 res 3","83daa2fffffffff",-46.3102534919159,12803.9085831812
"H3 res 3","83dadcfffffffff",-46.0736961678232,13976.885174583
"H3 res 3","83dab5fffffffff",-45.7999363187447,12679.6997279126
"H3 res 3","83bf6cfffffffff",-45.496262322329,14045.3596984806
"H3 res 3","83c0cafffffffff",-45.3912425055009,14123.064284148
"H3 res 3","83d6b2fffffffff",-45.8379631594684,9668.16430854007
"H3 res 3","83c973fffffffff",-45.9561951136283,13282.3855791309
"H3 res 3","83d36bfffffffff",-45.0563273192366,14183.9978362933
"H3 res 3","83c3a5fffffffff",-45.4177874735266,9371.54939684009
"H3 res 3","83d033fffffffff",-45.6395825102628,12650.7657365239
"H3 res 3","83c955fffffffff",-45.6129721093853,13290.2198209555
"H3 res 3","83c331fffffffff",-45.1011282730194,9319.24730721287
"H3 res 3","83cc41fffffffff",-45.5898141522593,12134.7069063868
"H3 res 3","83d046fffffffff",-45.8401353437155,10691.6004844963
"H3 res 3","83d001fffffffff",-45.8567058327242,11948.5224102804
"H3 res 3","83d00cfffffffff",-45.8893068412773,11703.3492799634
"H3 res 3","83cc40fffffffff",-45.3900616666336,12188.7920528826
"H3 res 3","83d18dfffffffff",-45.3894631258827,13081.3649417382
"H3 res 3","83ce29fffffffff",-44.9956731336476,13005.3954960557
"H3 res 3","83d294fffffffff",-44.9785958026561,14183.9978362933
"H3 res 3","83c7adfffffffff",-45.3119645669228,12437.2228208271
"H3 res 3","83d8e2fffffffff",-45.3775098748619,12256.9655973027
"H3 res 3","83d4e5fffffffff",-44.7140382423866,12900.2665058244
"H3 res 3","83c443fffffffff",-45.0525405307595,13142.6745591845
"H3 res 3","83c442fffffffff",-44.4506463119538,13035.6948282128
"H3 res 3","83cd1bfffffffff",-45.0563496267564,12892.8115084301
"H3 res 3","83d8e3fffffffff",-45.3206105149795,12046.5394904387
"H3 res 3","83c972fffffffff",-45.2143398957401,13081.3649417382
"H3 res 3","83cd16fffffffff",-44.9149837606664,13219.9877071723
"H3 res 3","83d35dfffffffff",-44.9288902508827,14586.3997151127
"H3 res 3","83d213fffffffff",-45.2525107535417,14865.3605306346
"H3 res 3","83ce00fffffffff",-44.9859022907507,12188.7920528826
"H3 res 3","83d484fffffffff",-45.0190479845159,13035.6948282129
"H3 res 3","83d8b4fffffffff",-44.9635683389449,13900.5138479732
"H3 res 3","83c7a9fffffffff",-44.4419647964922,12543.2369987641
"H3 res 3","83dccafffffffff",-44.9806760721101,13942.8562517609
"H3 res 3","83d6c6fffffffff",-45.3315936084087,9031.84216033878
"H3 res 3","83c3a1fffffffff",-44.6629760737305,9182.12754056671
"H3 res 3","83cd1afffffffff",-44.6317312439505,12900.2665058243
"H3 res 3","83dcc9fffffffff",-45.0714866151939,13716.727684586
"H3 res 3","83cc76fffffffff",-45.3930116595752,12167.3134167343
"H3 res 3","83d695fffffffff",-44.7846013753849,9504.4670669747
"H3 res 3","83cc0dfffffffff",-44.3827418400879,12270.6765790142
"H3 res 3","83caaefffffffff",-44.5959684457226,10947.4971652548
"H3 res 3","83dcd8fffffffff",-44.8206159294038,14123.0642841479
"H3 res 3","83dadbfffffffff",-44.4890544971386,14254.1744505569
"H3 res 3","83d884fffffffff",-44.2826551240918,13642.7064027975
"H3 res 3","83d076fffffffff",-44.9757387175833,11387.2301847978
"H3 res 3","83cdadfffffffff",-44.1885579410509,12892.81150843
"H3 res 3","83ce74fffffffff",-44.3956779656657,13165.7892266984
"H3 res 3","83d8f1fffffffff",-44.4470313279777,12458.3059278962
"H3 res 3","83bf63fffffffff",-44.1933996429017,14280.6399874515
"H3 res 3","83d21cfffffffff",-44.6759858662598,14922.2204923095
"H3 res 3","83c0d1fffffffff",-44.2912613772853,14333.8173853521
"H3 res 3","83c718fffffffff",-44.1047312085412,12102.8857679008
"H3 res 3","83d4f4fffffffff",-44.3051492823304,13219.987707172
"H3 res 3","83c78cfffffffff",-44.7129385216487,13012.9593183187
"H3 res 3","83c49cfffffffff",-43.56499245397,10098.6331691847
"H3 res 3","83c72afffffffff",-44.4575205362384,12607.5705620406
"H3 res 3","83cab4fffffffff",-44.2667615453925,10158.4416913659
"H3 res 3","83cc0cfffffffff",-44.0811902595915,12259.5952808398
"H3 res 3","83cea6fffffffff",-43.9488733412766,10610.3040699103
"H3 res 3","83d290fffffffff",-43.8314214343832,14123.064284148
"H3 res 3","83cc42fffffffff",-44.4032100208348,12423.2004262334
"H3 res 3","83cae1fffffffff",-43.6336460598197,12188.7920528826
"H3 res 3","83d88dfffffffff",-43.5001286045847,13081.3649417382
"H3 res 3","83d2adfffffffff",-44.1155578643248,14827.6541667336
"H3 res 3","83c843fffffffff",-43.8447315227693,13142.6745591844
"H3 res 3","83c48efffffffff",-43.972311041009,10530.0326469664
"H3 res 3","83c313fffffffff",-43.932863939712,8885.61184844665
"H3 res 3","83dcdafffffffff",-44.1451957698405,14262.9872081525
"H3 res 3","83da8bfffffffff",-44.5962795336024,13841.5934237772
"H3 res 3","83d690fffffffff",-44.0145674303782,9742.43297475772
"H3 res 3","83bb36fffffffff",-44.1817096170785,11735.1277957951
"H3 res 3","83d691fffffffff",-43.8693147687883,9531.42785283911
"H3 res 3","83c31efffffffff",-43.2054381399041,8646.66711637789
"H3 res 3","83d4f6fffffffff",-43.6215033453466,13376.9072615308
"H3 res 3","83d494fffffffff",-43.7704066948621,13096.6475984488
"H3 res 3","83bf21fffffffff",-43.1332678953112,14183.9978362933
"H3 res 3","83c70cfffffffff",-43.6338192501567,12650.765736524
"H3 res 3","83bf24fffffffff",-43.4711497988144,13951.350529104
"H3 res 3","83d2aafffffffff",-43.4714592811203,14659.9311260002
"H3 res 3","83c70efffffffff",-43.8111444807993,12458.3059278963
"H3 res 3","83c380fffffffff",-43.8279105838106,9064.88299179427
"H3 res 3","83c382fffffffff",-43.7599321091983,9089.79603980686
"H3 res 3","83c385fffffffff",-43.8791311979557,9031.84216033856
"H3 res 3","83c0c2fffffffff",-43.5496963350481,14423.1829521786
"H3 res 3","83d1b0fffffffff",-43.2761424517808,14123.0642841479
"H3 res 3","83c09afffffffff",-43.3263538997475,14019.6163675264
"H3 res 3","83c729fffffffff",-43.2168553470871,13005.3954960557
"H3 res 3","83cda8fffffffff",-43.1215066560141,12679.6997279128
"H3 res 3","83d8b3fffffffff",-43.1393898113359,13968.3649782323
"H3 res 3","83c6b5fffffffff",-43.0377567113454,13766.4478582009
"H3 res 3","83da9cfffffffff",-43.2910745726916,13569.3484157758
"H3 res 3","83d8ebfffffffff",-44.0769615583406,12047.6672194216
"H3 res 3","83d208fffffffff",-43.1343961520727,14884.2736768823
"H3 res 3","83cc50fffffffff",-43.163757093318,12679.6997279125
"H3 res 3","83da98fffffffff",-42.6137854535046,13766.4478582008
"H3 res 3","83d283fffffffff",-42.7514230581981,14423.1829521785
"H3 res 3","83cae5fffffffff",-42.7606690956421,12298.1753469626
"H3 res 3","83bf29fffffffff",-43.064045245772,14387.3255987087
"H3 res 3","83d349fffffffff",-43.0240643910251,14254.174450557
"H3 res 3","83c31cfffffffff",-43.1325682353717,8646.03074712597
"H3 res 3","83c4aafffffffff",-42.6079277801208,10874.1519546149
"H3 res 3","83d264fffffffff",-42.9074232356733,14504.4087475604
"H3 res 3","83d281fffffffff",-43.1204094438628,14549.8641749815
"H3 res 3","83ca19fffffffff",-42.8553296477013,11988.0165990209
"H3 res 3","83ce63fffffffff",-42.4817696467775,13569.348415776
"H3 res 3","83d496fffffffff",-42.9769562352234,13165.7892266983
"H3 res 3","83c0ebfffffffff",-42.6910890030185,14369.4525927062
"H3 res 3","83d8c0fffffffff",-43.4298458300959,12188.7920528824
"H3 res 3","83d1a3fffffffff",-42.9148182476242,13799.7617445428
"H3 res 3","83d02dfffffffff",-43.0891741037496,11735.1277957948
"H3 res 3","83c0c0fffffffff",-42.792228725957,14495.3460565037
"H3 res 3","83cea3fffffffff",-42.4856961604289,10757.3879715041
"H3 res 3","83c0d4fffffffff",-42.7392847224338,14495.3460565038
"H3 res 3","83d6dafffffffff",-42.2996684556099,9951.65184852018
"H3 res 3","83ce0afffffffff",-42.2544351000541,12236.4469400909
"H3 res 3","83c821fffffffff",-42.4292643061323,12679.6997279125
"H3 res 3","83c46dfffffffff",-42.7949198302505,13951.3505291039
"H3 res 3","83cc58fffffffff",-42.8203541973128,12781.8423892805
"H3 res 3","83bf40fffffffff",-42.2387537572227,14495.3460565039
"H3 res 3","83cb99fffffffff",-42.6287752269691,10648.1137316053
"H3 res 3","83bf26fffffffff",-42.3398487648497,14045.3596984807
"H3 res 3","83d69efffffffff",-42.94939422084,9549.47260049637
"H3 res 3","83c38efffffffff",-42.3817446676609,8646.03074712581
"H3 res 3","83c855fffffffff",-42.6797442317338,12915.1980700102
"H3 res 3","83c471fffffffff",-42.2058975567074,13235.5413119974
"H3 res 3","83da90fffffffff",-42.3437034774866,13313.7688104585
"H3 res 3","83d8c9fffffffff",-42.130502126412,11735.127795795
"H3 res 3","83cc5efffffffff",-42.6135942970089,12833.4290869397
"H3 res 3","83c41afffffffff",-42.5576436835845,11565.2124228228
"H3 res 3","83bd66fffffffff",-42.2437258849188,10000.2473424273
"H3 res 3","83c4adfffffffff",-41.8785052567572,11387.230184798
"H3 res 3","83cc53fffffffff",-42.3869157988109,12870.4895388714
"H3 res 3","83c626fffffffff",-42.2584332428702,12270.6765790142
"H3 res 3","83cc1dfffffffff",-42.0188014272511,12650.7657365237
"H3 res 3","83c31dfffffffff",-42.1919986524661,8604.71748556108
"H3 res 3","83d1a6fffffffff",-41.5942897293375,14105.7347835161
"H3 res 3","83c850fffffffff",-41.6165247344406,12679.6997279129
"H3 res 3","83d894fffffffff",-42.0869016293143,14123.064284148
"H3 res 3","83ceb2fffffffff",-42.0801647608947,9865.16553220357
"H3 res 3","83d488fffffffff",-42.2010027975405,13650.8980814348
"H3 res 3","83bf22fffffffff",-41.6109337210989,14210.2464603362
"H3 res 3","83c70bfffffffff",-41.9549094182498,12694.2081059087
"H3 res 3","83d45bfffffffff",-41.6074659456701,12945.1477482072
"H3 res 3","83c85efffffffff",-41.7015382144616,12679.6997279125
"H3 res 3","83c09dfffffffff",-42.0473411255019,14333.817385352
"H3 res 3","83d1b5fffffffff",-42.4401245235203,14123.0642841479
"H3 res 3","83ca14fffffffff",-41.022355287536,11552.7893285562
"H3 res 3","83cc1cfffffffff",-41.6875416551973,12607.5705620408
"H3 res 3","83bd68fffffffff",-41.1972413178424,10260.8110382613
"H3 res 3","83d2e5fffffffff",-40.9195282392898,14771.3926728848
"H3 res 3","83cb8afffffffff",-41.7851536649702,10891.0049449741
"H3 res 3","83da93fffffffff",-41.6950339165701,13520.8074885747
"H3 res 3","83c399fffffffff",-41.2421392211417,8885.61184844688
"H3 res 3","83d273fffffffff",-41.4831969283065,14715.486034367
"H3 res 3","83bd34fffffffff",-41.2440152133215,9751.78340376638
"H3 res 3","83c0e9fffffffff",-41.8793475786309,14387.3255987086
"H3 res 3","83c91dfffffffff",-41.6749179762384,12256.9655973027
"H3 res 3","83d11efffffffff",-41.5284419045382,13313.7688104586
"H3 res 3","83ce54fffffffff",-41.6373071971457,12781.8423892804
"H3 res 3","83ce6dfffffffff",-41.5481068992652,13951.3505291041
"H3 res 3","83ce55fffffffff",-41.0291443842617,12915.1980700102
"H3 res 3","83bb29fffffffff",-41.3456346779685,13005.3954960554
"H3 res 3","83ca5cfffffffff",-41.4860744374201,12915.1980700103
"H3 res 3","83ceb3fffffffff",-41.6885395694657,10059.0860615733
"H3 res 3","83c91cfffffffff",-40.9549165984248,12027.7288198795
"H3 res 3","83cee4fffffffff",-41.1600275557374,12148.1906468132
"H3 res 3","83bf0cfffffffff",-40.8087205243053,14586.3997151129
"H3 res 3","83d48bfffffffff",-41.1031116794423,13841.593423777
"H3 res 3","83c08efffffffff",-41.3799395760811,14468.2145242169
"H3 res 3","83c0f1fffffffff",-41.2665775508813,14659.9311260002
"H3 res 3","83bf55fffffffff",-40.8815224362892,14659.9311260002
"H3 res 3","83d8d3fffffffff",-40.6013176948109,12716.0226081529
"H3 res 3","83c775fffffffff",-41.1120088923311,13424.5892963932
"H3 res 3","83d10afffffffff",-40.8962238410363,12781.8423892805
"H3 res 3","83bb12fffffffff",-40.4690659675735,12437.2228208271
"H3 res 3","83c4acfffffffff",-41.1970807569446,11201.965724181
"H3 res 3","83ca09fffffffff",-40.9187846957964,12636.3399763594
"H3 res 3","83c224fffffffff",-40.6316871454243,8338.31614189932
"H3 res 3","83ce1bfffffffff",-41.1493357141983,11735.127795795
"H3 res 3","83d899fffffffff",-40.5021965967978,13577.4668068599
"H3 res 3","83ca5dfffffffff",-41.3398720477446,13012.9593183188
"H3 res 3","83d28afffffffff",-40.8410595772697,14369.4525927062
"H3 res 3","83bf5cfffffffff",-40.2641132837926,14659.9311260003
"H3 res 3","83bd04fffffffff",-40.6313200448803,10178.509161114
"H3 res 3","83d2e2fffffffff",-40.4424907229165,14715.4860343672
"H3 res 3","83d143fffffffff",-40.3177025832948,11417.5898791533
"H3 res 3","83c8edfffffffff",-40.6496435017726,12437.2228208271
"H3 res 3","83d155fffffffff",-40.2343716235496,11935.4058428066
"H3 res 3","83c0ecfffffffff",-40.4359891204993,14604.7248578977
"H3 res 3","83c059fffffffff",-40.4919203988052,14227.7905490063
"H3 res 3","83b924fffffffff",-40.5541685340474,13376.9072615309
"H3 res 3","83bd2afffffffff",-40.7045686736177,10310.5739416206
"H3 res 3","83d499fffffffff",-40.7152536408723,13866.7939745307
"H3 res 3","83c771fffffffff",-40.2925343956289,13456.534905261
"H3 res 3","83d2f2fffffffff",-40.713951592221,14604.7248578976
"H3 res 3","83d299fffffffff",-40.4733155127979,14227.7905490063
"H3 res 3","83c0f5fffffffff",-40.1156215228625,14752.7178534037
"H3 res 3","83c412fffffffff",-40.1372436179648,11261.1763575494
"H3 res 3","83c754fffffffff",-40.7359736897782,13096.6475984489
"H3 res 3","83cc16fffffffff",-40.5975523120122,12395.2345492671
"H3 res 3","83c755fffffffff",-39.6858228503645,13290.2198209555
"H3 res 3","83b526fffffffff",-39.6110212904818,14045.3596984808
"H3 res 3","83c835fffffffff",-40.0374293654348,12047.6672194216
"H3 res 3","83bd73fffffffff",-39.8658361919887,10675.2583243558
"H3 res 3","83c91afffffffff",-39.6674338650579,11831.3313981273
"H3 res 3","83bba1fffffffff",-39.9476845748671,12679.6997279126
"H3 res 3","83b964fffffffff",-40.432667973419,11735.1277957952
"H3 res 3","83d4ccfffffffff",-40.3187416948385,13618.1804532109
"H3 res 3","83d2f1fffffffff",-40.1752167321359,14659.9311260001
"H3 res 3","83c91bfffffffff",-40.359909294488,12054.3255959834
"H3 res 3","83be64fffffffff",-39.7823080749783,14504.4087475605
"H3 res 3","83c80afffffffff",-39.823074598383,12236.4469400911
"H3 res 3","83d10efffffffff",-39.8710017409371,12915.1980700102
"H3 res 3","83c206fffffffff",-39.7483097910894,7725.51260446705
"H3 res 3","83cef5fffffffff",-40.0746154614498,11640.2208135262
"H3 res 3","83cc1afffffffff",-39.9101142854871,13005.3954960556
"H3 res 3","83c762fffffffff",-40.041495950598,13618.1804532108
"H3 res 3","83ca30fffffffff",-39.1900352807513,11818.4284451545
"H3 res 3","83b726fffffffff",-39.3419737778274,14105.7347835161
"H3 res 3","83ca76fffffffff",-39.0443764383545,12945.1477482073
"H3 res 3","83c803fffffffff",-39.6091109709432,12134.7069063868
"H3 res 3","83c559fffffffff",-39.3936415474221,13577.4668068598
"H3 res 3","83ccf4fffffffff",-39.1688964198703,13219.9877071721
"H3 res 3","83ca05fffffffff",-39.1916949693838,12423.2004262336
"H3 res 3","83cd83fffffffff",-39.9935015605349,11997.1565436637
"H3 res 3","83cdb6fffffffff",-39.6400633197208,12148.1906468133
"H3 res 3","83ccc5fffffffff",-39.2646098865066,13472.5552480176
"H3 res 3","83d89bfffffffff",-39.4802184235598,13716.727684586
"H3 res 3","83d2e3fffffffff",-39.5796654672625,14659.9311260003
"H3 res 3","83bb61fffffffff",-39.2005382224561,13942.8562517611
"H3 res 3","83c2b0fffffffff",-39.7396323254508,9424.34251408272
"H3 res 3","83d4cefffffffff",-39.6758172357706,13799.7617445428
"H3 res 3","83ca46fffffffff",-39.7459469344167,13142.6745591845
"H3 res 3","83c01bfffffffff",-38.9596816253204,14827.6541667337
"H3 res 3","83c831fffffffff",-39.6990742065665,12027.7288198795
"H3 res 3","83ccc4fffffffff",-38.997014473915,13472.5552480175
"H3 res 3","83bd08fffffffff",-39.0853123140539,10812.7279205125
"H3 res 3","83bd54fffffffff",-39.0594257491359,10891.0049449742
"H3 res 3","83c830fffffffff",-39.034792185164,11818.4284451546
"H3 res 3","83c354fffffffff",-39.0402522766699,8646.66711637802
"H3 res 3","83d2eefffffffff",-38.7104282527088,14586.3997151128
"H3 res 3","83d2c5fffffffff",-38.4717839799573,14549.8641749817
"H3 res 3","83c6aafffffffff",-39.0780261559274,13290.2198209555
"H3 res 3","83ca45fffffffff",-38.5995258988277,13472.5552480175
"H3 res 3","83c806fffffffff",-39.3454927417194,11994.6201159795
"H3 res 3","83c558fffffffff",-38.8044612347653,13424.5892963931
"H3 res 3","83ca2afffffffff",-39.1597352542469,12607.5705620407
"H3 res 3","83bf0bfffffffff",-39.183494159283,14771.3926728847
"H3 res 3","83cbb1fffffffff",-38.798852279153,10456.0215370785
"H3 res 3","83bba3fffffffff",-39.4073610044817,12915.1980700102
"H3 res 3","83cca9fffffffff",-38.8400846706707,13165.7892266984
"H3 res 3","83bf03fffffffff",-39.3242234987849,14613.9018215316
"H3 res 3","83cceafffffffff",-39.514479635837,13456.5349052612
"H3 res 3","83c0aefffffffff",-38.370128484639,14715.4860343672
"H3 res 3","83c833fffffffff",-38.6957411013262,11792.6927806787
"H3 res 3","83b922fffffffff",-38.5858714316299,13448.5366349441
"H3 res 3","83c433fffffffff",-38.2460950381444,11792.6927806787
"H3 res 3","83c75efffffffff",-37.9853208898126,13258.9289694326
"H3 res 3","83c818fffffffff",-38.200552126817,11818.4284451545
"H3 res 3","83c548fffffffff",-38.2422811751959,13942.8562517612
"H3 res 3","83c8cdfffffffff",-38.6169348856904,11896.1997654099
"H3 res 3","83c42cfffffffff",-38.1168843309282,12870.4895388715
"H3 res 3","83bd11fffffffff",-38.1505872821005,10790.5351308164
"H3 res 3","83ccf1fffffffff",-38.7122049315767,13456.5349052613
"H3 res 3","83d101fffffffff",-38.836542951604,13035.6948282128
"H3 res 3","83c61efffffffff",-38.9324077010279,12679.6997279126
"H3 res 3","83bb6cfffffffff",-38.4941402624736,14105.734783516
"H3 res 3","83c042fffffffff",-37.9793231822243,14549.8641749815
"H3 res 3","83be60fffffffff",-38.8714415577396,14495.3460565035
"H3 res 3","83c802fffffffff",-38.9773810832484,11948.5224102804
"H3 res 3","83c54afffffffff",-38.8270097377371,13766.4478582007
"H3 res 3","83bf0afffffffff",-38.8663789227192,14752.7178534037
"H3 res 3","83ceedfffffffff",-38.3286300810563,12437.222820827
"H3 res 3","83ca62fffffffff",-37.8472807656532,13448.5366349439
"H3 res 3","83c0adfffffffff",-38.1133292593041,14827.6541667338
"H3 res 3","83bd5cfffffffff",-38.1027783881554,11154.9697778054
"H3 res 3","83bbaafffffffff",-37.7322585457908,12915.19807001
"H3 res 3","83c58afffffffff",-37.7365849310378,10891.004944974
"H3 res 3","83c61dfffffffff",-37.8665821073701,12259.59528084
"H3 res 3","83c836fffffffff",-38.3695211223975,11602.6156039056
"H3 res 3","83c832fffffffff",-38.0443503893101,11583.8888548995
"H3 res 3","83bd10fffffffff",-38.0879253002782,10697.0571382798
"H3 res 3","83cba9fffffffff",-38.2190409405068,11608.8690679231
"H3 res 3","83bb1bfffffffff",-37.6011749357698,12167.3134167337
"H3 res 3","83c76cfffffffff",-37.5786924711583,14105.734783516
"H3 res 3","83c404fffffffff",-38.4489749847572,12229.6201052595
"H3 res 3","83bb44fffffffff",-38.287550276886,13642.7064027976
"H3 res 3","83cba8fffffffff",-38.171845595823,11381.1743881531
"H3 res 3","83c432fffffffff",-37.5926675402983,11583.8888548994
"H3 res 3","83ca63fffffffff",-37.7168319321751,13569.3484157759
"H3 res 3","83c9abfffffffff",-37.7042281285691,11381.1743881531
"H3 res 3","83c019fffffffff",-38.2012752704272,14865.3605306344
"H3 res 3","83c218fffffffff",-37.2781578474216,8112.85066883186
"H3 res 3","83b92afffffffff",-37.6865456417403,12915.1980700103
"H3 res 3","83d129fffffffff",-37.1571051420943,12543.2369987641
"H3 res 3","83cec0fffffffff",-37.4026239820024,11552.789328556
"H3 res 3","83be62fffffffff",-37.7834702113575,14586.3997151127
"H3 res 3","83bba9fffffffff",-37.6888129717252,12543.236998764
"H3 res 3","83cec5fffffffff",-37.9135103241585,11811.9857600191
"H3 res 3","83ba25fffffffff",-36.9554105209358,12694.2081059088
"H3 res 3","83cd9efffffffff",-37.8846305865632,12047.6672194215
"H3 res 3","83c9a1fffffffff",-37.5960650910839,11131.5948785926
"H3 res 3","83b504fffffffff",-37.3738746561388,14360.5299603512
"H3 res 3","83c01efffffffff",-37.3814764034463,14884.2736768822
"H3 res 3","83bbabfffffffff",-37.1608473646512,12781.8423892805
"H3 res 3","83ba24fffffffff",-37.5511739885502,12486.5095317396
"H3 res 3","83bd19fffffffff",-37.3986064336889,11201.9657241811
"H3 res 3","83c69dfffffffff",-38.1007547504916,13618.1804532107
"H3 res 3","83c054fffffffff",-37.3505052932315,14752.7178534037
"H3 res 3","83c68afffffffff",-37.1354480835756,13424.5892963931
"H3 res 3","83bf19fffffffff",-37.7257502011901,14799.4788661767
"H3 res 3","83d26bfffffffff",-37.8616846103571,14123.0642841481
"H3 res 3","83c61bfffffffff",-37.0334640755324,12486.5095317398
"H3 res 3","83d24afffffffff",-36.5775689563804,14183.9978362931
"H3 res 3","83c06afffffffff",-36.5690642389737,14280.6399874517
"H3 res 3","83be71fffffffff",-36.6890783905954,14659.9311260002
"H3 res 3","83cd9afffffffff",-37.2385989435563,12298.1753469625
"H3 res 3","83c76dfffffffff",-36.46842551497,14254.174450557
"H3 res 3","83c013fffffffff",-36.9472539427567,14865.3605306344
"H3 res 3","83ccd4fffffffff",-36.5508842981981,13766.4478582009
"H3 res 3","83d4dbfffffffff",-37.200424361179,14254.174450557
"H3 res 3","83bd59fffffffff",-37.1373250223612,11369.0788837275
"H3 res 3","83be28fffffffff",-36.9158388816799,14884.2736768822
"H3 res 3","83b900fffffffff",-36.6643254576404,13258.9289694328
"H3 res 3","83b72efffffffff",-36.6947026898168,13968.3649782324
"H3 res 3","83b533fffffffff",-36.9459142727912,14333.8173853521
"H3 res 3","83c75dfffffffff",-36.7056965157593,13618.1804532104
"H3 res 3","83b2d9fffffffff",-36.7911180724367,10082.94794953
"H3 res 3","83cd93fffffffff",-37.4459808165921,11896.1997654096
"H3 res 3","83b940fffffffff",-36.6087918476958,11552.789328556
"H3 res 3","83ccd5fffffffff",-36.8461607067497,13799.7617445429
"H3 res 3","83c8acfffffffff",-36.012407959032,11201.9657241812
"H3 res 3","83c281fffffffff",-36.7047295532238,8863.16065647981
"H3 res 3","83be41fffffffff",-36.1034067141824,14360.5299603512
"H3 res 3","83cba6fffffffff",-37.0101570905076,10650.1978093221
"H3 res 3","83c6e6fffffffff",-36.0641801674188,12270.6765790142
"H3 res 3","83c425fffffffff",-36.3803439774166,12694.2081059088
"H3 res 3","83c988fffffffff",-36.427629238986,11131.5948785927
"H3 res 3","83cb53fffffffff",-36.2852900735265,13081.364941738
"H3 res 3","83c8f0fffffffff",-36.385723262188,11381.1743881531
"H3 res 3","83c008fffffffff",-36.6495280962185,14884.2736768821
"H3 res 3","83c8c6fffffffff",-36.5069914580039,11417.5898791532
"H3 res 3","83c6f0fffffffff",-36.1528294301496,12679.6997279127
"H3 res 3","83c58cfffffffff",-36.2853042441947,11149.1183891184
"H3 res 3","83c8c2fffffffff",-36.0593559639561,11290.977553328
"H3 res 3","83bd5afffffffff",-36.399765484407,11608.8690679229
"H3 res 3","83cc8cfffffffff",-36.6723467753987,13448.5366349439
"H3 res 3","83b932fffffffff",-36.4601754252089,13866.7939745306
"H3 res 3","83b7a5fffffffff",-36.2223513922801,13005.3954960556
"H3 res 3","83ba22fffffffff",-35.9179125994638,12259.5952808397
"H3 res 3","83bda0fffffffff",-36.2421314537478,10891.0049449742
"H3 res 3","83ca65fffffffff",-35.787384356945,13841.5934237771
"H3 res 3","83b7b6fffffffff",-36.1606036482096,12148.1906468133
"H3 res 3","83bda1fffffffff",-36.3282476131082,11010.2048283963
"H3 res 3","83be70fffffffff",-36.4910419106658,14752.7178534036
"H3 res 3","83c581fffffffff",-35.6331210469245,10924.8418040861
"H3 res 3","83bf12fffffffff",-36.280979827394,14504.4087475601
"H3 res 3","83bfa5fffffffff",-35.8842035553966,14387.3255987087
"H3 res 3","83b715fffffffff",-36.3408191915834,13456.5349052613
"H3 res 3","83ccd1fffffffff",-36.0410533824987,13968.3649782324
"H3 res 3","83b2c8fffffffff",-35.7870215676997,10010.0139081461
"H3 res 3","83c36afffffffff",-35.5713564736932,9504.46706697463
"H3 res 3","83ba20fffffffff",-36.4391483952606,12479.4486622822
"H3 res 3","83be05fffffffff",-35.5222099049265,14941.2544005887
"H3 res 3","83c6f5fffffffff",-36.115504968957,12479.4486622821
"H3 res 3","83bb41fffffffff",-36.4656117514833,13816.4691021091
"H3 res 3","83d121fffffffff",-35.8524744208231,13096.6475984487
"H3 res 3","83c8f3fffffffff",-35.9618128306213,11273.0810882396
"H3 res 3","83c010fffffffff",-35.779335226174,14884.2736768821
"H3 res 3","83c554fffffffff",-35.3441492586606,13096.6475984488
"H3 res 3","83c50bfffffffff",-35.2633100280161,12694.2081059088
"H3 res 3","83cb0bfffffffff",-35.4298929989469,12694.2081059087
"H3 res 3","83bb4dfffffffff",-35.0542674561975,14105.734783516
"H3 res 3","83ccd9fffffffff",-35.7227565330726,14105.734783516
"H3 res 3","83b570fffffffff",-35.3553311861525,14495.3460565038
"H3 res 3","83c670fffffffff",-35.3909600825145,13096.6475984487
"H3 res 3","83cb0afffffffff",-35.4470028474064,12479.4486622823
"H3 res 3","83b903fffffffff",-35.7042901406138,13142.6745591844
"H3 res 3","83c35bfffffffff",-35.5761966705199,8704.42299080737
"H3 res 3","83b562fffffffff",-35.5958219714136,14333.8173853523
"H3 res 3","83ccdefffffffff",-35.2217304426092,14123.064284148
"H3 res 3","83d2dafffffffff",-35.4409864931724,14019.6163675263
"H3 res 3","83ae91fffffffff",-35.2938990348201,12067.6607615743
"H3 res 3","83c591fffffffff",-35.7430950356217,10234.0367238617
"H3 res 3","83bfa1fffffffff",-35.1310495731334,14495.3460565035
"H3 res 3","83c5a9fffffffff",-35.4360890168971,11608.8690679229
"H3 res 3","83c540fffffffff",-35.9586115326218,13650.8980814346
"H3 res 3","83be0dfffffffff",-35.1594120438868,14865.3605306345
"H3 res 3","83b502fffffffff",-35.4704078000195,14549.8641749814
"H3 res 3","83b2cdfffffffff",-35.2768599714313,10000.2473424273
"H3 res 3","83bfacfffffffff",-35.514741442994,14604.724857898
"H3 res 3","83c34efffffffff",-35.414227783453,9228.88108629852
"H3 res 3","83b711fffffffff",-35.2397155891351,13282.385579131
"H3 res 3","83b1a6fffffffff",-35.367809356359,14105.7347835159
"H3 res 3","83c9b1fffffffff",-35.0601345339804,10456.0215370785
"H3 res 3","83c2ecfffffffff",-34.6684133817813,8885.61184844683
"H3 res 3","83bb89fffffffff",-34.9263885504652,12945.1477482071
"H3 res 3","83b50dfffffffff",-35.0636920871709,14604.7248578977
"H3 res 3","83c8aefffffffff",-35.0521158850655,10947.4971652546
"H3 res 3","83b7b3fffffffff",-34.4779818813153,12067.6607615744
"H3 res 3","83c986fffffffff",-34.7948855514057,10466.5413926989
"H3 res 3","83be48fffffffff",-35.3025476978414,14123.064284148
"H3 res 3","83b94bfffffffff",-34.5673591486598,10746.376610933
"H3 res 3","83ba2dfffffffff",-34.5874973506045,13050.8886371955
"H3 res 3","83b1b0fffffffff",-35.0050330811622,14123.0642841479
"H3 res 3","83c0a4fffffffff",-35.5575032591917,14696.9288037587
"H3 res 3","83be73fffffffff",-35.5892898663999,14715.4860343672
"H3 res 3","83ccd3fffffffff",-34.9476239222693,14105.7347835161
"H3 res 3","83be49fffffffff",-35.4154360651452,13951.3505291041
"H3 res 3","83b91dfffffffff",-34.7461136249556,13012.9593183187
"H3 res 3","83bc6afffffffff",-34.1373828492617,11889.6862842436
"H3 res 3","83c99dfffffffff",-34.850778008799,10675.2583243557
"H3 res 3","83cecafffffffff",-34.736683830057,11381.1743881531
"H3 res 3","83cb4bfffffffff",-34.8823755960815,13900.5138479734
"H3 res 3","83c74bfffffffff",-34.5340371890449,13900.5138479733
"H3 res 3","83b71cfffffffff",-34.5232314762514,13290.2198209555
"H3 res 3","83ba04fffffffff",-34.8134394115497,12248.9575179118
"H3 res 3","83c8d3fffffffff",-34.1317128846655,10765.0190438554
"H3 res 3","83aa99fffffffff",-34.8704053871342,14227.7905490063
"H3 res 3","83cb03fffffffff",-34.5009376469057,12229.6201052595
"H3 res 3","83c518fffffffff",-34.5220043825057,12047.6672194218
"H3 res 3","83b572fffffffff",-34.6400572493801,14604.7248578977
"H3 res 3","83cedafffffffff",-34.3600884605773,11061.957685565
"H3 res 3","83ced9fffffffff",-34.2696496753067,11218.6749396683
"H3 res 3","83c6c6fffffffff",-34.2677321595564,12423.2004262334
"H3 res 3","83c2eefffffffff",-34.1039452182055,8821.88232530267
"H3 res 3","83ccdafffffffff",-34.3889955120362,14262.9872081526
"H3 res 3","83b512fffffffff",-34.2238509633211,14504.4087475603
"H3 res 3","83c50dfffffffff",-33.6243165704418,12870.4895388715
"H3 res 3","83bd8cfffffffff",-33.8181321604679,11792.6927806788
"H3 res 3","83ae83fffffffff",-33.7700907867993,11948.5224102802
"H3 res 3","83c8d6fffffffff",-34.0392604230413,10746.3766109332
"H3 res 3","83bb5afffffffff",-33.9389695383321,13219.9877071721
"H3 res 3","83b786fffffffff",-33.8536985872184,12134.7069063867
"H3 res 3","83c660fffffffff",-33.9172722288931,13650.8980814346
"H3 res 3","83b959fffffffff",-33.7381850718129,11119.9380221116
"H3 res 3","83b2c0fffffffff",-33.9271400879037,10697.0571382798
"H3 res 3","83be4afffffffff",-34.2404308313587,14183.9978362932
"H3 res 3","83c6d0fffffffff",-34.2769651444456,12781.8423892805
"H3 res 3","83c572fffffffff",-34.2146075048549,13081.3649417381
"H3 res 3","83c6d5fffffffff",-34.2792984393071,12607.5705620407
"H3 res 3","83aeb3fffffffff",-33.9773383135402,12550.3581288191
"H3 res 3","83c34dfffffffff",-34.0978646849274,9668.16430854009
"H3 res 3","83b775fffffffff",-33.5511128573481,13766.4478582009
"H3 res 3","83b7aefffffffff",-34.047298436785,12650.7657365237
"H3 res 3","83aa8afffffffff",-33.7827501137605,14369.4525927061
"H3 res 3","83ad28fffffffff",-34.0749341050963,12781.8423892806
"H3 res 3","83c032fffffffff",-33.4420190689952,14865.3605306344
"H3 res 3","83b29bfffffffff",-33.7184840160833,11389.559242883
"H3 res 3","83b1b3fffffffff",-33.9386332479898,13968.3649782324
"H3 res 3","83bfa2fffffffff",-33.5864385921252,14333.817385352
"H3 res 3","83c15bfffffffff",-33.4389157932633,14696.9288037589
"H3 res 3","83b5acfffffffff",-33.0913462516416,14604.7248578977
"H3 res 3","83c19efffffffff",-34.0569067698121,14369.4525927061
"H3 res 3","83baa6fffffffff",-33.1960322935298,13577.4668068596
"H3 res 3","83bc4cfffffffff",-33.1830519844478,12067.6607615744
"H3 res 3","83c5acfffffffff",-33.7278722841743,11369.0788837274
"H3 res 3","83c99efffffffff",-33.3152125708006,10218.8428647517
"H3 res 3","83c8a2fffffffff",-33.877026092326,10562.0193783467
"H3 res 3","83aa82fffffffff",-33.3305194948589,14360.5299603512
"H3 res 3","83b554fffffffff",-33.4846556964151,14687.6648078544
"H3 res 3","83bdb2fffffffff",-33.4322349162055,11218.6749396684
"H3 res 3","83cc9efffffffff",-33.0088923748877,13650.8980814345
"H3 res 3","83cedbfffffffff",-33.8305236566013,11261.1763575495
"H3 res 3","83c513fffffffff",-33.2787469351722,11583.8888548994
"H3 res 3","83c994fffffffff",-33.2560787512543,10010.013908146
"H3 res 3","83c51cfffffffff",-33.4276588975354,12027.7288198794
"H3 res 3","83aad9fffffffff",-32.925835745055,14045.3596984806
"H3 res 3","83b196fffffffff",-33.505421972039,13900.5138479733
"H3 res 3","83ad71fffffffff",-32.4843840874202,13456.5349052611
"H3 res 3","83aedefffffffff",-32.6573699655993,10449.884546005
"H3 res 3","83ae8efffffffff",-33.3238503655013,11754.2639975365
"H3 res 3","83c18efffffffff",-33.2203942224994,14659.9311260001
"H3 res 3","83c2c2fffffffff",-33.0604351149991,9267.42987545018
"H3 res 3","83ae80fffffffff",-33.1229243668257,12188.7920528825
"H3 res 3","83ad06fffffffff",-32.5710064804543,11948.5224102803
"H3 res 3","83b1aefffffffff",-32.5498020372402,13618.180453211
"H3 res 3","83b770fffffffff",-33.2610404729863,13650.8980814344
"H3 res 3","83be0bfffffffff",-33.1565719604739,14837.0658036217
"H3 res 3","83bc0efffffffff",-32.966551165855,12458.3059278965
"H3 res 3","83be15fffffffff",-32.9605061398483,14922.2204923096
"H3 res 3","83b113fffffffff",-32.8253796343976,13520.8074885747
"H3 res 3","83c88efffffffff",-33.360042898619,10530.0326469664
"H3 res 3","83b2d4fffffffff",-33.4321671526435,11131.5948785927
"H3 res 3","83c50cfffffffff",-33.0312153620503,12650.7657365237
"H3 res 3","83ba64fffffffff",-33.0431143408221,13716.7276845862
"H3 res 3","83b289fffffffff",-32.9152560473562,11344.9520444523
"H3 res 3","83bc49fffffffff",-32.0645658993127,12148.1906468132
"H3 res 3","83a921fffffffff",-32.6336018149498,9808.20143255643
"H3 res 3","83b781fffffffff",-32.5711763778475,12229.6201052594
"H3 res 3","83c6edfffffffff",-32.0552100012557,12437.2228208271
"H3 res 3","83bd9dfffffffff",-31.970684945282,12067.6607615745
"H3 res 3","83b1acfffffffff",-32.6949553556567,13577.4668068596
"H3 res 3","83b5b6fffffffff",-32.5888655351922,13951.350529104
"H3 res 3","83bc09fffffffff",-32.8610720426598,12486.5095317396
"H3 res 3","83b542fffffffff",-32.5918257556939,14613.9018215315
"H3 res 3","83cb2afffffffff",-32.5856081738709,12607.5705620407
"H3 res 3","83b195fffffffff",-32.8786242675486,13799.7617445429
"H3 res 3","83b70bfffffffff",-32.3222086576715,13219.9877071723
"H3 res 3","83a931fffffffff",-32.4402776655617,10098.6331691848
"H3 res 3","83ad0cfffffffff",-32.1579013132182,12650.7657365238
"H3 res 3","83c18cfffffffff",-32.527811217833,14715.4860343672
"H3 res 3","83c6dcfffffffff",-32.410660100773,12311.9632671295
"H3 res 3","83c5a2fffffffff",-32.8950633143773,10675.258324356
"H3 res 3","83b2f1fffffffff",-32.459261686136,11154.9697778054
"H3 res 3","83b550fffffffff",-32.325011428717,14752.7178534037
"H3 res 3","83ba60fffffffff",-31.90704975676,13650.8980814346
"H3 res 3","83bc0afffffffff",-32.0343291204357,12679.6997279126
"H3 res 3","83beedfffffffff",-31.7691127843586,14504.4087475605
"H3 res 3","83b28dfffffffff",-31.9142984541698,11583.8888548995
"H3 res 3","83b128fffffffff",-32.3348601360376,12781.8423892805
"H3 res 3","83b829fffffffff",-31.9376199356172,11565.2124228225
"H3 res 3","83cb30fffffffff",-32.5623467703196,11640.2208135262
"H3 res 3","83ad73fffffffff",-31.6186512376609,13282.3855791309
"H3 res 3","83bf80fffffffff",-32.0687825418498,14495.3460565036
"H3 res 3","83b180fffffffff",-32.2159887970798,13650.8980814344
"H3 res 3","83b12dfffffffff",-32.3735015666166,12636.3399763593
"H3 res 3","83beecfffffffff",-31.5800298092681,14604.7248578977
"H3 res 3","83ba1cfffffffff",-32.0838625302055,12458.305927896
"H3 res 3","83c6c1fffffffff",-32.3964630887734,11948.5224102803
"H3 res 3","83baa2fffffffff",-32.0537761870867,13618.1804532107
"H3 res 3","83c566fffffffff",-32.5235814471995,13577.4668068598
"H3 res 3","83c8b3fffffffff",-32.0476349697428,10059.0860615733
"H3 res 3","83b863fffffffff",-31.8119207727996,10530.0326469667
"H3 res 3","83b2f5fffffffff",-31.4581682484394,11381.1743881531
"H3 res 3","83ba1dfffffffff",-31.5040849937804,12259.59528084
"H3 res 3","83ad6afffffffff",-31.7970935087366,13976.885174583
"H3 res 3","83b585fffffffff",-31.4640231934438,14549.8641749813
"H3 res 3","83ae8dfffffffff",-31.7967517787054,11583.8888548996
"H3 res 3","83af93fffffffff",-31.5282420398226,13577.4668068597
"H3 res 3","83b834fffffffff",-31.7962252140211,13005.3954960556
"H3 res 3","83be5afffffffff",-31.9430804309156,14387.3255987086
"H3 res 3","83bfb6fffffffff",-31.6239643696288,13951.350529104
"H3 res 3","83bca5fffffffff",-31.1665552487876,12543.2369987642
"H3 res 3","83bf83fffffffff",-31.2935288931906,14549.8641749815
"H3 res 3","83aa84fffffffff",-31.3528126417394,14549.8641749815
"H3 res 3","83b5a8fffffffff",-31.9532798357864,14687.6648078544
"H3 res 3","83cb29fffffffff",-31.5734977198975,13005.3954960555
"H3 res 3","83b1adfffffffff",-31.8096326690216,13376.9072615309
"H3 res 3","83b24efffffffff",-31.6355282285255,9995.37001319211
"H3 res 3","83b626fffffffff",-31.6466031833885,12870.4895388713
"H3 res 3","83c564fffffffff",-31.9302603243544,13716.7276845861
"H3 res 3","83bf8bfffffffff",-31.1898378958451,14771.3926728847
"H3 res 3","83aaf2fffffffff",-31.33326979426,14604.7248578977
"H3 res 3","83af90fffffffff",-30.774742328089,13766.4478582007
"H3 res 3","83b19efffffffff",-30.7812288876637,13424.5892963931
"H3 res 3","83b746fffffffff",-31.4066040627803,13361.0759361566
"H3 res 3","83c6ccfffffffff",-31.4550137722362,11810.8933093811
"H3 res 3","83be1efffffffff",-31.2689080226693,14884.2736768821
"H3 res 3","83c65dfffffffff",-30.6671791759745,13012.9593183187
"H3 res 3","83af9bfffffffff",-31.4885172775278,13050.8886371954
"H3 res 3","83b422fffffffff",-30.4959627240222,14912.7186857805
"H3 res 3","83b632fffffffff",-30.5739971399873,12270.6765790142
"H3 res 3","83c504fffffffff",-30.7437920185291,12134.7069063868
"H3 res 3","83c026fffffffff",-31.2285037924207,14865.3605306345
"H3 res 3","83c148fffffffff",-30.9740653007033,14369.4525927063
"H3 res 3","83c6ebfffffffff",-31.3237404812697,12047.6672194215
"H3 res 3","83a9a4fffffffff",-31.3068159689241,10626.4807702415
"H3 res 3","83ad41fffffffff",-30.9487271227994,13816.4691021091
"H3 res 3","83c505fffffffff",-31.3310817494441,12374.3289180599
"H3 res 3","83bd93fffffffff",-30.8826382282818,11896.1997654097
"H3 res 3","83aea0fffffffff",-30.6789183363949,12679.6997279125
"H3 res 3","83c65bfffffffff",-29.9824098062215,12636.3399763594
"H3 res 3","83b558fffffffff",-30.2647431398641,14687.6648078543
"H3 res 3","83c533fffffffff",-30.6489041930363,11703.3492799633
"H3 res 3","83ba71fffffffff",-31.0205751968923,13235.5413119973
"H3 res 3","83a2dbfffffffff",-30.5149555233895,13376.9072615309
"H3 res 3","83b620fffffffff",-30.9254863265772,12833.4290869397
"H3 res 3","83af9cfffffffff",-30.0365174688902,13456.5349052614
"H3 res 3","83c6dbfffffffff",-30.551888838591,12148.1906468132
"H3 res 3","83b594fffffffff",-30.3785356118644,14123.064284148
"H3 res 3","83a92bfffffffff",-30.2286148547628,10362.1303331227
"H3 res 3","83bea4fffffffff",-30.0499638333852,14696.928803759
"H3 res 3","83aaabfffffffff",-30.7143445542132,14687.6648078543
"H3 res 3","83b79afffffffff",-30.3463566805068,12298.1753469626
"H3 res 3","83bee2fffffffff",-30.045970934376,14715.4860343672
"H3 res 3","83a4c9fffffffff",-30.7025348064699,13951.3505291039
"H3 res 3","83aaf3fffffffff",-31.0695003932476,14586.3997151129
"H3 res 3","83c1aefffffffff",-30.1998077931812,14586.3997151129
"H3 res 3","83b11bfffffffff",-30.0530991247505,12945.1477482072
"H3 res 3","83c669fffffffff",-29.7895985498404,13841.5934237772
"H3 res 3","83b254fffffffff",-29.8637560061422,11010.204828396
"H3 res 3","83bea5fffffffff",-30.3734812519144,14771.3926728848
"H3 res 3","83c6cbfffffffff",-29.6838280220478,11582.8368395138
"H3 res 3","83b741fffffffff",-29.8404347738258,13142.6745591846
"H3 res 3","83ada6fffffffff",-29.546181634809,12870.4895388715
"H3 res 3","83b21afffffffff",-29.9203483847438,11831.3313981274
"H3 res 3","83b800fffffffff",-30.0157404417168,12188.7920528827
"H3 res 3","83a912fffffffff",-30.2825765428854,10857.3423806195
"H3 res 3","83c2cbfffffffff",-30.3991700318724,9571.34984147261
"H3 res 3","83b119fffffffff",-30.1629502592382,12870.4895388715
"H3 res 3","83b789fffffffff",-30.2079743965023,12167.3134167342
"H3 res 3","83b2e4fffffffff",-30.4378877082041,11344.9520444522
"H3 res 3","83cb60fffffffff",-30.3544373484539,13766.4478582008
"H3 res 3","83c150fffffffff",-30.4621570739961,14752.7178534037
"H3 res 3","83c6cdfffffffff",-30.449476546908,11896.1997654095
"H3 res 3","83cb61fffffffff",-30.2539128720312,13942.8562517609
"H3 res 3","83bc5bfffffffff",-29.6741347408086,12945.1477482072
"H3 res 3","83b034fffffffff",-29.9302749034244,13005.3954960555
"H3 res 3","83aec0fffffffff",-29.9789875466203,10697.0571382798
"H3 res 3","83c1a2fffffffff",-29.2532943086807,14333.8173853521
"H3 res 3","83bce3fffffffff",-29.1583861328142,13290.2198209555
"H3 res 3","83a2d8fffffffff",-29.5672317460208,13313.7688104586
"H3 res 3","83ac24fffffffff",-29.2244766178835,12486.5095317396
"H3 res 3","83b751fffffffff",-30.064630270028,13012.9593183188
"H3 res 3","83a4ccfffffffff",-29.0363491081751,13675.5223643175
"H3 res 3","83ad4efffffffff",-29.8551688324158,13799.7617445429
"H3 res 3","83bcedfffffffff",-29.8939300814179,13050.8886371953
"H3 res 3","83cb65fffffffff",-29.3148257476258,13900.5138479735
"H3 res 3","83bf99fffffffff",-29.7149708084533,14604.7248578977
"H3 res 3","83b55bfffffffff",-29.0989142191004,14696.9288037588
"H3 res 3","83b244fffffffff",-29.2309443518549,10615.6917407884
"H3 res 3","83ad49fffffffff",-29.3207317312254,14071.1819021306
"H3 res 3","83c1adfffffffff",-29.9474813009212,14696.9288037588
"H3 res 3","83bea0fffffffff",-29.2375829508265,14687.6648078541
"H3 res 3","83bcb5fffffffff",-29.2415683485695,12679.6997279126
"H3 res 3","83bef4fffffffff",-29.5549480935218,14771.3926728849
"H3 res 3","83b245fffffffff",-29.6730141376229,10356.9553786364
"H3 res 3","83bf96fffffffff",-29.0217988839427,14019.6163675264
"H3 res 3","83b030fffffffff",-28.9380836246545,12833.4290869397
"H3 res 3","83bf98fffffffff",-29.3691830127617,14495.3460565036
"H3 res 3","83adadfffffffff",-28.9221502385978,12437.2228208271
"H3 res 3","83b589fffffffff",-28.5154741268032,14827.6541667339
"H3 res 3","83bcb4fffffffff",-29.1903875914643,12543.2369987639
"H3 res 3","83b218fffffffff",-29.4164835985672,11818.4284451546
"H3 res 3","83b273fffffffff",-29.3221922674272,10947.4971652548
"H3 res 3","83ba96fffffffff",-29.5127497884104,14262.9872081527
"H3 res 3","83b032fffffffff",-28.796897571126,12870.4895388715
"H3 res 3","83b6b4fffffffff",-29.3093872096566,12543.2369987641
"H3 res 3","83ab9efffffffff",-28.9436599746981,14369.4525927062
"H3 res 3","83b42afffffffff",-28.5215398126913,14922.2204923099
"H3 res 3","83aaeafffffffff",-29.0741404425306,14468.2145242168
"H3 res 3","83a4c1fffffffff",-28.5128110952135,13472.5552480177
"H3 res 3","83b165fffffffff",-28.788207110186,11481.0730781577
"H3 res 3","83b2a3fffffffff",-28.740872971428,12458.3059278965
"H3 res 3","83b802fffffffff",-29.0460968568205,12229.6201052593
"H3 res 3","83a28bfffffffff",-28.7804253049054,12298.1753469625
"H3 res 3","83bef6fffffffff",-28.436154863949,14696.928803759
"H3 res 3","83baf5fffffffff",-28.7469022579007,12479.4486622821
"H3 res 3","83ad52fffffffff",-28.8451679217753,12892.8115084299
"H3 res 3","83a2d6fffffffff",-28.7568835310371,12543.2369987641
"H3 res 3","83af80fffffffff",-28.1673607570793,13650.8980814345
"H3 res 3","83afb0fffffffff",-28.099492884889,14123.0642841478
"H3 res 3","83b592fffffffff",-28.4263498207749,14071.1819021303
"H3 res 3","83b156fffffffff",-28.5071896409965,12298.1753469624
"H3 res 3","83bcc4fffffffff",-28.2405426117923,13472.5552480176
"H3 res 3","83bf9bfffffffff",-28.5790455027755,14504.4087475605
"H3 res 3","83ba42fffffffff",-28.7844311386893,13035.6948282129
"H3 res 3","83b591fffffffff",-28.9829073851499,14333.8173853519
"H3 res 3","83ac21fffffffff",-27.9987734261103,12679.6997279126
"H3 res 3","83a2cafffffffff",-28.4678987655558,13650.8980814346
"H3 res 3","83a762fffffffff",-28.7446254955855,9177.1970234262
"H3 res 3","83a702fffffffff",-28.6939511891191,8863.16065647999
"H3 res 3","83b461fffffffff",-27.68268184733,14369.4525927063
"H3 res 3","83aae9fffffffff",-27.6296621860927,14387.3255987086
"H3 res 3","83bae3fffffffff",-27.6255698311893,12046.5394904384
"H3 res 3","83c10efffffffff",-28.1676245265421,14659.9311260002
"H3 res 3","83b212fffffffff",-27.7760036853299,12486.5095317396
"H3 res 3","83beaafffffffff",-27.8870135225814,14659.9311260001
"H3 res 3","83a90bfffffffff",-27.928614904165,11061.9576855651
"H3 res 3","83b415fffffffff",-27.7870392073167,14922.2204923097
"H3 res 3","83a2cefffffffff",-27.5233854620323,13569.3484157759
"H3 res 3","83bc8cfffffffff",-27.4285747383803,13448.536634944
"H3 res 3","83ab91fffffffff",-28.0144078708554,14333.817385352
"H3 res 3","83a4ebfffffffff",-28.4135890960074,13766.4478582007
"H3 res 3","83b2b0fffffffff",-28.010839481039,12781.8423892805
"H3 res 3","83b2a2fffffffff",-28.1547571386421,12650.7657365237
"H3 res 3","83c649fffffffff",-28.3204075896122,13376.9072615309
"H3 res 3","83b2b5fffffffff",-27.5551451733155,12833.4290869397
"H3 res 3","83ac2dfffffffff",-27.5755165800392,13050.8886371954
"H3 res 3","83b400fffffffff",-28.1732187572578,14950.7865323978
"H3 res 3","83ba88fffffffff",-27.5618361572721,13258.9289694328
"H3 res 3","83adaafffffffff",-27.2358996548636,12915.1980700102
"H3 res 3","83ae11fffffffff",-27.6550813158221,12256.9655973025
"H3 res 3","83b401fffffffff",-27.7700728811664,14941.2544005887
"H3 res 3","83b994fffffffff",-28.137047198895,13942.8562517608
"H3 res 3","83c1a5fffffffff",-27.8886307782832,14387.3255987088
"H3 res 3","83a131fffffffff",-27.5576719003913,11889.6862842438
"H3 res 3","83c144fffffffff",-28.0896015217229,14423.1829521786
"H3 res 3","83b62bfffffffff",-27.4069247022192,12239.0699348064
"H3 res 3","83ab9dfffffffff",-27.7100119372013,14586.3997151128
"H3 res 3","83a982fffffffff",-27.4603360498026,11678.0295825857
"H3 res 3","83ac2cfffffffff",-27.7934181662368,12870.4895388715
"H3 res 3","83b46cfffffffff",-27.1954606961244,14227.7905490059
"H3 res 3","839f6cfffffffff",-27.5179045930692,14105.734783516
"H3 res 3","83a459fffffffff",-26.9567841115981,14105.734783516
"H3 res 3","83b6acfffffffff",-27.0858358499579,12870.4895388714
"H3 res 3","83b161fffffffff",-27.8940516910683,11381.1743881532
"H3 res 3","83b470fffffffff",-27.2200944979246,14752.7178534036
"H3 res 3","83c16efffffffff",-27.6132340602682,14210.2464603362
"H3 res 3","83a740fffffffff",-26.7840439430184,9064.88299179439
"H3 res 3","83b813fffffffff",-27.0942917276501,12270.6765790144
"H3 res 3","83a104fffffffff",-27.3931700619626,12134.7069063867
"H3 res 3","83ab95fffffffff",-27.0825489357752,14280.6399874516
"H3 res 3","83a2c1fffffffff",-26.5793634749534,13472.5552480174
"H3 res 3","83b201fffffffff",-27.338520397191,11948.5224102803
"H3 res 3","83afb5fffffffff",-26.970824392854,14123.0642841479
"H3 res 3","83b22afffffffff",-26.8089506025664,11889.6862842437
"H3 res 3","83a281fffffffff",-26.9396631689988,11997.156543664
"H3 res 3","83b151fffffffff",-26.788895984672,11792.6927806787
"H3 res 3","83b40efffffffff",-26.6060023015502,14922.2204923097
"H3 res 3","83a133fffffffff",-26.7028856788536,11703.3492799632
"H3 res 3","83a755fffffffff",-26.8701842556531,8646.03074712629
"H3 res 3","83b61efffffffff",-26.7716893392012,12781.8423892806
"H3 res 3","83ad86fffffffff",-26.6563922085325,13361.0759361564
"H3 res 3","83beb1fffffffff",-26.978718389299,14468.2145242168
"H3 res 3","83ba9afffffffff",-26.2033568078229,13900.5138479732
"H3 res 3","83abb3fffffffff",-26.1491225841478,14210.2464603361
"H3 res 3","83ae52fffffffff",-26.2017096132485,10857.3423806195
"H3 res 3","83b471fffffffff",-26.7676455677088,14659.9311260002
"H3 res 3","83aae4fffffffff",-26.8486663616413,14827.6541667337
"H3 res 3","83aa5afffffffff",-26.4988036503077,14387.3255987088
"H3 res 3","83ba99fffffffff",-26.3329379391512,13577.4668068598
"H3 res 3","83a4f3fffffffff",-26.9246484103298,12803.9085831811
"H3 res 3","83aa52fffffffff",-26.2855530985547,14696.9288037588
"H3 res 3","83a7acfffffffff",-26.3512694979911,8942.00717414266
"H3 res 3","83a2b0fffffffff",-26.2843706046583,12781.8423892806
"H3 res 3","83b096fffffffff",-26.247675995583,12395.2345492669
"H3 res 3","83a769fffffffff",-26.5438685578629,9951.65184852024
"H3 res 3","83a825fffffffff",-26.942903706786,11308.9214169729
"H3 res 3","83aa1dfffffffff",-26.244713957603,14912.7186857804
"H3 res 3","83b408fffffffff",-26.1911119148152,14884.2736768823
"H3 res 3","83a45efffffffff",-26.0006697944201,13766.4478582008
"H3 res 3","839f6afffffffff",-25.6338598201612,13976.8851745827
"H3 res 3","83b81bfffffffff",-26.3073766338664,11602.6156039055
"H3 res 3","83b695fffffffff",-26.1188904943928,13235.5413119973
"H3 res 3","83a993fffffffff",-26.460178525098,11896.1997654097
"H3 res 3","83a4e2fffffffff",-25.7505557147847,13012.9593183187
"H3 res 3","83aa5efffffffff",-25.682638610077,14495.3460565038
"H3 res 3","83bc8efffffffff",-26.4687353872111,13569.3484157759
"H3 res 3","83b389fffffffff",-25.6325006088951,12892.8115084301
"H3 res 3","83a741fffffffff",-26.2303068449029,9267.42987545044
"H3 res 3","839f6bfffffffff",-25.9825239004492,14123.0642841482
"H3 res 3","83b205fffffffff",-26.282304406602,12134.7069063869
"H3 res 3","83bad6fffffffff",-25.9015704697419,13005.3954960554
"H3 res 3","83b011fffffffff",-26.0067612885833,12256.9655973026
"H3 res 3","83c128fffffffff",-25.5261594224442,14369.4525927062
"H3 res 3","83b8e0fffffffff",-26.3881091627589,11131.5948785926
"H3 res 3","83b46efffffffff",-26.5228257800365,14333.8173853522
"H3 res 3","83a626fffffffff",-26.0045032066136,8154.34608300726
"H3 res 3","83c12afffffffff",-26.2756829050499,14468.2145242168
"H3 res 3","839f2dfffffffff",-25.2025548901099,12945.1477482075
"H3 res 3","83be95fffffffff",-25.0553075332758,14280.6399874516
"H3 res 3","83b609fffffffff",-25.3349943683647,12486.5095317396
"H3 res 3","83a823fffffffff",-25.5204243910152,11754.2639975363
"H3 res 3","83ae06fffffffff",-25.8674529855948,12423.2004262333
"H3 res 3","83a4f5fffffffff",-25.2372800491105,12781.8423892805
"H3 res 3","83abb6fffffffff",-25.3375286385536,13951.350529104
"H3 res 3","83a4f0fffffffff",-25.8201223661089,12679.6997279126
"H3 res 3","83a2c4fffffffff",-25.7144948312681,13142.6745591844
"H3 res 3","83b35efffffffff",-25.1869721408609,11640.2208135263
"H3 res 3","839d6cfffffffff",-25.2900804156796,13520.8074885746
"H3 res 3","83a804fffffffff",-25.0857110770566,11948.5224102803
"H3 res 3","83a2eafffffffff",-25.5481971467129,13569.3484157759
"H3 res 3","83b39afffffffff",-25.861850227189,13219.9877071723
"H3 res 3","83c164fffffffff",-25.0612108966069,14071.1819021305
"H3 res 3","83a7aefffffffff",-25.5238342130479,8990.8224819694
"H3 res 3","83b092fffffffff",-25.2554691697173,12148.1906468135
"H3 res 3","83a82cfffffffff",-25.3477755323996,11583.8888548995
"H3 res 3","83bed3fffffffff",-25.0052781005243,14227.7905490063
"H3 res 3","83aa00fffffffff",-24.4865269885689,14950.7865323978
"H3 res 3","83ac02fffffffff",-24.4713586493133,12423.2004262335
"H3 res 3","83a948fffffffff",-24.6799685297635,10891.0049449743
"H3 res 3","83ac70fffffffff",-25.2119771469471,13096.6475984488
"H3 res 3","83be82fffffffff",-25.3583640848918,14360.5299603512
"H3 res 3","83a453fffffffff",-25.5155493777185,13577.4668068596
"H3 res 3","83b61bfffffffff",-25.0057513762176,13050.8886371952
"H3 res 3","83c12efffffffff",-25.141436204591,14333.8173853521
"H3 res 3","83a141fffffffff",-24.5424752733697,13816.469102109
"H3 res 3","83b15dfffffffff",-25.1094395691185,11273.0810882396
"H3 res 3","839f45fffffffff",-25.2780031028402,13816.4691021089
"H3 res 3","83b6e4fffffffff",-24.654396709209,12892.8115084299
"H3 res 3","83b35dfffffffff",-25.1338092069027,11273.0810882395
"H3 res 3","83b082fffffffff",-24.9343791088351,12134.7069063868
"H3 res 3","83afadfffffffff",-24.4432637345558,13376.9072615309
"H3 res 3","83a481fffffffff",-24.8183156477602,11997.1565436639
"H3 res 3","83ac68fffffffff",-24.9086245522494,13766.4478582008
"H3 res 3","83a828fffffffff",-24.3290065314179,11818.4284451547
"H3 res 3","83b4e4fffffffff",-24.2822871307242,14827.6541667336
"H3 res 3","83bcdefffffffff",-24.3634869483756,14123.0642841479
"H3 res 3","83ae58fffffffff",-24.9186845002616,10113.5301845738
"H3 res 3","83a7b0fffffffff",-24.7002374483306,9742.43297475754
"H3 res 3","839f41fffffffff",-24.5218150565222,13816.4691021089
"H3 res 3","83a8a4fffffffff",-24.3480190958081,12437.2228208271
"H3 res 3","83ae54fffffffff",-24.5086479076975,11010.2048283962
"H3 res 3","83b4a2fffffffff",-24.9629859488023,14586.3997151131
"H3 res 3","83b222fffffffff",-24.6659870373179,12550.358128819
"H3 res 3","83a816fffffffff",-24.2783494260188,12395.2345492671
"H3 res 3","83b456fffffffff",-24.6039752636392,14771.3926728847
"H3 res 3","83a631fffffffff",-24.5637870742544,7890.78565169894
"H3 res 3","83b8abfffffffff",-24.3275811806285,11818.4284451548
"H3 res 3","83aa5dfffffffff",-24.2373517318814,14333.817385352
"H3 res 3","83b8c5fffffffff",-24.6159082145485,10691.6004844965
"H3 res 3","83aa55fffffffff",-24.0228664510271,14659.9311260001
"H3 res 3","839d68fffffffff",-24.4050789258465,13313.7688104585
"H3 res 3","83b4a3fffffffff",-24.6242494257288,14659.9311259999
"H3 res 3","83ad99fffffffff",-23.4242195694356,13520.8074885747
"H3 res 3","83972cfffffffff",-23.4528641950685,14227.7905490064
"H3 res 3","83ae72fffffffff",-23.8574975041605,11201.9657241809
"H3 res 3","83aa0dfffffffff",-23.7318766353293,14865.3605306345
"H3 res 3","83a959fffffffff",-23.9184234206298,11369.0788837272
"H3 res 3","83a2e8fffffffff",-24.5106352910822,13650.8980814345
"H3 res 3","83ae05fffffffff",-24.3797231636681,12134.7069063869
"H3 res 3","83a8b4fffffffff",-23.8737015291529,12543.2369987641
"H3 res 3","8398d3fffffffff",-23.653546180218,14105.734783516
"H3 res 3","83b640fffffffff",-23.4573962923595,12188.7920528827
"H3 res 3","83a815fffffffff",-24.1800144526592,12311.9632671295
"H3 res 3","83a74bfffffffff",-23.6491004723408,9371.54939683994
"H3 res 3","83a21bfffffffff",-23.9047274860779,12636.3399763593
"H3 res 3","83b484fffffffff",-23.8257276887325,14549.8641749818
"H3 res 3","83abb5fffffffff",-24.1507007945049,14183.9978362933
"H3 res 3","83b442fffffffff",-24.4434885429528,14549.8641749816
"H3 res 3","83aa36fffffffff",-24.2391925389454,14827.6541667338
"H3 res 3","83aa42fffffffff",-23.7259596108687,14549.8641749816
"H3 res 3","83be9bfffffffff",-22.9078076511162,14071.1819021305
"H3 res 3","83bcdafffffffff",-23.3456999177623,14262.9872081525
"H3 res 3","83a485fffffffff",-23.7810020148376,12229.6201052596
"H3 res 3","83badefffffffff",-23.734608260766,12479.4486622822
"H3 res 3","83b340fffffffff",-23.0278288493826,11552.7893285563
"H3 res 3","83a469fffffffff",-23.0950460191432,13900.5138479733
"H3 res 3","839d75fffffffff",-23.7064811036434,13766.447858201
"H3 res 3","839d74fffffffff",-23.505255853602,13841.5934237769
"H3 res 3","83aba6fffffffff",-23.0820144730556,14227.7905490065
"H3 res 3","83b00afffffffff",-23.5917876076215,11552.7893285561
"H3 res 3","83b41bfffffffff",-23.9283089412468,14827.6541667338
"H3 res 3","83a11efffffffff",-23.6545720123705,11818.4284451548
"H3 res 3","83b355fffffffff",-23.0601160791261,11935.4058428067
"H3 res 3","83a2e6fffffffff",-23.8370528925347,12870.4895388716
"H3 res 3","83a632fffffffff",-23.8048599567949,8154.34608300741
"H3 res 3","83b69efffffffff",-23.9308954722338,13650.8980814345
"H3 res 3","83a484fffffffff",-23.2893066960585,12423.2004262334
"H3 res 3","83b448fffffffff",-23.0608240452781,14123.0642841481
"H3 res 3","839d26fffffffff",-23.1750334699112,14105.734783516
"H3 res 3","83a4acfffffffff",-22.649226114468,12270.6765790143
"H3 res 3","839760fffffffff",-23.1091367303954,14183.9978362933
"H3 res 3","83a1a0fffffffff",-23.3504732620054,10891.0049449742
"H3 res 3","83a024fffffffff",-23.039680390055,12486.5095317396
"H3 res 3","83a865fffffffff",-22.6664499348584,11308.921416973
"H3 res 3","83b4e0fffffffff",-23.1246399169984,14752.7178534035
"H3 res 3","83bacafffffffff",-23.2558847523358,11818.4284451547
"H3 res 3","83aa05fffffffff",-23.3653452837517,14941.2544005887
"H3 res 3","8398c3fffffffff",-22.5103442070856,13816.4691021091
"H3 res 3","83ac1cfffffffff",-23.4407390681795,12458.3059278962
"H3 res 3","83ac42fffffffff",-22.8223625278222,13035.6948282128
"H3 res 3","83a80cfffffffff",-22.8595199335803,12256.9655973028
"H3 res 3","83b31bfffffffff",-23.0090501154228,12945.1477482072
"H3 res 3","83a454fffffffff",-23.2835838412741,13258.9289694327
"H3 res 3","83b881fffffffff",-23.2685790977126,11994.6201159796
"H3 res 3","83a21efffffffff",-23.0329811128422,12239.0699348066
"H3 res 3","839d6afffffffff",-23.3709999110544,13235.541311997
"H3 res 3","83b4f4fffffffff",-23.1635272950139,14771.3926728851
"H3 res 3","83a025fffffffff",-22.8137261543144,12694.2081059088
"H3 res 3","83bacbfffffffff",-22.7296945719446,11582.8368395132
"H3 res 3","83b345fffffffff",-22.4744591248772,11417.5898791532
"H3 res 3","83b4e1fffffffff",-22.7105161058233,14687.6648078544
"H3 res 3","839d70fffffffff",-22.6480716553307,13650.8980814345
"H3 res 3","83b882fffffffff",-22.1821194491927,12134.7069063866
"H3 res 3","83ac4efffffffff",-22.254587930819,13235.5413119973
"H3 res 3","83a616fffffffff",-22.2586291995074,8291.67957000019
"H3 res 3","83a8acfffffffff",-22.163516472977,12870.4895388715
"H3 res 3","83b458fffffffff",-22.1341996990565,14369.4525927061
"H3 res 3","83a4b1fffffffff",-22.7857874974059,12607.5705620408
"H3 res 3","83a213fffffffff",-23.106834219602,12270.6765790144
"H3 res 3","83aa22fffffffff",-22.7088326919171,14912.7186857806
"H3 res 3","83a211fffffffff",-22.1192653476066,12259.59528084
"H3 res 3","83a216fffffffff",-22.2714453692424,12694.2081059088
"H3 res 3","83b065fffffffff",-22.6029867620703,10594.1683679143
"H3 res 3","83b386fffffffff",-22.0758669161803,13816.469102109
"H3 res 3","83ae4efffffffff",-22.8644411127476,9995.37001319199
"H3 res 3","83ab1afffffffff",-22.2284968158864,14771.3926728849
"H3 res 3","839722fffffffff",-22.538947396336,14210.2464603362
"H3 res 3","83a8adfffffffff",-21.5834985187586,12945.1477482073
"H3 res 3","83a394fffffffff",-21.5601765723818,13942.856251761
"H3 res 3","839f35fffffffff",-22.5192437737983,11818.4284451546
"H3 res 3","83a250fffffffff",-21.6089735913215,13424.5892963931
"H3 res 3","839f31fffffffff",-21.8622016407117,11889.6862842436
"H3 res 3","839f01fffffffff",-21.9580760223898,12423.2004262337
"H3 res 3","83a791fffffffff",-22.1797857082824,9177.19702342637
"H3 res 3","839731fffffffff",-21.5525621434262,14280.6399874516
"H3 res 3","83a8a3fffffffff",-22.2308958895257,12915.1980700102
"H3 res 3","83b056fffffffff",-22.0215020669977,11061.9576855652
"H3 res 3","83a6eefffffffff",-21.8334178921686,8821.88232530261
"H3 res 3","83ac50fffffffff",-22.301261603218,12679.6997279127
"H3 res 3","83aa70fffffffff",-22.3324693751079,14752.7178534036
"H3 res 3","83a20afffffffff",-21.8992110996233,12781.8423892805
"H3 res 3","83ae48fffffffff",-22.4572832785839,9742.43297475792
"H3 res 3","839d35fffffffff",-22.0895267015129,13942.856251761
"H3 res 3","83a79cfffffffff",-22.2080168420918,8996.48281068919
"H3 res 3","8398ccfffffffff",-22.0897390578006,13618.1804532108
"H3 res 3","83aca3fffffffff",-21.184381848012,13456.5349052611
"H3 res 3","83976efffffffff",-21.9700786569466,14210.2464603362
"H3 res 3","839d0dfffffffff",-21.3848056037864,13577.4668068598
"H3 res 3","83b308fffffffff",-21.4245387180655,12679.6997279125
"H3 res 3","83949bfffffffff",-21.2253814934285,9914.9059175147
"H3 res 3","8398d5fffffffff",-21.8029008841811,13799.7617445429
"H3 res 3","8398c0fffffffff",-21.4149092762186,13650.8980814345
"H3 res 3","83972afffffffff",-21.4614351378576,14468.2145242169
"H3 res 3","83a034fffffffff",-21.6096939142627,11831.3313981276
"H3 res 3","83b4c4fffffffff",-21.2271262068162,14613.9018215316
"H3 res 3","83a6eafffffffff",-21.2515609319534,8996.48281068921
"H3 res 3","8398d4fffffffff",-21.4371091417627,13766.4478582008
"H3 res 3","839d0cfffffffff",-21.1657310553903,13618.1804532109
"H3 res 3","839f58fffffffff",-21.5732302364957,13424.5892963931
"H3 res 3","83a395fffffffff",-21.5447378296611,13799.7617445429
"H3 res 3","839b2bfffffffff",-21.4341374563419,12679.6997279126
"H3 res 3","83b3b1fffffffff",-20.9497403962878,13976.8851745829
"H3 res 3","83ab1efffffffff",-21.3224671398845,14687.6648078541
"H3 res 3","83aa4dfffffffff",-21.6663227011439,14045.3596984805
"H3 res 3","83aa24fffffffff",-20.7044092691852,14827.6541667337
"H3 res 3","83af0afffffffff",-21.5091929788981,12781.8423892804
"H3 res 3","839b16fffffffff",-21.4504526463971,13841.5934237772
"H3 res 3","839d01fffffffff",-20.9377870571188,13642.7064027972
"H3 res 3","83a25dfffffffff",-21.233977363547,13968.3649782323
"H3 res 3","83a416fffffffff",-20.5203559838154,12694.2081059088
"H3 res 3","8398c5fffffffff",-20.6704716831889,13472.5552480175
"H3 res 3","83ac4afffffffff",-21.1874220285337,13096.6475984488
"H3 res 3","83acb0fffffffff",-20.5635035965201,13942.8562517611
"H3 res 3","839b01fffffffff",-21.3102653182619,13035.6948282128
"H3 res 3","839f30fffffffff",-21.4707071905932,11640.2208135264
"H3 res 3","83a388fffffffff",-21.3986582249474,13096.6475984489
"H3 res 3","83b3a3fffffffff",-21.0984531731777,13799.761744543
"H3 res 3","839d54fffffffff",-20.7522050557472,13313.7688104588
"H3 res 3","83a02dfffffffff",-21.2571065992157,13050.8886371955
"H3 res 3","83b371fffffffff",-21.4377442242221,11935.4058428067
"H3 res 3","83972bfffffffff",-21.4122422849248,14495.3460565037
"H3 res 3","83b890fffffffff",-21.0712764900382,12236.4469400909
"H3 res 3","83b89dfffffffff",-21.4340797931735,11703.3492799634
"H3 res 3","83a3b2fffffffff",-20.5708067514771,14105.7347835161
"H3 res 3","83970dfffffffff",-20.3802020306163,14604.7248578977
"H3 res 3","839d0efffffffff",-20.1118927870959,13456.5349052614
"H3 res 3","839d33fffffffff",-20.2036682278858,13618.1804532109
"H3 res 3","83a031fffffffff",-20.3642712999049,12027.7288198794
"H3 res 3","83a004fffffffff",-20.1332773628374,12229.6201052596
"H3 res 3","83b896fffffffff",-20.9327481673032,12395.2345492672
"H3 res 3","83b375fffffffff",-20.3559693773265,12047.6672194215
"H3 res 3","83a410fffffffff",-21.0112615249056,12479.4486622822
"H3 res 3","83b6c0fffffffff",-21.014237738785,13650.8980814344
"H3 res 3","83a845fffffffff",-20.1895715654711,11948.5224102804
"H3 res 3","839f52fffffffff",-20.5607494347329,12892.8115084299
"H3 res 3","83af00fffffffff",-20.3504466173597,13258.9289694326
"H3 res 3","83a15bfffffffff",-20.7176642852103,13376.9072615307
"H3 res 3","83b4c6fffffffff",-20.479506578643,14549.8641749816
"H3 res 3","83b8d2fffffffff",-20.8719385863116,10857.3423806195
"H3 res 3","83a200fffffffff",-20.1430530333638,12245.0928038371
"H3 res 3","839701fffffffff",-20.4793408410437,14549.8641749815
"H3 res 3","839ba0fffffffff",-20.0956040381719,13942.8562517614
"H3 res 3","839e25fffffffff",-20.2154430079697,12694.2081059089
"H3 res 3","83a6c8fffffffff",-20.0550721343337,9368.35424870333
"H3 res 3","83a242fffffffff",-20.4475183478325,13642.7064027977
"H3 res 3","83acabfffffffff",-19.8172658832431,13096.647598449
"H3 res 3","83b311fffffffff",-20.1952637435429,13448.5366349441
"H3 res 3","838ecdfffffffff",-20.1073437808213,14227.7905490065
"H3 res 3","83ac84fffffffff",-20.2850964532192,13642.7064027975
"H3 res 3","83b489fffffffff",-20.4850621658019,14504.4087475607
"H3 res 3","83a405fffffffff",-19.7122474806296,12248.957517912
"H3 res 3","839b0dfffffffff",-20.3310890852222,12564.6206178991
"H3 res 3","839490fffffffff",-19.7635038279856,9742.4329747578
"H3 res 3","83b65bfffffffff",-19.9219152099437,12945.147748207
"H3 res 3","83a6b5fffffffff",-19.8777052232035,9182.12754056694
"H3 res 3","839bb4fffffffff",-20.2826095700951,14262.9872081526
"H3 res 3","83aceefffffffff",-19.72016888397,12067.6607615743
"H3 res 3","83b0d2fffffffff",-20.0660059204728,10857.3423806195
"H3 res 3","83ab11fffffffff",-20.4165363926831,14586.3997151129
"H3 res 3","839d0bfffffffff",-19.5068637196435,13219.9877071722
"H3 res 3","83ae64fffffffff",-19.6496000892386,10857.3423806194
"H3 res 3","83b6d3fffffffff",-19.8038339634759,14105.734783516
"H3 res 3","8398edfffffffff",-19.5099639539538,13050.8886371953
"H3 res 3","83b48bfffffffff",-19.7184563972264,14387.3255987086
"H3 res 3","83ab15fffffffff",-19.5116884961309,14468.2145242168
"H3 res 3","83acb2fffffffff",-19.6386683859365,14105.734783516
"H3 res 3","83a8abfffffffff",-19.9976308130371,13313.7688104586
"H3 res 3","839c61fffffffff",-19.1023787591467,12047.6672194217
"H3 res 3","83a24cfffffffff",-19.1092682993551,13968.3649782324
"H3 res 3","83a598fffffffff",-19.548110074442,13258.9289694326
"H3 res 3","83a850fffffffff",-19.5037799878808,12679.6997279126
"H3 res 3","83b0c0fffffffff",-19.8255373923838,10697.0571382799
"H3 res 3","83ab50fffffffff",-19.1327831873067,14752.7178534036
"H3 res 3","839ba1fffffffff",-19.6444905291158,13766.4478582008
"H3 res 3","83b6dcfffffffff",-19.500150825258,13976.8851745829
"H3 res 3","83ae69fffffffff",-19.8192552614719,9751.78340376621
"H3 res 3","839d53fffffffff",-19.0847781368701,12870.4895388714
"H3 res 3","83ab0afffffffff",-19.8135910381444,14752.7178534037
"H3 res 3","83a273fffffffff",-19.6542604520542,13282.385579131
"H3 res 3","83970efffffffff",-19.449979427465,14659.9311260003
"H3 res 3","839bb6fffffffff",-19.5722489684772,14254.174450557
"H3 res 3","83af31fffffffff",-19.9062357414189,13569.348415776
"H3 res 3","83ac8cfffffffff",-18.9306871363336,13282.3855791309
"H3 res 3","8394d1fffffffff",-19.1681554729144,11027.4108688079
"H3 res 3","83a06efffffffff",-18.7359426536427,13675.5223643171
"H3 res 3","839ba3fffffffff",-18.9652206875264,13799.7617445428
"H3 res 3","839f11fffffffff",-19.4844403659385,11792.6927806788
"H3 res 3","839d14fffffffff",-19.1443025272288,13424.5892963931
"H3 res 3","839b45fffffffff",-18.9614193914465,11417.5898791533
"H3 res 3","838ed3fffffffff",-19.3804740740976,14227.7905490062
"H3 res 3","83a6aafffffffff",-19.1590413107718,8646.03074712577
"H3 res 3","83ab02fffffffff",-19.3239816801064,14549.8641749815
"H3 res 3","83b04cfffffffff",-19.195149427769,9922.68313055182
"H3 res 3","83a6cafffffffff",-19.1885160338654,9549.47260049634
"H3 res 3","83948bfffffffff",-19.4439551142154,10594.1683679142
"H3 res 3","83a271fffffffff",-18.6201586526073,13290.2198209556
"H3 res 3","83a8f0fffffffff",-18.8102851421935,13424.589296393
"H3 res 3","83a431fffffffff",-18.7585688414549,12607.5705620406
"H3 res 3","83a84cfffffffff",-18.49629933513,12067.6607615743
"H3 res 3","83a559fffffffff",-19.1785157408202,12870.4895388716
"H3 res 3","8398e0fffffffff",-18.5258044194074,13096.6475984489
"H3 res 3","839f1afffffffff",-18.1303147612282,11831.3313981273
"H3 res 3","83a55efffffffff",-18.3150396016398,12479.4486622822
"H3 res 3","83a8f1fffffffff",-18.2061612279053,13456.5349052611
"H3 res 3","83a015fffffffff",-18.5395812961596,11754.2639975363
"H3 res 3","83a6d5fffffffff",-18.9024266919323,9228.88108629859
"H3 res 3","83ab5cfffffffff",-18.6397706317184,14659.9311260002
"H3 res 3","83b3a4fffffffff",-18.8298952512688,14071.1819021306
"H3 res 3","839e26fffffffff",-18.8184833997125,12270.676579014
"H3 res 3","83985dfffffffff",-18.3332563997009,12550.358128819
"H3 res 3","83a001fffffffff",-18.8458956063422,12374.3289180599
"H3 res 3","83a89dfffffffff",-18.4283274769165,13675.5223643174
"H3 res 3","839c25fffffffff",-18.6853510011626,13005.3954960555
"H3 res 3","838ec2fffffffff",-18.5062561426697,14423.1829521786
"H3 res 3","83a6b2fffffffff",-18.2187080183367,9668.16430854001
"H3 res 3","83a851fffffffff",-18.8789395119262,12650.7657365236
"H3 res 3","83a069fffffffff",-18.0943293481335,13841.5934237771
"H3 res 3","83ab54fffffffff",-18.2586712570961,14687.6648078542
"H3 res 3","8398abfffffffff",-18.8888236527056,13313.7688104587
"H3 res 3","83a430fffffffff",-18.2640695992778,12833.4290869398
"H3 res 3","838b20fffffffff",-18.1739176486126,12236.446940091
"H3 res 3","839e4afffffffff",-17.5697777073214,13096.6475984488
"H3 res 3","8398a8fffffffff",-17.8177296172409,13096.6475984488
"H3 res 3","83ab4afffffffff",-18.1189975702759,14495.3460565038
"H3 res 3","839a24fffffffff",-17.9952424469128,12636.3399763594
"H3 res 3","83ab0cfffffffff",-17.8237319204118,14586.3997151129
"H3 res 3","83acd4fffffffff",-17.563183189237,12833.4290869398
"H3 res 3","83a00efffffffff",-17.8012606511373,12311.9632671294
"H3 res 3","8394c8fffffffff",-17.9047767042199,11640.2208135263
"H3 res 3","83a228fffffffff",-18.0608525461651,12479.4486622821
"H3 res 3","83af46fffffffff",-18.2892340652624,11811.9857600191
"H3 res 3","83af26fffffffff",-18.015347837476,13520.8074885747
"H3 res 3","83a003fffffffff",-18.0559728078206,12134.7069063869
"H3 res 3","8394c9fffffffff",-17.7701637794986,11735.1277957951
"H3 res 3","839c24fffffffff",-18.4738709812184,13050.8886371952
"H3 res 3","83ac82fffffffff",-18.3205004474575,13816.4691021092
"H3 res 3","83b323fffffffff",-17.5037762551454,13235.5413119973
"H3 res 3","83b4d2fffffffff",-18.2239900728627,14254.1744505568
"H3 res 3","838d6efffffffff",-17.6273788397406,10234.0367238618
"H3 res 3","83a8c4fffffffff",-17.595967827535,13472.5552480176
"H3 res 3","83ac9cfffffffff",-17.2651387924759,13799.7617445428
"H3 res 3","838e4afffffffff",-17.6853043205961,14183.9978362933
"H3 res 3","83a436fffffffff",-17.7586145317949,13050.8886371954
"H3 res 3","839b94fffffffff",-17.3129314962661,13942.856251761
"H3 res 3","83a581fffffffff",-17.297801195565,13472.5552480175
"H3 res 3","83984dfffffffff",-17.1515780385533,11988.0165990208
"H3 res 3","839718fffffffff",-17.4663573802946,14752.7178534036
"H3 res 3","839c44fffffffff",-17.1613448341878,11997.1565436641
"H3 res 3","83a694fffffffff",-17.4166994482292,9709.82384493422
"H3 res 3","839624fffffffff",-17.3724561781047,14827.6541667337
"H3 res 3","83af49fffffffff",-17.5833148760784,10626.4807702415
"H3 res 3","83ab73fffffffff",-17.1533004821005,14586.3997151129
"H3 res 3","83a046fffffffff",-17.4748561548898,13142.6745591843
"H3 res 3","83ab55fffffffff",-18.0221008490917,14659.9311260002
"H3 res 3","839d1afffffffff",-17.0003319414257,12900.2665058242
"H3 res 3","8397a5fffffffff",-17.5625883567578,14387.3255987086
"H3 res 3","838769fffffffff",-17.5739075642127,14262.9872081526
"H3 res 3","839124fffffffff",-17.2744643828903,9980.76178584611
"H3 res 3","83924cfffffffff",-17.3583838970262,13448.536634944
"H3 res 3","838763fffffffff",-16.7187826102061,13799.761744543
"H3 res 3","839b4dfffffffff",-16.9542082648709,10765.0190438551
"H3 res 3","839114fffffffff",-16.9280562300643,9241.70094472013
"H3 res 3","83a425fffffffff",-16.963628956807,12395.234549267
"H3 res 3","83b4defffffffff",-17.4696753071166,14183.9978362934
"H3 res 3","839a34fffffffff",-17.174546641932,13005.3954960554
"H3 res 3","83a550fffffffff",-16.8369267590968,12102.8857679006
"H3 res 3","83876bfffffffff",-16.4678718298316,14123.0642841482
"H3 res 3","83acd6fffffffff",-16.6796318756211,13005.3954960556
"H3 res 3","838e48fffffffff",-17.1837261216558,14123.064284148
"H3 res 3","83a221fffffffff",-17.2519562212169,12239.0699348064
"H3 res 3","838922fffffffff",-17.0732111992276,13968.3649782323
"H3 res 3","83980bfffffffff",-16.756969840417,12694.2081059088
"H3 res 3","839856fffffffff",-17.0854964786559,12694.2081059087
"H3 res 3","838766fffffffff",-17.2232740245096,13577.4668068598
"H3 res 3","83a22cfffffffff",-17.1654740765171,12270.6765790143
"H3 res 3","83a00afffffffff",-16.7598102327197,12236.4469400908
"H3 res 3","839c46fffffffff",-16.1999287390417,12229.6201052597
"H3 res 3","83a691fffffffff",-16.6574291944909,9531.42785283925
"H3 res 3","838b04fffffffff",-16.5399426424021,12134.7069063868
"H3 res 3","83ac8bfffffffff",-16.8332322046787,13219.9877071723
"H3 res 3","83928bfffffffff",-16.6348790508743,10594.1683679145
"H3 res 3","838775fffffffff",-16.1292982176921,13424.5892963931
"H3 res 3","839e58fffffffff",-16.2646133335094,12781.8423892803
"H3 res 3","838e99fffffffff",-16.5095990879618,14227.7905490062
"H3 res 3","83a353fffffffff",-16.1686049650159,12270.6765790144
"H3 res 3","8394a3fffffffff",-16.2933225739433,10757.3879715041
"H3 res 3","83a5a9fffffffff",-16.6538850871728,13219.9877071723
"H3 res 3","839b53fffffffff",-16.6057209915498,11896.1997654096
"H3 res 3","83a018fffffffff",-16.2488302218442,11818.4284451546
"H3 res 3","83ab76fffffffff",-16.5097577412188,14504.4087475605
"H3 res 3","839c41fffffffff",-16.5274638664944,12134.7069063869
"H3 res 3","83a8d0fffffffff",-16.0609700862373,13942.856251761
"H3 res 3","838ef1fffffffff",-16.2025794414731,14659.9311260002
"H3 res 3","838ec4fffffffff",-16.9037436339477,14613.9018215316
"H3 res 3","83a540fffffffff",-16.0109222504038,12188.7920528827
"H3 res 3","83980afffffffff",-16.4225697073579,12679.6997279126
"H3 res 3","83a00bfffffffff",-16.4905786127703,12395.2345492669
"H3 res 3","83a359fffffffff",-15.7968086797676,12870.4895388716
"H3 res 3","83a8e9fffffffff",-16.2218043685176,13219.9877071723
"H3 res 3","838965fffffffff",-15.8979740260913,13841.5934237772
"H3 res 3","83929afffffffff",-15.7508357579771,9751.78340376638
"H3 res 3","83af60fffffffff",-15.462342525107,11640.2208135263
"H3 res 3","83a0a1fffffffff",-16.2134645444143,11010.2048283962
"H3 res 3","839b49fffffffff",-15.9267881962066,10626.4807702415
"H3 res 3","838ee1fffffffff",-15.9746711007633,14687.6648078541
"H3 res 3","839809fffffffff",-16.0493865146921,12486.5095317397
"H3 res 3","839634fffffffff",-15.4310160872662,14837.0658036216
"H3 res 3","8392e0fffffffff",-15.8156456293518,12047.6672194216
"H3 res 3","83ab44fffffffff",-15.8147854759983,14423.1829521787
"H3 res 3","83928afffffffff",-15.9075005909265,10435.0346125378
"H3 res 3","8391a1fffffffff",-15.9228450060602,9182.12754056665
"H3 res 3","838d40fffffffff",-15.798276474319,10697.0571382797
"H3 res 3","8397a3fffffffff",-15.543069819747,14468.2145242167
"H3 res 3","83b4dbfffffffff",-15.9678088085712,13951.3505291041
"H3 res 3","83a586fffffffff",-16.2099532319511,13816.4691021091
"H3 res 3","83a04cfffffffff",-16.5522841993768,13448.5366349441
"H3 res 3","8394a6fffffffff",-15.5483038756804,10610.3040699103
"H3 res 3","83999bfffffffff",-15.2642408866846,12437.222820827
"H3 res 3","839623fffffffff",-15.2762263301585,14922.2204923097
"H3 res 3","83975afffffffff",-16.0368651124021,14771.3926728848
"H3 res 3","839c0cfffffffff",-15.4702936499257,12259.5952808401
"H3 res 3","838e8dfffffffff",-15.2272629021053,14604.7248578977
"H3 res 3","83962efffffffff",-15.2112882934283,14912.7186857806
"H3 res 3","839811fffffffff",-15.3883524497195,12550.358128819
"H3 res 3","838770fffffffff",-15.0436451896083,13258.9289694327
"H3 res 3","839868fffffffff",-15.1475197693961,11640.2208135262
"H3 res 3","838ef0fffffffff",-15.4957709567821,14687.6648078541
"H3 res 3","838d76fffffffff",-15.5868530392625,10403.6855757918
"H3 res 3","838729fffffffff",-15.5287703147574,13005.3954960556
"H3 res 3","83a8d2fffffffff",-15.5316008945824,14071.1819021305
"H3 res 3","83a5adfffffffff",-15.5400294885076,13376.9072615309
"H3 res 3","839b92fffffffff",-15.495153113904,13716.727684586
"H3 res 3","839a33fffffffff",-14.9954168742088,12650.7657365238
"H3 res 3","838904fffffffff",-15.9682283868093,13816.4691021092
"H3 res 3","83926efffffffff",-15.1195682825075,13675.5223643173
"H3 res 3","8391acfffffffff",-15.2387451094973,8942.00717414253
"H3 res 3","83ab2cfffffffff",-14.9755810052264,14227.7905490062
"H3 res 3","839674fffffffff",-14.9778043940234,14771.3926728849
"H3 res 3","83a04afffffffff",-14.7148339097495,13096.6475984488
"H3 res 3","83a8dcfffffffff",-14.8397041139591,13976.885174583
"H3 res 3","838d42fffffffff",-14.8630583598776,10924.841804086
"H3 res 3","83892bfffffffff",-14.8876359216451,13766.4478582006
"H3 res 3","838e41fffffffff",-15.3798776520293,14360.5299603514
"H3 res 3","839e5afffffffff",-15.2426560499571,12543.2369987641
"H3 res 3","838321fffffffff",-14.7417307879882,13096.6475984488
"H3 res 3","839da3fffffffff",-15.2616643429972,12607.5705620409
"H3 res 3","83a508fffffffff",-14.7774633285269,12679.6997279126
"H3 res 3","83a0e0fffffffff",-14.6896468333822,12047.6672194217
"H3 res 3","838ee5fffffffff",-14.8110973336756,14771.3926728848
"H3 res 3","8397aefffffffff",-15.5251020975312,14586.3997151128
"H3 res 3","83a34afffffffff",-14.7763433652721,12833.4290869397
"H3 res 3","83a545fffffffff",-15.381434330087,12134.7069063867
"H3 res 3","839182fffffffff",-14.769868349551,9089.79603980692
"H3 res 3","8394e1fffffffff",-14.6405816585371,12188.7920528825
"H3 res 3","839816fffffffff",-14.6774784633963,12395.2345492671
"H3 res 3","838e56fffffffff",-14.335383615436,14771.3926728848
"H3 res 3","83962bfffffffff",-14.082526565377,14884.2736768822
"H3 res 3","83a04bfffffffff",-14.3942860670639,13165.7892266986
"H3 res 3","83a56efffffffff",-14.7501649513644,12067.6607615743
"H3 res 3","83998bfffffffff",-14.3170035508714,12298.1753469625
"H3 res 3","839c09fffffffff",-14.8653595554856,12486.5095317395
"H3 res 3","839a06fffffffff",-14.5622490248187,12423.2004262335
"H3 res 3","838962fffffffff",-14.4759977271773,13675.5223643175
"H3 res 3","839413fffffffff",-14.3735161027636,11454.1999622936
"H3 res 3","839a64fffffffff",-14.7868246333634,10857.3423806192
"H3 res 3","839999fffffffff",-14.6085431861693,12318.8668906691
"H3 res 3","838b74fffffffff",-14.7240671338198,13219.9877071723
"H3 res 3","8384dbfffffffff",-14.3291572638752,14254.174450557
"H3 res 3","838335fffffffff",-14.1036491050936,13650.8980814345
"H3 res 3","83a5acfffffffff",-15.0083190378002,13577.4668068598
"H3 res 3","8394a4fffffffff",-14.6448453660597,10857.3423806195
"H3 res 3","839db5fffffffff",-14.7560371812304,12479.448662282
"H3 res 3","8392e4fffffffff",-14.7419477779331,12148.1906468132
"H3 res 3","839a2afffffffff",-14.320914908149,11889.6862842436
"H3 res 3","838d59fffffffff",-13.7905438581966,11369.0788837273
"H3 res 3","83849dfffffffff",-13.8076029578403,13675.5223643173
"H3 res 3","838734fffffffff",-13.6972036090495,11582.8368395134
"H3 res 3","83a50efffffffff",-14.2717014185959,12915.1980700102
"H3 res 3","8394e5fffffffff",-13.8042178398758,12298.1753469626
"H3 res 3","838c65fffffffff",-14.3248587588451,11308.921416973
"H3 res 3","839860fffffffff",-13.5738328943351,11552.7893285561
"H3 res 3","839d89fffffffff",-13.4426106115712,12167.313416734
"H3 res 3","838132fffffffff",-14.510783184542,14227.7905490063
"H3 res 3","83a511fffffffff",-13.8248857929763,13448.536634944
"H3 res 3","8394e4fffffffff",-13.9300048543325,12148.1906468134
"H3 res 3","839781fffffffff",-13.4952313174267,14613.9018215317
"H3 res 3","839219fffffffff",-14.0098103210564,11988.0165990208
"H3 res 3","839604fffffffff",-14.2849249347885,14941.2544005888
"H3 res 3","839c59fffffffff",-13.9209189410734,12716.0226081527
"H3 res 3","83ab68fffffffff",-14.2289238002348,14123.0642841482
"H3 res 3","83a0e2fffffffff",-13.9400420570221,11792.692780679
"H3 res 3","839419fffffffff",-14.0498070650994,11988.0165990208
"H3 res 3","838976fffffffff",-14.5173103902335,13716.7276845861
"H3 res 3","839101fffffffff",-14.3251382048443,9031.84216033855
"H3 res 3","839644fffffffff",-13.7311607328082,14549.8641749816
"H3 res 3","83891cfffffffff",-13.0531631051789,13290.2198209554
"H3 res 3","839208fffffffff",-13.3064673886984,12479.4486622821
"H3 res 3","839458fffffffff",-13.2416704029504,12781.8423892805
"H3 res 3","839601fffffffff",-13.1691628944142,14941.2544005888
"H3 res 3","838b61fffffffff",-13.3612890271064,13942.8562517609
"H3 res 3","839c52fffffffff",-13.2394736134129,12892.8115084301
"H3 res 3","83999cfffffffff",-13.2210353549815,11935.4058428066
"H3 res 3","83a0eefffffffff",-13.3781805819474,12067.6607615744
"H3 res 3","839814fffffffff",-14.0101832098647,12236.446940091
"H3 res 3","838910fffffffff",-13.7347840682131,13258.9289694326
"H3 res 3","838eabfffffffff",-14.0684730698789,14687.6648078543
"H3 res 3","8384defffffffff",-13.6873730021268,14123.064284148
"H3 res 3","839c5efffffffff",-13.5913299730814,12833.4290869395
"H3 res 3","839993fffffffff",-13.484988134433,11896.1997654098
"H3 res 3","83958bfffffffff",-13.7271136453386,11102.4908388158
"H3 res 3","838973fffffffff",-13.0534480027814,13448.5366349443
"H3 res 3","83918cfffffffff",-13.5720415852344,8604.71748556108
"H3 res 3","839db2fffffffff",-12.7649685659766,11988.0165990209
"H3 res 3","838494fffffffff",-13.4482848447317,13096.6475984488
"H3 res 3","83998efffffffff",-12.9423215943987,11935.4058428066
"H3 res 3","838d33fffffffff",-13.139290689313,10269.6358458852
"H3 res 3","83960dfffffffff",-13.0244862659569,14865.3605306344
"H3 res 3","838755fffffffff",-13.4583133235686,13290.2198209554
"H3 res 3","83a0c4fffffffff",-12.9236128956357,11678.0295825858
"H3 res 3","8384d8fffffffff",-13.4704446143204,14123.0642841478
"H3 res 3","838b84fffffffff",-13.2145508438674,13142.6745591845
"H3 res 3","838b72fffffffff",-13.0765426018732,13081.3649417382
"H3 res 3","839c53fffffffff",-13.4180986372599,12870.4895388713
"H3 res 3","839672fffffffff",-12.9440241958921,14799.478866177
"H3 res 3","838ea9fffffffff",-13.6214988350052,14771.3926728848
"H3 res 3","839d82fffffffff",-12.522517537422,11948.5224102804
"H3 res 3","83832bfffffffff",-12.5267574684105,12679.6997279126
"H3 res 3","838115fffffffff",-12.7753301043248,14468.2145242169
"H3 res 3","83891dfffffffff",-12.7050413188087,13282.3855791313
"H3 res 3","838e0dfffffffff",-11.9954172092865,14865.3605306345
"H3 res 3","839581fffffffff",-12.1439858133763,10924.8418040861
"H3 res 3","838e61fffffffff",-12.5608054822215,14369.4525927062
"H3 res 3","838b96fffffffff",-12.3499584178542,13841.5934237771
"H3 res 3","838700fffffffff",-12.8105420359805,12188.7920528827
"H3 res 3","838e85fffffffff",-12.6284653935945,14613.9018215318
"H3 res 3","838489fffffffff",-12.3753075290124,13716.727684586
"H3 res 3","839026fffffffff",-12.4321508489883,8154.34608300727
"H3 res 3","839990fffffffff",-12.4828905175394,11640.2208135263
"H3 res 3","83812afffffffff",-12.6957216409507,14468.2145242169
"H3 res 3","839602fffffffff",-12.241008562843,14941.2544005888
"H3 res 3","839c19fffffffff",-12.673303120412,12870.4895388717
"H3 res 3","838c6afffffffff",-12.2118358739698,11889.6862842437
"H3 res 3","839832fffffffff",-12.9990833837555,11988.0165990209
"H3 res 3","838751fffffffff",-12.66112457973,13282.3855791309
"H3 res 3","839a70fffffffff",-13.0235674140764,11131.5948785925
"H3 res 3","839aa1fffffffff",-11.9748743474801,12479.4486622822
"H3 res 3","839402fffffffff",-12.4779922270657,11948.5224102803
"H3 res 3","839a6efffffffff",-12.3319987824785,10269.6358458852
"H3 res 3","838c21fffffffff",-11.6883062314511,11552.7893285562
"H3 res 3","83a506fffffffff",-12.1016182005014,13472.5552480176
"H3 res 3","838174fffffffff",-12.0169595324016,14387.3255987087
"H3 res 3","8392a1fffffffff",-11.4693795286155,11010.2048283963
"H3 res 3","839109fffffffff",-11.8120169797738,8704.42299080723
"H3 res 3","839aacfffffffff",-11.5716764145784,12270.676579014
"H3 res 3","83a334fffffffff",-11.5599173698959,13841.5934237772
"H3 res 3","83922bfffffffff",-11.8407326495777,12781.8423892806
"H3 res 3","838669fffffffff",-11.7164284415117,13841.5934237772
"H3 res 3","839823fffffffff",-12.3589422496969,11754.2639975363
"H3 res 3","839836fffffffff",-12.0018400847258,11735.127795795
"H3 res 3","839443fffffffff",-11.3926690462778,13142.6745591845
"H3 res 3","839030fffffffff",-12.4015146288806,8112.85066883189
"H3 res 3","838eacfffffffff",-11.7398532972119,14799.4788661769
"H3 res 3","838b45fffffffff",-11.705017560435,13816.4691021091
"H3 res 3","8381b4fffffffff",-12.1871531403035,14019.6163675264
"H3 res 3","838176fffffffff",-11.4743379209681,14504.4087475604
"H3 res 3","8389a1fffffffff",-12.2682201571068,12833.4290869397
"H3 res 3","838756fffffffff",-12.1176564284541,12900.2665058246
"H3 res 3","83a0c0fffffffff",-11.913650507837,11552.7893285558
"H3 res 3","838b82fffffffff",-11.5980161700257,13472.5552480176
"H3 res 3","839025fffffffff",-11.3479738708999,8291.67957000025
"H3 res 3","838625fffffffff",-11.065956756481,12694.2081059087
"H3 res 3","8399aafffffffff",-11.3103344139368,11534.1963383545
"H3 res 3","83a0d4fffffffff",-11.7457269065005,11010.2048283962
"H3 res 3","83810cfffffffff",-11.5359467586636,14586.3997151129
"H3 res 3","838ea3fffffffff",-11.4671848120015,14659.9311260002
"H3 res 3","83a323fffffffff",-11.5612216422403,13235.5413119973
"H3 res 3","839648fffffffff",-11.4136802561455,14123.0642841479
"H3 res 3","839ef6fffffffff",-11.626107817319,11219.6743376112
"H3 res 3","8392a3fffffffff",-11.8025576869111,10757.3879715041
"H3 res 3","838e94fffffffff",-12.0350699930884,14183.9978362932
"H3 res 3","83994afffffffff",-11.627565146448,11131.5948785927
"H3 res 3","838112fffffffff",-11.6329817672945,14504.4087475604
"H3 res 3","838e84fffffffff",-11.9057865980469,14549.8641749814
"H3 res 3","839a40fffffffff",-11.1767345751854,10435.034612538
"H3 res 3","838e01fffffffff",-10.600668350467,14941.2544005888
"H3 res 3","839650fffffffff",-10.8290250663865,14687.6648078541
"H3 res 3","839e85fffffffff",-10.8035844698946,10691.6004844964
"H3 res 3","838e03fffffffff",-11.0712255165012,14941.2544005887
"H3 res 3","83a36efffffffff",-11.1889529376677,12067.6607615743
"H3 res 3","8389b1fffffffff",-11.1417807940826,12311.9632671293
"H3 res 3","839948fffffffff",-10.9690158475186,10891.0049449742
"H3 res 3","839798fffffffff",-10.4681700507171,14495.3460565037
"H3 res 3","838c28fffffffff",-11.2801522351252,11818.4284451547
"H3 res 3","839405fffffffff",-10.5284363838907,12423.2004262334
"H3 res 3","839ca4fffffffff",-11.4271345842954,12437.222820827
"H3 res 3","838eb2fffffffff",-10.887024372429,14227.7905490063
"H3 res 3","839649fffffffff",-11.3073063947593,13951.350529104
"H3 res 3","838c48fffffffff",-10.7544941039464,12236.446940091
"H3 res 3","838ea1fffffffff",-11.0224186220554,14752.7178534037
"H3 res 3","8384c6fffffffff",-10.9168960207717,13642.7064027976
"H3 res 3","839611fffffffff",-11.248181512968,14912.7186857805
"H3 res 3","838c20fffffffff",-11.3950347963434,11509.4831421644
"H3 res 3","839ceafffffffff",-10.5460702232188,13456.5349052612
"H3 res 3","838b42fffffffff",-10.6955164060329,13472.5552480176
"H3 res 3","83811efffffffff",-10.449679845649,14687.6648078542
"H3 res 3","838108fffffffff",-10.3703331531283,14687.6648078542
"H3 res 3","83a326fffffffff",-10.5764444451773,13520.8074885748
"H3 res 3","83a320fffffffff",-10.5797791295543,13313.7688104586
"H3 res 3","83a0d2fffffffff",-10.061823185697,10626.4807702417
"H3 res 3","838e12fffffffff",-10.57197220591,14827.6541667337
"H3 res 3","839aa8fffffffff",-10.5286815351048,12047.6672194215
"H3 res 3","839ef2fffffffff",-10.9405352467113,11119.9380221118
"H3 res 3","838e29fffffffff",-10.341963990105,14837.0658036215
"H3 res 3","838355fffffffff",-10.2218750277809,11935.4058428066
"H3 res 3","838310fffffffff",-10.1541533389523,13650.8980814345
"H3 res 3","839012fffffffff",-10.2460094191359,8338.31614189957
"H3 res 3","8399b1fffffffff",-10.2641509557433,11154.9697778053
"H3 res 3","838a20fffffffff",-10.4242469297877,12479.4486622822
"H3 res 3","839d92fffffffff",-10.3098304581736,11735.1277957947
"H3 res 3","839215fffffffff",-10.4214847324917,11754.2639975361
"H3 res 3","838f59fffffffff",-10.0548153772299,14604.7248578977
"H3 res 3","838b51fffffffff",-10.1925206848253,13282.3855791309
"H3 res 3","838b52fffffffff",-10.3150263676005,12892.8115084299
"H3 res 3","838e00fffffffff",-9.89757819152051,14950.7865323979
"H3 res 3","838620fffffffff",-10.0256280828473,12479.4486622821
"H3 res 3","838f49fffffffff",-9.74268599754107,14254.1744505569
"H3 res 3","839943fffffffff",-10.3720477756647,10924.841804086
"H3 res 3","839162fffffffff",-10.2227173952012,9177.19702342582
"H3 res 3","837f20fffffffff",-10.0679578082775,9742.43297475771
"H3 res 3","838c35fffffffff",-10.1077596369413,11640.2208135263
"H3 res 3","837b20fffffffff",-9.59256559499316,12236.4469400909
"H3 res 3","839150fffffffff",-10.2471008165693,8441.26202852425
"H3 res 3","838c72fffffffff",-10.1337875753643,12270.6765790143
"H3 res 3","8384f6fffffffff",-10.4766933352445,13376.9072615307
"H3 res 3","83a361fffffffff",-10.3527403692454,11818.4284451547
"H3 res 3","839941fffffffff",-9.72971948180135,10691.6004844964
"H3 res 3","838311fffffffff",-10.0448548424258,13448.5366349441
"H3 res 3","838671fffffffff",-9.70410405817972,13235.5413119972
"H3 res 3","8384a9fffffffff",-9.63700469440342,13165.7892266985
"H3 res 3","838b5cfffffffff",-9.55706611809724,13456.5349052611
"H3 res 3","839edefffffffff",-9.14590126910869,10906.9550875751
"H3 res 3","838c04fffffffff",-9.69962129180001,11948.5224102804
"H3 res 3","83a0ddfffffffff",-9.91578499554961,11273.0810882398
"H3 res 3","838da1fffffffff",-9.58570456675965,11010.2048283963
"H3 res 3","8384eafffffffff",-9.44428757741024,13456.534905261
"H3 res 3","83a526fffffffff",-9.23774266117884,13520.8074885748
"H3 res 3","838959fffffffff",-9.12698683148333,12564.6206178991
"H3 res 3","838822fffffffff",-9.53438239313406,12650.7657365239
"H3 res 3","83939bfffffffff",-9.37631921774888,10403.6855757918
"H3 res 3","8396a6fffffffff",-9.40262382714386,14604.7248578977
"H3 res 3","83a0defffffffff",-9.50561939120785,10906.955087575
"H3 res 3","839146fffffffff",-9.79565319999517,8863.16065648007
"H3 res 3","837d33fffffffff",-9.51478040618723,11703.3492799634
"H3 res 3","83936bfffffffff",-9.01650192976152,14123.0642841481
"H3 res 3","838e28fffffffff",-9.64926785744325,14884.2736768822
"H3 res 3","8384f5fffffffff",-9.24127015401772,13258.9289694326
"H3 res 3","8390a3fffffffff",-9.64628775515379,8798.17989120738
"H3 res 3","839eb6fffffffff",-9.70914960379026,9913.05810762528
"H3 res 3","838a2cfffffffff",-9.19283278994935,12870.4895388714
"H3 res 3","839a96fffffffff",-9.0603436708227,12395.234549267
"H3 res 3","838b8bfffffffff",-8.58427652813074,13165.7892266986
"H3 res 3","838b4efffffffff",-9.40953099550403,13799.7617445428
"H3 res 3","837d14fffffffff",-8.9329429971933,11509.4831421644
"H3 res 3","838649fffffffff",-9.0058658505702,13376.9072615308
"H3 res 3","839a4afffffffff",-8.82864442839678,9808.20143255607
"H3 res 3","838319fffffffff",-8.7947844492495,12870.4895388715
"H3 res 3","838c31fffffffff",-9.40385815191711,11889.6862842437
"H3 res 3","838b99fffffffff",-8.69974868177902,13520.8074885748
"H3 res 3","839231fffffffff",-8.97515238401094,12027.7288198795
"H3 res 3","83831efffffffff",-9.01133359873424,13313.7688104587
"H3 res 3","8396adfffffffff",-9.21014825511524,14827.6541667337
"H3 res 3","839e83fffffffff",-9.21460048937857,10356.9553786363
"H3 res 3","838f8bfffffffff",-8.68898899033223,14771.3926728848
"H3 res 3","83951afffffffff",-9.18271819922843,11831.3313981273
"H3 res 3","838312fffffffff",-9.21924320727664,13716.7276845861
"H3 res 3","839ed6fffffffff",-9.32261220337584,10746.3766109332
"H3 res 3","83979bfffffffff",-9.44055044518628,14504.4087475605
"H3 res 3","839084fffffffff",-9.33552554537621,9031.84216033853
"H3 res 3","8390a8fffffffff",-8.34125499860649,8441.26202852457
"H3 res 3","838643fffffffff",-8.32785268296535,13142.6745591844
"H3 res 3","839426fffffffff",-8.93438493530086,12270.6765790144
"H3 res 3","839a8cfffffffff",-8.86051904351855,11792.6927806789
"H3 res 3","838da2fffffffff",-8.29092397603014,11027.4108688076
"H3 res 3","837b74fffffffff",-8.61770008878137,13219.9877071723
"H3 res 3","83901dfffffffff",-8.88187838659548,7934.99804845004
"H3 res 3","837d74fffffffff",-8.06285764149577,13219.9877071723
"H3 res 3","838a06fffffffff",-8.33288258606793,12374.3289180598
"H3 res 3","838a05fffffffff",-8.20498052760478,12423.2004262335
"H3 res 3","83859cfffffffff",-8.06586611938212,11935.4058428068
"H3 res 3","839e94fffffffff",-8.43529153078625,9808.20143255635
"H3 res 3","839af1fffffffff",-8.35102309250438,11154.9697778056
"H3 res 3","8384acfffffffff",-8.99484495585969,12870.4895388715
"H3 res 3","839908fffffffff",-8.82525808020296,10812.7279205124
"H3 res 3","8384e9fffffffff",-8.18873517258104,13219.9877071725
"H3 res 3","839cb6fffffffff",-8.13291092329384,12636.3399763594
"H3 res 3","8384a4fffffffff",-8.53485488539412,12437.222820827
"H3 res 3","837da4fffffffff",-8.2778426229185,10857.3423806194
"H3 res 3","838220fffffffff",-7.67282273853126,12479.4486622821
"H3 res 3","838601fffffffff",-7.70197742201946,12374.3289180598
"H3 res 3","83936afffffffff",-8.29852916857906,13976.885174583
"H3 res 3","838636fffffffff",-7.48713966018,12636.3399763594
"H3 res 3","837d00fffffffff",-8.49448217169134,12188.7920528826
"H3 res 3","83939efffffffff",-7.67180545479387,10218.8428647517
"H3 res 3","8396a9fffffffff",-8.16604496001073,14771.3926728849
"H3 res 3","839225fffffffff",-7.81166657931154,12694.2081059087
"H3 res 3","838805fffffffff",-8.15723797812425,12374.3289180601
"H3 res 3","839cc2fffffffff",-8.27543904106886,13816.4691021094
"H3 res 3","8387a3fffffffff",-7.47753007382222,12915.1980700103
"H3 res 3","838642fffffffff",-8.09760287883016,13035.6948282128
"H3 res 3","837b2bfffffffff",-7.66288895229972,12833.4290869397
"H3 res 3","839226fffffffff",-7.50425529036381,12270.6765790142
"H3 res 3","838aa5fffffffff",-7.45449363787221,13219.9877071722
"H3 res 3","8384ecfffffffff",-7.5899645481227,13081.3649417383
"H3 res 3","838604fffffffff",-8.22895083555023,12248.957517912
"H3 res 3","838025fffffffff",-8.02532558406218,14837.0658036216
"H3 res 3","8376d8fffffffff",-7.49899315229202,10260.8110382609
"H3 res 3","8383a9fffffffff",-7.0612129538062,13219.9877071722
"H3 res 3","838db1fffffffff",-7.2945045950888,11154.9697778052
"H3 res 3","83865dfffffffff",-7.52409901063491,13012.9593183186
"H3 res 3","837d0cfffffffff",-7.43879958250301,12650.7657365238
"H3 res 3","8376d6fffffffff",-7.40051668070331,11102.4908388158
"H3 res 3","838419fffffffff",-7.39485703059837,12870.4895388714
"H3 res 3","838c5bfffffffff",-7.70489844136917,12945.1477482072
"H3 res 3","8376d9fffffffff",-7.25678044688301,10082.9479495301
"H3 res 3","838026fffffffff",-8.07002552990553,14865.3605306345
"H3 res 3","838f41fffffffff",-7.23893250372156,14423.1829521787
"H3 res 3","838e21fffffffff",-7.77987261974905,14884.2736768822
"H3 res 3","83936efffffffff",-7.155991693144,13968.3649782324
"H3 res 3","838020fffffffff",-7.46023368206379,14884.2736768822
"H3 res 3","83951cfffffffff",-7.3412837069247,12027.7288198794
"H3 res 3","838a10fffffffff",-7.34307967735375,12833.4290869398
"H3 res 3","838f6bfffffffff",-7.4281514705417,14183.9978362934
"H3 res 3","838f88fffffffff",-7.52242271837975,14752.7178534037
"H3 res 3","83946cfffffffff",-7.42971401172335,13866.7939745303
"H3 res 3","839902fffffffff",-7.87308464619432,10615.6917407884
"H3 res 3","83878dfffffffff",-6.45662968197864,12870.4895388713
"H3 res 3","838c19fffffffff",-6.76912975260501,12870.4895388715
"H3 res 3","83819cfffffffff",-6.9786620439717,14468.2145242168
"H3 res 3","838c5afffffffff",-7.43024610096391,13005.3954960556
"H3 res 3","839684fffffffff",-7.33805535495906,14549.8641749815
"H3 res 3","8396f1fffffffff",-6.99915684713347,14659.9311260001
"H3 res 3","838aa6fffffffff",-7.55982656659209,13577.4668068597
"H3 res 3","837683fffffffff",-7.26744796511543,11948.5224102803
"H3 res 3","838151fffffffff",-7.35301642049036,14715.4860343672
"H3 res 3","838261fffffffff",-6.80071046366871,10435.0346125381
"H3 res 3","83729afffffffff",-7.08076624745335,14019.6163675265
"H3 res 3","83916dfffffffff",-7.2157803264255,9980.76178584605
"H3 res 3","839e9bfffffffff",-7.01495239753199,9914.90591751453
"H3 res 3","83939cfffffffff",-7.31719325656206,10456.0215370785
"H3 res 3","837fa0fffffffff",-6.93717944258378,9424.34251408304
"H3 res 3","839515fffffffff",-6.61482795947575,11754.2639975364
"H3 res 3","838f8efffffffff",-6.81152529957268,14659.9311260003
"H3 res 3","838f50fffffffff",-6.82879464523419,14752.7178534037
"H3 res 3","839914fffffffff",-7.2339049494336,10435.0346125381
"H3 res 3","839905fffffffff",-6.67060639809823,10249.2682692168
"H3 res 3","838a76fffffffff",-6.31803945706646,12945.1477482072
"H3 res 3","839382fffffffff",-6.28560560928668,10466.5413926989
"H3 res 3","837fb0fffffffff",-6.14347491870517,9742.43297475751
"H3 res 3","838385fffffffff",-6.30972139968672,13642.7064027976
"H3 res 3","838a65fffffffff",-6.45986523499631,13841.5934237771
"H3 res 3","838f45fffffffff",-6.07967400598185,14360.5299603513
"H3 res 3","838ce8fffffffff",-6.10346240609024,13258.9289694327
"H3 res 3","839933fffffffff",-6.64015816015741,10269.6358458854
"H3 res 3","838021fffffffff",-6.84785557322314,14884.273676882
"H3 res 3","8390f5fffffffff",-6.90789668322048,8566.87493979455
"H3 res 3","839551fffffffff",-6.48142094456887,13282.3855791308
"H3 res 3","8376b3fffffffff",-6.8842830267885,12550.3581288192
"H3 res 3","83845bfffffffff",-6.94391708476769,12945.1477482072
"H3 res 3","839502fffffffff",-6.48146910020649,11994.6201159795
"H3 res 3","8378f3fffffffff",-6.48521726179423,11149.1183891186
"H3 res 3","838235fffffffff",-6.86814972518825,12781.8423892805
"H3 res 3","839392fffffffff",-6.34568650743729,9779.92461852574
"H3 res 3","839c8bfffffffff",-6.63488437901688,13841.5934237769
"H3 res 3","839ac2fffffffff",-6.38509438631004,10691.6004844963
"H3 res 3","838148fffffffff",-6.04634666752224,14369.4525927063
"H3 res 3","838a0efffffffff",-5.99566343046556,12311.9632671293
"H3 res 3","838d83fffffffff",-6.17531243420521,11811.9857600193
"H3 res 3","839cd3fffffffff",-6.1539183924492,14105.7347835161
"H3 res 3","83860bfffffffff",-6.38560378997473,12395.2345492671
"H3 res 3","838c1efffffffff",-6.18480918132546,12781.8423892806
"H3 res 3","83840efffffffff",-5.58618896129654,12458.3059278962
"H3 res 3","837890fffffffff",-6.02037377020275,12236.446940091
"H3 res 3","839533fffffffff",-5.76037549324229,11703.3492799636
"H3 res 3","837da3fffffffff",-6.15422544190947,10913.5434070621
"H3 res 3","837298fffffffff",-6.01843958883554,14183.9978362933
"H3 res 3","837b02fffffffff",-5.79674465936511,11994.6201159795
"H3 res 3","837f75fffffffff",-6.0561061656379,9241.70094471989
"H3 res 3","8388a4fffffffff",-6.43297759502796,12437.222820827
"H3 res 3","837dadfffffffff",-5.68311405438863,11602.6156039057
"H3 res 3","8383abfffffffff",-6.1347455039914,13258.9289694326
"H3 res 3","838872fffffffff",-6.09719688868519,12270.6765790143
"H3 res 3","837facfffffffff",-6.22192964269378,8942.00717414237
"H3 res 3","838615fffffffff",-6.19315482822935,12607.5705620407
"H3 res 3","83909afffffffff",-5.6959970278984,9571.34984147228
"H3 res 3","838e24fffffffff",-5.91123445228073,14827.6541667337
"H3 res 3","83914bfffffffff",-5.74758604293505,9371.54939683989
"H3 res 3","838fa9fffffffff",-5.43962059704851,14771.3926728849
"H3 res 3","838869fffffffff",-5.66305129600663,11582.8368395138
"H3 res 3","837b4efffffffff",-5.55105901841725,13799.7617445429
"H3 res 3","838585fffffffff",-5.3284353983547,11417.5898791533
"H3 res 3","837d6efffffffff",-5.81563851864742,13968.3649782324
"H3 res 3","838cebfffffffff",-5.3282147767776,13424.5892963931
"H3 res 3","83992cfffffffff",-5.4922651391168,9865.16553220351
"H3 res 3","8376c9fffffffff",-5.13147746690058,9779.92461852615
"H3 res 3","839548fffffffff",-4.94363129264185,13942.8562517607
"H3 res 3","8388b4fffffffff",-5.36692433341239,12543.236998764
"H3 res 3","838c13fffffffff",-5.89052415586315,12716.0226081527
"H3 res 3","837d19fffffffff",-5.18126943317392,12270.6765790143
"H3 res 3","83886afffffffff",-5.3561875960317,11889.6862842434
"H3 res 3","837f0bfffffffff",-5.12060221669093,8521.82868475061
"H3 res 3","838a1efffffffff",-5.61179188745224,12679.6997279125
"H3 res 3","837f61fffffffff",-4.9258970526719,9549.47260049638
"H3 res 3","839394fffffffff",-4.97224108821873,10010.0139081462
"H3 res 3","837290fffffffff",-5.48710677742326,14123.064284148
"H3 res 3","8390c6fffffffff",-5.20572837144674,9031.84216033859
"H3 res 3","8396c8fffffffff",-4.72175520664939,14183.9978362934
"H3 res 3","837e24fffffffff",-4.89168829370561,8338.31614189923
"H3 res 3","838854fffffffff",-5.06410018872097,12479.4486622821
"H3 res 3","8378aafffffffff",-4.55691903233159,12027.7288198796
"H3 res 3","8376b5fffffffff",-5.01189202934512,12833.4290869397
"H3 res 3","838a84fffffffff",-5.27268051029414,13642.7064027976
"H3 res 3","837d69fffffffff",-4.65324985185396,14262.9872081525
"H3 res 3","839549fffffffff",-4.77124972556184,14071.1819021304
"H3 res 3","838841fffffffff",-4.68364093115925,12134.7069063868
"H3 res 3","8380a4fffffffff",-4.6217675982617,14696.9288037589
"H3 res 3","838200fffffffff",-4.77968545250624,12188.7920528827
"H3 res 3","83950dfffffffff",-5.0353657748324,12870.4895388713
"H3 res 3","839536fffffffff",-5.04678924855603,11389.559242883
"H3 res 3","8378f4fffffffff",-4.48933411472433,11608.8690679228
"H3 res 3","837b4bfffffffff",-4.50237252441757,13900.5138479734
"H3 res 3","838233fffffffff",-4.95243733972728,12650.7657365238
"H3 res 3","838273fffffffff",-4.34224300432638,10947.4971652548
"H3 res 3","838f95fffffffff",-4.69087054511726,14280.6399874516
"H3 res 3","838613fffffffff",-4.37377062722895,12870.4895388715
"H3 res 3","8388a3fffffffff",-4.35540321179087,12915.19807001
"H3 res 3","83749bfffffffff",-4.29075254679016,9585.73336307173
"H3 res 3","8374dcfffffffff",-4.63256969844104,9504.46706697475
"H3 res 3","8376c1fffffffff",-4.77678813642199,10466.5413926988
"H3 res 3","83779afffffffff",-4.36777474184949,13219.9877071721
"H3 res 3","839374fffffffff",-4.34688438388139,13219.9877071721
"H3 res 3","838cf1fffffffff",-4.17882183572936,13456.5349052612
"H3 res 3","837858fffffffff",-4.91426579588708,10113.530184574
"H3 res 3","838395fffffffff",-4.5042732822569,13799.7617445429
"H3 res 3","838000fffffffff",-4.53015489535093,14950.7865323978
"H3 res 3","838246fffffffff",-4.25471956911594,10691.6004844964
"H3 res 3","83844efffffffff",-4.14900157440065,12311.9632671295
"H3 res 3","839364fffffffff",-4.17625144799096,13716.7276845858
"H3 res 3","838843fffffffff",-4.00119762278003,12374.3289180597
"H3 res 3","838884fffffffff",-3.64362757993646,13035.694828213
"H3 res 3","83930cfffffffff",-4.50202847580242,12650.765736524
"H3 res 3","838a46fffffffff",-3.90262066495086,13142.6745591845
"H3 res 3","838f94fffffffff",-3.99050359214446,14123.064284148
"H3 res 3","837288fffffffff",-3.68333915938222,14495.3460565038
"H3 res 3","837f6cfffffffff",-4.16965018925662,9765.83711820588
"H3 res 3","837f55fffffffff",-4.12589588008052,8646.03074712625
"H3 res 3","837c25fffffffff",-4.08412197443374,12694.2081059087
"H3 res 3","8372b3fffffffff",-3.52272723263503,14333.8173853521
"H3 res 3","8370dcfffffffff",-4.24366575870617,11154.9697778055
"H3 res 3","83802bfffffffff",-3.87486568925732,14884.2736768822
"H3 res 3","8388adfffffffff",-4.3732301133772,12945.1477482073
"H3 res 3","838f96fffffffff",-4.43440148737072,14019.6163675263
"H3 res 3","8372dcfffffffff",-3.81173308043892,14280.6399874517
"H3 res 3","839c9bfffffffff",-4.30137375711752,13951.3505291039
"H3 res 3","8393a2fffffffff",-3.83705521029873,10675.2583243558
"H3 res 3","839576fffffffff",-4.00229598933899,13050.8886371953
"H3 res 3","837d53fffffffff",-2.95904203048687,13081.3649417382
"H3 res 3","8388b3fffffffff",-3.27205801267336,13012.9593183186
"H3 res 3","837851fffffffff",-3.64666209392791,10562.0193783466
"H3 res 3","838203fffffffff",-3.79938703112948,11994.6201159794
"H3 res 3","838ca3fffffffff",-3.48945097731488,12915.1980700102
"H3 res 3","837f45fffffffff",-3.77550898200354,9297.59817310648
"H3 res 3","8386a4fffffffff",-3.56788867918995,13376.9072615309
"H3 res 3","8388f4fffffffff",-2.96167869245353,13219.9877071722
"H3 res 3","837d81fffffffff",-4.02621149407005,10924.8418040859
"H3 res 3","838852fffffffff",-3.31961670764914,12892.8115084298
"H3 res 3","836f2cfffffffff",-3.15939594583197,9865.16553220349
"H3 res 3","837799fffffffff",-3.11333750738191,13081.3649417379
"H3 res 3","838cc1fffffffff",-3.97398106718274,13642.7064027975
"H3 res 3","8386adfffffffff",-3.58839938224696,12892.8115084299
"H3 res 3","839312fffffffff",-3.70517187910989,11344.9520444525
"H3 res 3","839311fffffffff",-3.96806000615603,11792.6927806789
"H3 res 3","83779efffffffff",-3.50890193225106,13424.5892963931
"H3 res 3","838390fffffffff",-3.55938340512805,13766.4478582008
"H3 res 3","837b5afffffffff",-2.6856497602945,13219.9877071723
"H3 res 3","8374c6fffffffff",-2.93366496401242,9031.84216033862
"H3 res 3","839300fffffffff",-3.14671209569108,12188.7920528827
"H3 res 3","8386a9fffffffff",-2.80171496824637,12900.2665058244
"H3 res 3","837f88fffffffff",-2.99113340219544,8441.26202852443
"H3 res 3","8386acfffffffff",-3.32059968797944,13081.3649417382
"H3 res 3","8374ebfffffffff",-2.92429732106144,9241.70094472015
"H3 res 3","838012fffffffff",-3.41876357464432,14827.6541667337
"H3 res 3","8388aafffffffff",-2.94830077213557,13235.5413119974
"H3 res 3","8380b0fffffffff",-2.89809106694552,14369.4525927063
"H3 res 3","83821cfffffffff",-2.90374734608688,12027.7288198795
"H3 res 3","837280fffffffff",-3.15783188912889,14495.3460565037
"H3 res 3","8390dcfffffffff",-3.44356692100035,9504.46706697467
"H3 res 3","837d4efffffffff",-2.93576736046457,13799.7617445429
"H3 res 3","8370ebfffffffff",-2.58193608709223,12047.6672194216
"H3 res 3","8376a4fffffffff",-2.91654236915972,12892.8115084303
"H3 res 3","838a40fffffffff",-3.24593960951253,13258.9289694324
"H3 res 3","838a52fffffffff",-2.52510431242626,12437.222820827
"H3 res 3","8380a2fffffffff",-2.87363844931408,14586.3997151129
"H3 res 3","838218fffffffff",-1.93857296794397,11818.4284451547
"H3 res 3","838251fffffffff",-2.46226580617877,10562.0193783468
"H3 res 3","837d4dfffffffff",-2.91878103796984,14105.7347835161
"H3 res 3","838008fffffffff",-2.12796578296017,14884.2736768821
"H3 res 3","837f41fffffffff",-2.83020835005886,9267.42987545028
"H3 res 3","836f05fffffffff",-2.34724553065805,10249.2682692169
"H3 res 3","83932efffffffff",-2.30442630937148,12550.3581288191
"H3 res 3","838420fffffffff",-2.48137274367014,11509.4831421643
"H3 res 3","838426fffffffff",-2.67423193013508,11454.1999622938
"H3 res 3","83781dfffffffff",-2.06657770721462,11792.692780679
"H3 res 3","83779dfffffffff",-2.25212662130838,13282.3855791309
"H3 res 3","83784cfffffffff",-2.89655269687311,9922.6831305516
"H3 res 3","836cdefffffffff",-2.11677585637146,13096.6475984487
"H3 res 3","838af0fffffffff",-2.2589471064453,12679.6997279126
"H3 res 3","838f64fffffffff",-2.62846215657818,14071.1819021305
"H3 res 3","836f2dfffffffff",-2.64881246313974,9913.0581076252
"H3 res 3","83779cfffffffff",-2.44619377377978,13456.534905261
"H3 res 3","83846bfffffffff",-2.20357392676487,11818.4284451546
"H3 res 3","83952cfffffffff",-2.41894959918527,12716.0226081528
"H3 res 3","837e14fffffffff",-2.34465425463268,8066.19399132759
"H3 res 3","83888cfffffffff",-1.87372475661209,13448.536634944
"H3 res 3","838858fffffffff",-2.25211867318769,12781.8423892806
"H3 res 3","837c32fffffffff",-2.42628519603895,11583.8888548994
"H3 res 3","837a61fffffffff",-2.49041552085655,13766.4478582008
"H3 res 3","837840fffffffff",-2.28654647072138,10435.0346125382
"H3 res 3","838063fffffffff",-1.99138791697953,14468.2145242168
"H3 res 3","838a53fffffffff",-1.87819945871939,12564.6206178992
"H3 res 3","8388e2fffffffff",-2.25206246226285,13282.385579131
"H3 res 3","838071fffffffff",-2.03917049978445,14659.9311260001
"H3 res 3","837d89fffffffff",-1.88988917971653,11344.9520444524
"H3 res 3","837808fffffffff",-1.69571636903755,11509.4831421643
"H3 res 3","838f15fffffffff",-1.50559126602123,14468.2145242166
"H3 res 3","8372f3fffffffff",-2.21778059196205,14586.3997151129
"H3 res 3","838cb6fffffffff",-1.55566702116498,12636.3399763594
"H3 res 3","838f02fffffffff",-2.19662957598121,14549.8641749815
"H3 res 3","837a29fffffffff",-1.74904789667168,13005.3954960557
"H3 res 3","83839bfffffffff",-1.42233814100215,13050.8886371953
"H3 res 3","837a6dfffffffff",-2.38513595285303,13951.350529104
"H3 res 3","837bb0fffffffff",-1.39262660034786,10260.8110382612
"H3 res 3","836cebfffffffff",-1.02823363542833,13766.4478582008
"H3 res 3","83765afffffffff",-1.6500608138889,10158.441691366
"H3 res 3","8386c2fffffffff",-0.995089937148407,12374.3289180597
"H3 res 3","836fb4fffffffff",-1.99828696894445,11061.957685565
"H3 res 3","838094fffffffff",-1.16778493356803,14183.9978362933
"H3 res 3","837782fffffffff",-1.57290277319619,13642.7064027979
"H3 res 3","838aecfffffffff",-1.4323214786067,12318.8668906691
"H3 res 3","8376e5fffffffff",-1.39230190646542,11102.4908388156
"H3 res 3","837a2efffffffff",-1.8456016419825,12650.7657365239
"H3 res 3","838a9dfffffffff",-1.83736638702003,13618.1804532108
"H3 res 3","8374eefffffffff",-1.96919115817676,8821.88232530285
"H3 res 3","837a28fffffffff",-1.79787288533356,12833.4290869397
"H3 res 3","836a93fffffffff",-1.61188755905616,13520.8074885747
"H3 res 3","837872fffffffff",-1.32954651792613,11201.9657241815
"H3 res 3","8386c6fffffffff",-1.7729634715201,12423.2004262333
"H3 res 3","83801afffffffff",-1.02880721657351,14837.0658036216
"H3 res 3","8372c0fffffffff",-1.83546432991523,14495.3460565036
"H3 res 3","83765bfffffffff",-1.470328809632,9913.05810762523
"H3 res 3","8368defffffffff",-1.20530184050513,13096.6475984488
"H3 res 3","837c64fffffffff",-0.63974717287328,13716.7276845861
"H3 res 3","8382b5fffffffff",-0.440503921505927,12833.42908694
"H3 res 3","83888efffffffff",-1.14578794645625,13569.3484157762
"H3 res 3","8386b4fffffffff",-1.12805206528004,13900.5138479734
"H3 res 3","836a9dfffffffff",-0.796493071677377,13675.5223643174
"H3 res 3","838046fffffffff",-0.86778068456019,14613.9018215316
"H3 res 3","838096fffffffff",-0.606001196925959,14019.6163675263
"H3 res 3","839564fffffffff",-0.668107732851445,13716.7276845862
"H3 res 3","837e29fffffffff",-1.19407663467082,8291.6795700003
"H3 res 3","837f4afffffffff",-0.946908522928336,9182.12754056664
"H3 res 3","837c2afffffffff",-0.733271056050173,12607.5705620407
"H3 res 3","838556fffffffff",-0.603711799591198,11102.4908388157
"H3 res 3","83705afffffffff",-1.18746749886874,12543.2369987641
"H3 res 3","8388c5fffffffff",-0.813762722456726,13472.5552480175
"H3 res 3","8372a6fffffffff",-0.451303250154896,14604.7248578978
"H3 res 3","838559fffffffff",-0.558719566967563,11369.0788837273
"H3 res 3","839322fffffffff",-0.981403396577231,12067.6607615743
"H3 res 3","8370e3fffffffff",-0.837670081961539,11935.4058428066
"H3 res 3","8368d6fffffffff",-0.688133297648763,12543.2369987642
"H3 res 3","8388c6fffffffff",-0.442521357282397,13642.7064027976
"H3 res 3","83778dfffffffff",0.0503580063967565,13081.3649417384
"H3 res 3","836ac2fffffffff",-0.148910546649483,13816.4691021092
"H3 res 3","838c82fffffffff",-0.567333567908102,13361.0759361564
"H3 res 3","837f4bfffffffff",-0.173379059187524,9371.54939683999
"H3 res 3","8380e4fffffffff",-0.382557024716445,14827.6541667337
"H3 res 3","836fa1fffffffff",-0.756052018021836,11010.2048283963
"H3 res 3","837786fffffffff",-0.691660794753465,13816.4691021093
"H3 res 3","837780fffffffff",-0.50388904177673,13650.8980814348
"H3 res 3","838cd6fffffffff",-0.93108350285881,13900.5138479734
"H3 res 3","836560fffffffff",-0.777032969126648,14183.9978362933
"H3 res 3","838681fffffffff",-0.383642152891442,13472.5552480175
"H3 res 3","8372a0fffffffff",-0.262595072328146,14687.6648078542
"H3 res 3","837815fffffffff",-0.343936636654094,12458.3059278962
"H3 res 3","837ca4fffffffff",-0.838765608966299,10857.3423806195
"H3 res 3","837a6bfffffffff",-0.436922837714522,13650.8980814345
"H3 res 3","836fb1fffffffff",-0.418973491834694,11154.9697778053
"H3 res 3","836fa2fffffffff",-0.853750698175457,11027.4108688079
"H3 res 3","838688fffffffff",0.12577116943422,13258.9289694327
"H3 res 3","837603fffffffff",-0.0891932680714907,11994.6201159792
"H3 res 3","83799dfffffffff",0.347634705153802,13282.385579131
"H3 res 3","838500fffffffff",0.265024367085279,10435.0346125382
"H3 res 3","838ac5fffffffff",-0.520675851556463,11997.1565436639
"H3 res 3","838ae8fffffffff",-0.346864062889442,12188.7920528825
"H3 res 3","838f32fffffffff",0.323122366929169,14227.7905490063
"H3 res 3","8368cbfffffffff",0.40398299893646,13841.5934237773
"H3 res 3","8372e2fffffffff",-0.0312641168912011,14715.4860343673
"H3 res 3","83616cfffffffff",0.224793856830799,11218.6749396687
"H3 res 3","837399fffffffff",0.452991227437641,14604.7248578976
"H3 res 3","836f1dfffffffff",-0.0281167423998706,10947.4971652546
"H3 res 3","8374aefffffffff",0.0402362077260256,8604.71748556102
"H3 res 3","837e1efffffffff",-0.315578626933718,8066.19399132801
"H3 res 3","83799efffffffff",-0.023753783705256,13424.5892963935
"H3 res 3","8386d4fffffffff",-0.44139815085014,12833.4290869398
"H3 res 3","838aeafffffffff",0.0843791966555711,11937.9232594466
"H3 res 3","8388c1fffffffff",0.277408310593018,13642.7064027974
"H3 res 3","836f71fffffffff",0.259065813240035,10456.0215370784
"H3 res 3","837a40fffffffff",0.380212476828773,13258.9289694325
"H3 res 3","8372e8fffffffff",0.535078811043951,14495.3460565039
"H3 res 3","838899fffffffff",0.685101527372998,13866.7939745305
"H3 res 3","838cdafffffffff",0.100673975344916,14262.9872081525
"H3 res 3","836ac0fffffffff",0.787993290333768,13650.8980814345
"H3 res 3","838c98fffffffff",1.03378022999846,13766.4478582009
"H3 res 3","837eb0fffffffff",0.45969564234128,9424.34251408265
"H3 res 3","837a4dfffffffff",0.555317101417372,13520.8074885748
"H3 res 3","8382aafffffffff",0.687868948825482,12027.7288198795
"H3 res 3","835f35fffffffff",0.998967083545129,13650.8980814345
"H3 res 3","838284fffffffff",0.58344973406589,12423.2004262333
"H3 res 3","836f94fffffffff",0.460162462078513,11381.1743881529
"H3 res 3","837b88fffffffff",0.640223577298403,11131.5948785927
"H3 res 3","837484fffffffff",0.0740722751859935,9031.84216033861
"H3 res 3","836889fffffffff",0.170953871700713,12437.222820827
"H3 res 3","83855dfffffffff",0.174978347442892,11149.1183891185
"H3 res 3","8372e0fffffffff",1.06593770311166,14752.7178534037
"H3 res 3","836575fffffffff",0.622097285648261,14369.4525927062
"H3 res 3","838572fffffffff",1.0345371179856,10648.1137316054
"H3 res 3","837e85fffffffff",1.38424070002773,8833.7734791045
"H3 res 3","8377aafffffffff",0.746684729861866,13456.5349052611
"H3 res 3","8388cdfffffffff",0.995788967886884,13577.4668068599
"H3 res 3","836a80fffffffff",1.18057768276154,13258.9289694326
"H3 res 3","836c8bfffffffff",0.962197490123576,12298.1753469625
"H3 res 3","836cedfffffffff",0.545877128972598,13716.727684586
"H3 res 3","839324fffffffff",0.526877682168909,12148.1906468133
"H3 res 3","837a43fffffffff",1.36073146733172,13142.6745591845
"H3 res 3","8370b3fffffffff",0.483045656872703,10059.0860615733
"H3 res 3","838543fffffffff",0.898966085786789,10924.8418040858
"H3 res 3","83889bfffffffff",1.42671442805457,13951.3505291041
"H3 res 3","835f36fffffffff",0.96788240299805,13951.3505291039
"H3 res 3","836f09fffffffff",0.599654239489753,10857.3423806194
"H3 res 3","837829fffffffff",0.728174332125739,11565.2124228229
"H3 res 3","836166fffffffff",1.03774572823526,11896.1997654097
"H3 res 3","8372a4fffffffff",0.643548657697017,14696.9288037588
"H3 res 3","838548fffffffff",1.28483744184329,10891.0049449742
"H3 res 3","837212fffffffff",1.02580819386886,14827.6541667335
"H3 res 3","837019fffffffff",1.6028650149155,11988.0165990211
"H3 res 3","8382b2fffffffff",1.38977810113146,12716.0226081528
"H3 res 3","837c6cfffffffff",1.69363577933817,13866.7939745306
"H3 res 3","83795afffffffff",1.41996995998585,11478.7155109317
"H3 res 3","837c84fffffffff",1.77079075773892,10503.5001589824
"H3 res 3","838adcfffffffff",1.64608538114398,12311.9632671295
"H3 res 3","83760cfffffffff",1.10299153522082,11703.3492799633
"H3 res 3","8372e1fffffffff",1.25396430514225,14687.664807854
"H3 res 3","83654cfffffffff",1.36963527646844,14333.8173853521
"H3 res 3","836529fffffffff",1.21021341308981,14387.3255987087
"H3 res 3","837643fffffffff",1.09234045637315,10249.2682692168
"H3 res 3","836c8afffffffff",1.60168642377707,12047.6672194215
"H3 res 3","836e24fffffffff",1.48598472921325,11261.1763575493
"H3 res 3","83742afffffffff",1.46330592246035,7890.78565169881
"H3 res 3","838505fffffffff",1.16287498863855,10249.2682692167
"H3 res 3","8388cefffffffff",1.37733999354313,13799.7617445431
"H3 res 3","836e34fffffffff",1.84387392164477,11565.2124228228
"H3 res 3","837982fffffffff",1.80556407827824,13642.7064027976
"H3 res 3","836541fffffffff",1.66671490127232,14423.1829521787
"H3 res 3","83869dfffffffff",1.50465179672921,13618.1804532108
"H3 res 3","8382f3fffffffff",1.76194493352232,11149.1183891185
"H3 res 3","836162fffffffff",1.79793327561282,11792.6927806787
"H3 res 3","837ef6fffffffff",1.79543988146251,8704.42299080731
"H3 res 3","8382cdfffffffff",1.9594895414201,10000.2473424273
"H3 res 3","8386dafffffffff",1.61150440147861,12395.2345492669
"H3 res 3","837210fffffffff",2.12796578296017,14884.2736768824
"H3 res 3","837553fffffffff",2.19075872906829,8378.12035696937
"H3 res 3","8372e4fffffffff",1.97693434256734,14827.6541667337
"H3 res 3","837219fffffffff",1.78818791348776,14865.3605306343
"H3 res 3","836c9dfffffffff",2.23197671889739,11810.893309381
"H3 res 3","835f2cfffffffff",2.17508933931043,12870.4895388715
"H3 res 3","835cd9fffffffff",1.79352733129381,14045.3596984807
"H3 res 3","83738efffffffff",2.45459190644486,14659.9311260004
"H3 res 3","837b92fffffffff",2.08257468453083,9779.92461852601
"H3 res 3","83612dfffffffff",1.90347033826301,12636.3399763594
"H3 res 3","835f21fffffffff",1.60520837148592,13096.6475984488
"H3 res 3","837c0afffffffff",2.01025543710934,12236.4469400909
"H3 res 3","836af6fffffffff",1.94233491864034,13376.9072615308
"H3 res 3","836522fffffffff",2.37653583799331,14210.2464603362
"H3 res 3","836ab0fffffffff",2.25211867318768,12781.8423892804
"H3 res 3","837544fffffffff",2.91819947465747,9089.79603980675
"H3 res 3","836ae2fffffffff",2.75181933396751,13282.3855791309
"H3 res 3","83721cfffffffff",2.51120977686695,14922.2204923094
"H3 res 3","8368a9fffffffff",2.91198730126983,12298.1753469627
"H3 res 3","83701dfffffffff",2.6578428536848,12067.6607615742
"H3 res 3","83668bfffffffff",2.57370978555872,13841.593423777
"H3 res 3","83854dfffffffff",2.18650986809791,10650.1978093222
"H3 res 3","83742efffffffff",2.24770474029283,7934.9980484502
"H3 res 3","837994fffffffff",2.54441352602691,13942.8562517612
"H3 res 3","8382c3fffffffff",2.74142201373999,10466.5413926989
"H3 res 3","836f9cfffffffff",2.5601145594922,11935.4058428067
"H3 res 3","8374b4fffffffff",2.12494424736039,9371.54939683988
"H3 res 3","8366f3fffffffff",2.78337678938286,13618.1804532107
"H3 res 3","83614dfffffffff",2.42422470729103,10765.0190438554
"H3 res 3","8368a6fffffffff",2.71084712397971,12870.4895388715
"H3 res 3","837405fffffffff",2.27475343779892,7725.51260446707
"H3 res 3","8382c2fffffffff",2.70768334535508,10691.6004844967
"H3 res 3","836f8cfffffffff",2.20283566460662,11792.6927806789
"H3 res 3","83759bfffffffff",2.58962834655933,9127.38018551599
"H3 res 3","836698fffffffff",3.47112441759477,13766.4478582008
"H3 res 3","835cc9fffffffff",2.91630985738769,14071.1819021306
"H3 res 3","837e90fffffffff",3.07954496948679,9742.4329747579
"H3 res 3","8368a0fffffffff",2.97948757704532,12679.6997279126
"H3 res 3","836299fffffffff",3.01775717757425,9415.50928851555
"H3 res 3","836504fffffffff",3.20062743851976,14360.5299603512
"H3 res 3","837550fffffffff",2.99113340219541,8441.2620285243
"H3 res 3","837388fffffffff",2.64978958514138,14752.7178534034
"H3 res 3","836c83fffffffff",3.25845156168912,11948.5224102805
"H3 res 3","835cc8fffffffff",3.28929052473427,14183.9978362933
"H3 res 3","837caafffffffff",2.88678361681012,10874.1519546149
"H3 res 3","83762efffffffff",2.81248100431986,12067.6607615743
"H3 res 3","837380fffffffff",3.15951815050218,14495.3460565039
"H3 res 3","837253fffffffff",2.53501069062191,14604.7248578979
"H3 res 3","836aa8fffffffff",2.96691870234894,13096.6475984488
"H3 res 3","836126fffffffff",3.09950963875665,13520.8074885747
"H3 res 3","836f53fffffffff",3.10938793439831,11369.0788837272
"H3 res 3","837073fffffffff",3.10927694084224,13012.9593183188
"H3 res 3","8380eefffffffff",2.56015513705922,14586.3997151128
"H3 res 3","83700dfffffffff",3.78992756088183,12716.0226081529
"H3 res 3","836ae1fffffffff",3.60676200899157,13096.6475984489
"H3 res 3","836531fffffffff",3.488335342743,14280.6399874515
"H3 res 3","838568fffffffff",3.57684236939113,10260.8110382615
"H3 res 3","83794efffffffff",3.46918782650999,11154.9697778054
"H3 res 3","83668afffffffff",3.24518409488776,13766.4478582008
"H3 res 3","83666bfffffffff",3.50824641908353,11818.4284451546
"H3 res 3","8366e1fffffffff",3.41108035493652,13096.647598449
"H3 res 3","837c83fffffffff",3.84932748399983,10356.9553786364
"H3 res 3","837b9bfffffffff",3.19324087818777,10403.6855757919
"H3 res 3","8380d5fffffffff",3.64213163223613,14468.2145242167
"H3 res 3","838adafffffffff",3.29256558669361,12395.2345492671
"H3 res 3","8366f1fffffffff",3.21923853293102,13456.5349052612
"H3 res 3","836f9efffffffff",3.01807497173046,12047.6672194217
"H3 res 3","837c91fffffffff",3.76035723619797,9922.68313055168
"H3 res 3","836290fffffffff",3.858927547969,9742.43297475769
"H3 res 3","837ae6fffffffff",3.78127224200338,11896.1997654097
"H3 res 3","836a1afffffffff",3.82601667772221,13005.3954960557
"H3 res 3","836aadfffffffff",3.87692646798483,12945.1477482072
"H3 res 3","837c81fffffffff",3.37230565415653,10615.6917407885
"H3 res 3","836650fffffffff",4.25150470996697,12679.6997279127
"H3 res 3","836641fffffffff",3.75601139051389,12134.7069063869
"H3 res 3","836f98fffffffff",3.58251138814321,12188.7920528826
"H3 res 3","837255fffffffff",4.54241482865423,14659.9311260001
"H3 res 3","837c8dfffffffff",4.50824585987149,10958.8542239028
"H3 res 3","8379b0fffffffff",4.40921331339796,14123.0642841479
"H3 res 3","83681afffffffff",3.95680756243757,12395.2345492669
"H3 res 3","836688fffffffff",3.68534407850309,13650.8980814345
"H3 res 3","836551fffffffff",4.21262541730368,14715.4860343672
"H3 res 3","836c46fffffffff",3.67195822406459,13472.5552480176
"H3 res 3","836f49fffffffff",4.3199658489816,10857.3423806194
"H3 res 3","837ed6fffffffff",4.01483509593208,9371.54939683971
"H3 res 3","837c50fffffffff",3.76449746242591,12679.6997279127
"H3 res 3","837c41fffffffff",3.90665398115063,13361.0759361564
"H3 res 3","836caafffffffff",4.1658834041935,12046.5394904387
"H3 res 3","837425fffffffff",3.76669562415935,8291.67957000013
"H3 res 3","836a58fffffffff",4.32593533850586,12781.8423892805
"H3 res 3","837208fffffffff",3.99272445564374,14884.2736768819
"H3 res 3","837662fffffffff",3.56594286892905,10790.5351308166
"H3 res 3","837ecafffffffff",4.17217330076902,9549.47260049636
"H3 res 3","8366f5fffffffff",4.31678532474773,13258.9289694328
"H3 res 3","836532fffffffff",4.88563425453376,14227.7905490064
"H3 res 3","837941fffffffff",4.51341670430904,11290.9775533282
"H3 res 3","83775bfffffffff",4.26913390721115,11219.6743376114
"H3 res 3","836ae5fffffffff",4.56653977686908,12900.2665058245
"H3 res 3","83668efffffffff",4.35166785360439,13569.3484157759
"H3 res 3","836994fffffffff",4.33509907776054,13942.8562517611
"H3 res 3","835fb4fffffffff",4.34149102981445,14262.9872081525
"H3 res 3","836e14fffffffff",4.34293480126143,12236.446940091
"H3 res 3","836509fffffffff",3.98115593909875,14696.9288037588
"H3 res 3","83669efffffffff",4.13623367285637,13650.8980814346
"H3 res 3","836693fffffffff",4.79629865126841,13520.8074885746
"H3 res 3","836172fffffffff",4.21329816892879,12318.866890669
"H3 res 3","837233fffffffff",4.14416231671927,14912.7186857805
"H3 res 3","837076fffffffff",4.53636788171393,12945.1477482074
"H3 res 3","83699dfffffffff",4.33023567670192,13282.3855791309
"H3 res 3","835c98fffffffff",4.72175520664939,14183.9978362932
"H3 res 3","837718fffffffff",4.0892597813785,13096.6475984489
"H3 res 3","838565fffffffff",4.7399144565785,9786.43949815804
"H3 res 3","83698afffffffff",4.59560091719004,13096.6475984488
"H3 res 3","837c53fffffffff",4.86766329295868,12564.6206178992
"H3 res 3","83610cfffffffff",4.83515623807119,12803.9085831813
"H3 res 3","837969fffffffff",5.32148090660694,11061.957685565
"H3 res 3","837508fffffffff",5.31642868352354,8755.00010780624
"H3 res 3","835898fffffffff",5.32160283976675,10010.013908146
"H3 res 3","837a84fffffffff",5.0829898294541,10503.5001589825
"H3 res 3","8358d9fffffffff",5.22386674960616,11218.6749396683
"H3 res 3","836645fffffffff",4.81278646093849,11948.5224102803
"H3 res 3","837c4efffffffff",5.02869613548422,13235.5413119973
"H3 res 3","8368ecfffffffff",4.99822996517819,13520.8074885749
"H3 res 3","8366f6fffffffff",4.5536547735044,13376.9072615309
"H3 res 3","83790bfffffffff",4.64621474598086,12543.2369987638
"H3 res 3","8373abfffffffff",4.65847254018043,14752.7178534036
"H3 res 3","837583fffffffff",4.9567308564355,8863.16065648003
"H3 res 3","836813fffffffff",4.55983324468616,12270.6765790144
"H3 res 3","8380cefffffffff",5.42983877709286,14280.6399874515
"H3 res 3","837575fffffffff",4.52666911989172,9241.70094472003
"H3 res 3","837c98fffffffff",5.33903648833706,10010.013908146
"H3 res 3","837032fffffffff",5.7259062536184,11583.8888548993
"H3 res 3","836644fffffffff",5.4665482735735,11994.6201159794
"H3 res 3","836286fffffffff",5.44622960054501,9267.42987545026
"H3 res 3","8358d8fffffffff",5.24775309644116,11057.7282733565
"H3 res 3","837c5dfffffffff",5.54609640345467,13012.9593183187
"H3 res 3","836e01fffffffff",5.55212260712559,12229.6201052596
"H3 res 3","83681cfffffffff",5.8421115345836,12311.9632671296
"H3 res 3","83646efffffffff",5.44899184443695,14333.817385352
"H3 res 3","8368edfffffffff",5.20834701280606,13716.7276845859
"H3 res 3","836a16fffffffff",5.80921978205224,12395.2345492669
"H3 res 3","8369b3fffffffff",5.44005726968688,13968.3649782325
"H3 res 3","8368e5fffffffff",5.6477275286074,13165.7892266986
"H3 res 3","8356cefffffffff",5.77129221948809,13799.7617445429
"H3 res 3","83751bfffffffff",5.23231806039969,8248.43374855425
"H3 res 3","837af0fffffffff",5.49401414546145,11381.174388153
"H3 res 3","836463fffffffff",5.76188364103458,14468.2145242168
"H3 res 3","837665fffffffff",5.51539182902045,10594.1683679145
"H3 res 3","836681fffffffff",5.44715951032918,13361.0759361563
"H3 res 3","836514fffffffff",5.7202886526342,14369.4525927061
"H3 res 3","836e13fffffffff",6.44268628870591,12716.0226081526
"H3 res 3","8358dcfffffffff",6.1100710652485,11154.9697778054
"H3 res 3","835f44fffffffff",6.53024131671243,11678.0295825857
"H3 res 3","836061fffffffff",5.60153589486104,10435.0346125382
"H3 res 3","837aebfffffffff",5.87780527763769,12047.6672194216
"H3 res 3","836103fffffffff",6.24536331851559,13142.6745591844
"H3 res 3","83680afffffffff",6.27978661061595,12781.8423892805
"H3 res 3","835c91fffffffff",6.2058639832376,14210.246460336
"H3 res 3","8358d0fffffffff",6.13143253005479,10891.0049449742
"H3 res 3","8380cdfffffffff",5.46189440201089,14227.7905490063
"H3 res 3","836a10fffffffff",5.76608572718165,12479.4486622824
"H3 res 3","836150fffffffff",5.72475448893938,12047.6672194218
"H3 res 3","837a8cfffffffff",6.15981246476512,10790.5351308164
"H3 res 3","835b75fffffffff",6.48584096047522,10218.8428647518
"H3 res 3","837af3fffffffff",6.41412418245818,11273.0810882396
"H3 res 3","835891fffffffff",6.14728389504409,9922.68313055163
"H3 res 3","836cb2fffffffff",6.03214161061128,12716.0226081527
"H3 res 3","836516fffffffff",6.83854040855655,14387.3255987087
"H3 res 3","83606efffffffff",6.30421256465877,10269.6358458853
"H3 res 3","837031fffffffff",6.15956358158873,12027.7288198794
"H3 res 3","836670fffffffff",6.77387204816855,12047.6672194216
"H3 res 3","837cc6fffffffff",6.24655944049647,11417.5898791532
"H3 res 3","837742fffffffff",6.85680310734831,11678.0295825856
"H3 res 3","8373a1fffffffff",6.25384432846307,14495.3460565036
"H3 res 3","836d5bfffffffff",6.93494252988075,12892.81150843
"H3 res 3","83726afffffffff",7.06229122967388,14280.6399874518
"H3 res 3","836b96fffffffff",6.04126809490133,11582.8368395136
"H3 res 3","835fb3fffffffff",6.62477543356462,13968.3649782325
"H3 res 3","8380cafffffffff",6.57171356269997,14123.064284148
"H3 res 3","8375adfffffffff",6.28134902151237,8704.42299080727
"H3 res 3","836815fffffffff",6.42583045143262,12458.3059278964
"H3 res 3","837c8bfffffffff",6.02164394848867,10594.1683679143
"H3 res 3","837accfffffffff",6.73299551440426,11792.6927806787
"H3 res 3","8362b1fffffffff",6.31564996589124,9228.88108629862
"H3 res 3","836a49fffffffff",5.94998564196336,12148.1906468133
"H3 res 3","835f46fffffffff",7.08522868410496,11811.9857600191
"H3 res 3","836e70fffffffff",6.73073229741074,12047.6672194215
"H3 res 3","836808fffffffff",7.34307967735376,12833.42908694
"H3 res 3","8371b3fffffffff",7.46859960209322,10234.0367238617
"H3 res 3","836115fffffffff",6.89278392405603,13569.348415776
"H3 res 3","837274fffffffff",7.29193822180081,14771.392672885
"H3 res 3","8375a3fffffffff",7.03197580729023,9228.88108629858
"H3 res 3","836429fffffffff",7.00579002653126,14837.0658036214
"H3 res 3","835c8cfffffffff",7.03171750147563,14586.3997151127
"H3 res 3","835cf0fffffffff",7.06318633864386,14687.6648078541
"H3 res 3","835b04fffffffff",7.07304442296722,10178.5091611141
"H3 res 3","837ad5fffffffff",7.3275500847801,11154.9697778053
"H3 res 3","837733fffffffff",6.62885674659869,13675.5223643173
"H3 res 3","835b62fffffffff",6.51619884224583,10234.0367238617
"H3 res 3","836a73fffffffff",7.21338182646339,12256.9655973028
"H3 res 3","836519fffffffff",6.53733488076284,14799.478866177
"H3 res 3","83660efffffffff",7.29002896165714,12458.3059278963
"H3 res 3","836685fffffffff",6.53101871380748,13142.6745591844
"H3 res 3","8358d5fffffffff",6.98614841396611,11154.9697778054
"H3 res 3","836e1efffffffff",7.01830271879769,12781.8423892806
"H3 res 3","837cc2fffffffff",7.30335249460872,11290.9775533282
"H3 res 3","835c4bfffffffff",7.37965527847275,14019.6163675265
"H3 res 3","836c28fffffffff",7.73860086786001,12479.4486622823
"H3 res 3","836806fffffffff",7.48378719067613,12423.2004262334
"H3 res 3","837035fffffffff",7.22030802328672,12047.6672194216
"H3 res 3","8369a3fffffffff",7.91259136300484,13799.7617445428
"H3 res 3","8358f2fffffffff",7.85557669489857,11119.9380221118
"H3 res 3","83722cfffffffff",7.84110960021635,14865.3605306346
"H3 res 3","835b06fffffffff",7.85101291602841,10356.9553786363
"H3 res 3","837ac2fffffffff",7.41201306280879,11290.9775533281
"H3 res 3","836b86fffffffff",7.76071798376131,12134.7069063867
"H3 res 3","836426fffffffff",7.37739576039909,14865.3605306343
"H3 res 3","836855fffffffff",8.01812416547622,13456.534905261
"H3 res 3","836071fffffffff",7.98415386398769,10874.1519546149
"H3 res 3","8356d6fffffffff",7.61800140261704,13900.5138479735
"H3 res 3","836428fffffffff",7.31282602498054,14884.2736768823
"H3 res 3","835880fffffffff",7.82860350456964,10435.0346125381
"H3 res 3","8358c6fffffffff",7.85398782322576,11417.5898791533
"H3 res 3","83726bfffffffff",7.22463683153025,14123.064284148
"H3 res 3","835ce2fffffffff",7.45497887585293,14715.4860343671
"H3 res 3","836c06fffffffff",8.06878270924017,12423.2004262333
"H3 res 3","836441fffffffff",7.38784436835123,14360.5299603513
"H3 res 3","83642afffffffff",8.45254671803135,14922.2204923098
"H3 res 3","8366b2fffffffff",8.03905017657226,12870.4895388716
"H3 res 3","8365adfffffffff",8.24551347218695,14696.9288037588
"H3 res 3","837776fffffffff",8.37093599186174,12437.2228208269
"H3 res 3","8356e8fffffffff",7.93598445093006,13258.9289694327
"H3 res 3","83564afffffffff",8.24291938370352,12479.4486622821
"H3 res 3","837addfffffffff",8.4042679262451,11273.0810882396
"H3 res 3","837734fffffffff",8.44782175461172,13841.5934237772
"H3 res 3","8369a2fffffffff",7.65117332588626,13968.3649782322
"H3 res 3","8358ccfffffffff",7.831192266437,11792.6927806788
"H3 res 3","837731fffffffff",7.68695746248603,13569.3484157757
"H3 res 3","83714afffffffff",7.59497531377773,13766.4478582008
"H3 res 3","837020fffffffff",7.67282273853125,12479.4486622821
"H3 res 3","835cb3fffffffff",8.46790929399132,14333.8173853518
"H3 res 3","835e36fffffffff",8.86100090392453,13050.8886371954
"H3 res 3","836611fffffffff",8.18956907162137,12550.3581288189
"H3 res 3","836c14fffffffff",8.22729409796005,12679.6997279127
"H3 res 3","836831fffffffff",8.3085092390303,12607.5705620407
"H3 res 3","83774cfffffffff",8.07797194150693,11027.410868808
"H3 res 3","837225fffffffff",8.56238622848849,14837.0658036217
"H3 res 3","836629fffffffff",8.45970409454046,11831.3313981275
"H3 res 3","835b4dfffffffff",8.22785494514186,10650.1978093222
"H3 res 3","8365a1fffffffff",8.80317529249641,14495.3460565039
"H3 res 3","83674bfffffffff",8.2797095015832,11102.4908388156
"H3 res 3","835649fffffffff",8.13181304901622,12148.1906468133
"H3 res 3","837906fffffffff",8.03469597035386,13472.5552480175
"H3 res 3","836473fffffffff",8.3454114891614,14715.4860343671
"H3 res 3","83639bfffffffff",8.04443188315083,9127.38018551601
"H3 res 3","835c84fffffffff",8.89778152967598,14549.8641749815
"H3 res 3","83662bfffffffff",8.07663294555436,12047.6672194216
"H3 res 3","8354c3fffffffff",8.79206818478083,10466.5413926988
"H3 res 3","837ccdfffffffff",8.60794424075523,11896.1997654097
"H3 res 3","835ca9fffffffff",8.58433277646012,14771.3926728852
"H3 res 3","835b40fffffffff",8.15761269354769,10697.05713828
"H3 res 3","837770fffffffff",8.49448217169132,12188.7920528826
"H3 res 3","834f65fffffffff",9.36026379882884,13900.5138479734
"H3 res 3","835f52fffffffff",8.76130933261023,12148.1906468133
"H3 res 3","835f4dfffffffff",9.07069508012247,10765.0190438552
"H3 res 3","836843fffffffff",8.46484568936428,13816.469102109
"H3 res 3","835c4dfffffffff",9.25088313712428,14045.3596984807
"H3 res 3","835cb1fffffffff",9.25269545397792,14468.2145242167
"H3 res 3","836babfffffffff",8.5625373182138,12479.4486622822
"H3 res 3","837904fffffffff",8.74970466788401,13361.0759361562
"H3 res 3","837932fffffffff",8.8446983217205,13866.7939745305
"H3 res 3","8371a3fffffffff",8.67154329204363,10913.5434070625
"H3 res 3","836bb6fffffffff",8.70494271399843,12148.1906468133
"H3 res 3","836e42fffffffff",9.40036232356426,12423.2004262334
"H3 res 3","835b08fffffffff",8.82525808020296,10812.7279205124
"H3 res 3","837923fffffffff",9.45845998328913,13235.5413119974
"H3 res 3","8358eafffffffff",8.72614810825108,11935.4058428066
"H3 res 3","8369adfffffffff",9.50583612069595,13376.9072615308
"H3 res 3","83645dfffffffff",9.32597933529832,14333.8173853521
"H3 res 3","837261fffffffff",8.89347105723229,14369.4525927064
"H3 res 3","836022fffffffff",9.29450873165562,12550.3581288188
"H3 res 3","836c32fffffffff",9.30207577559796,12870.4895388713
"H3 res 3","837142fffffffff",9.36703889736462,13472.5552480177
"H3 res 3","83711efffffffff",9.63047819162548,11818.4284451546
"H3 res 3","8356e1fffffffff",9.63268025771047,13096.6475984489
"H3 res 3","835643fffffffff",9.91795882570056,12374.3289180598
"H3 res 3","8358aefffffffff",9.56449887783623,10947.4971652546
"H3 res 3","835f53fffffffff",9.27069949681762,11896.1997654096
"H3 res 3","837356fffffffff",9.66129196006009,14771.3926728848
"H3 res 3","836ee6fffffffff",9.25186314464914,13081.3649417381
"H3 res 3","836431fffffffff",9.3559094429154,14922.2204923097
"H3 res 3","83564cfffffffff",9.79741543761084,12067.6607615743
"H3 res 3","83675dfffffffff",9.5656896430683,11149.1183891186
"H3 res 3","836848fffffffff",8.90603985298618,14123.0642841479
"H3 res 3","837314fffffffff",9.33917102515219,14369.4525927065
"H3 res 3","836391fffffffff",9.86912124992119,9177.19702342608
"H3 res 3","837930fffffffff",9.5695434622854,13766.4478582009
"H3 res 3","837ad8fffffffff",9.21981314203649,11057.7282733566
"H3 res 3","836112fffffffff",9.12277056605275,13716.7276845861
"H3 res 3","8371a6fffffffff",9.95707835975217,10650.1978093223
"H3 res 3","836828fffffffff",10.0604626832257,12479.4486622821
"H3 res 3","83710afffffffff",9.82298271390817,12479.448662282
"H3 res 3","835b4afffffffff",9.86689557619249,11131.5948785926
"H3 res 3","834f61fffffffff",10.2735097621992,13942.856251761
"H3 res 3","836004fffffffff",10.0368907185146,12374.3289180597
"H3 res 3","836408fffffffff",10.11635452454,14884.2736768822
"H3 res 3","8354c5fffffffff",10.1009225823299,10691.6004844964
"H3 res 3","83634bfffffffff",9.6819745937299,9371.54939684005
"H3 res 3","835f8afffffffff",10.529219869775,13096.6475984489
"H3 res 3","83529efffffffff",10.4156607267435,11818.4284451545
"H3 res 3","837155fffffffff",9.68600462489058,13290.2198209552
"H3 res 3","836d9efffffffff",9.75100124666682,13424.589296393
"H3 res 3","835c19fffffffff",9.75889150271465,14865.3605306344
"H3 res 3","835cadfffffffff",9.73524889878201,14827.6541667335
"H3 res 3","836871fffffffff",9.9446957769015,13290.2198209555
"H3 res 3","836ee1fffffffff",10.4026288117785,13096.647598449
"H3 res 3","837935fffffffff",10.2883235684986,13650.8980814344
"H3 res 3","837cdbfffffffff",10.359775434149,11261.1763575494
"H3 res 3","837303fffffffff",9.96823874211301,14613.9018215317
"H3 res 3","836d50fffffffff",10.2621255271252,12102.8857679006
"H3 res 3","835292fffffffff",10.5863118949071,12148.1906468134
"H3 res 3","837adbfffffffff",10.1400111407216,11261.1763575495
"H3 res 3","835293fffffffff",10.5024205116235,11988.0165990211
"H3 res 3","835641fffffffff",10.3922649292195,12134.7069063867
"H3 res 3","836623fffffffff",10.389346934084,11754.2639975364
"H3 res 3","83599bfffffffff",10.3347842343194,10403.6855757919
"H3 res 3","835122fffffffff",10.2636641178986,12067.6607615743
"H3 res 3","836ba6fffffffff",10.4980336881222,12716.0226081528
"H3 res 3","83599afffffffff",10.2986403206213,10193.6031595261
"H3 res 3","835b59fffffffff",10.7031171248075,11369.0788837273
"H3 res 3","837309fffffffff",10.5653443549198,14696.9288037588
"H3 res 3","836c34fffffffff",10.8440121843745,13005.3954960556
"H3 res 3","83735cfffffffff",10.2136432161846,14659.9311260004
"H3 res 3","837926fffffffff",11.0003617969903,13520.8074885746
"H3 res 3","836383fffffffff",10.4951677909767,8863.16065647983
"H3 res 3","836b1bfffffffff",10.3219930202709,12892.8115084299
"H3 res 3","8365b5fffffffff",10.4521129661324,14183.9978362933
"H3 res 3","83581bfffffffff",10.5084930952154,11735.127795795
"H3 res 3","836e4efffffffff",10.4960654883225,12311.9632671294
"H3 res 3","837934fffffffff",10.7044293007782,13841.5934237772
"H3 res 3","8361aefffffffff",11.0197710820987,13618.1804532109
"H3 res 3","836620fffffffff",11.3950347963434,11509.4831421644
"H3 res 3","835682fffffffff",11.0432053746381,13361.0759361564
"H3 res 3","837308fffffffff",10.3703331531283,14687.6648078542
"H3 res 3","836e88fffffffff",10.7068514706305,13650.8980814344
"H3 res 3","836003fffffffff",11.4939558939607,11994.6201159793
"H3 res 3","8358a4fffffffff",11.25645632334,10857.3423806195
"H3 res 3","835690fffffffff",11.0684671650266,13313.7688104585
"H3 res 3","835b1bfffffffff",11.277624426752,11387.2301847979
"H3 res 3","8356a9fffffffff",11.4680230955357,13165.7892266984
"H3 res 3","835e29fffffffff",11.3808621915359,11565.2124228227
"H3 res 3","836432fffffffff",10.7845281872789,14865.3605306345
"H3 res 3","836403fffffffff",10.7346236937222,14941.2544005889
"H3 res 3","837300fffffffff",10.858025485908,14495.3460565035
"H3 res 3","835ca6fffffffff",11.1834736972168,14604.7248578978
"H3 res 3","8352d0fffffffff",10.7625327056546,10891.0049449742
"H3 res 3","835131fffffffff",10.9261903877325,11889.6862842436
"H3 res 3","835123fffffffff",10.6870157816636,12311.9632671296
"H3 res 3","836821fffffffff",10.6385624206734,12239.0699348065
"H3 res 3","83566efffffffff",11.8985391770309,11810.893309381
"H3 res 3","836053fffffffff",11.4467158780564,10610.3040699103
"H3 res 3","835a2cfffffffff",11.4576728783918,11583.8888548996
"H3 res 3","835bb5fffffffff",11.6984484751618,10906.955087575
"H3 res 3","83561bfffffffff",11.3958364526655,13050.8886371953
"H3 res 3","83561afffffffff",11.9755610915844,13005.3954960555
"H3 res 3","835d9bfffffffff",11.5321844959708,14504.4087475606
"H3 res 3","836415fffffffff",11.3361931057905,14922.2204923098
"H3 res 3","837348fffffffff",11.6358255901976,14369.4525927064
"H3 res 3","8358e4fffffffff",11.4335998520027,12148.1906468133
"H3 res 3","83605bfffffffff",11.3917853052666,9913.05810762521
"H3 res 3","836d90fffffffff",11.4814583921714,13766.4478582006
"H3 res 3","835e00fffffffff",11.5097755271996,12188.7920528827
"H3 res 3","835654fffffffff",11.6962541691235,12479.4486622822
"H3 res 3","83622efffffffff",11.1366578466823,7934.99804845
"H3 res 3","836ec6fffffffff",11.9798355644188,13642.7064027976
"H3 res 3","835296fffffffff",11.5400158743753,12395.234549267
"H3 res 3","8360e5fffffffff",12.1744425147193,11102.4908388158
"H3 res 3","835d99fffffffff",12.327184711225,14604.7248578977
"H3 res 3","837115fffffffff",11.7326699252988,11754.2639975362
"H3 res 3","835a6cfffffffff",11.6141078246158,11454.1999622938
"H3 res 3","836952fffffffff",11.6811288100583,12167.3134167341
"H3 res 3","836352fffffffff",12.4059864456041,8248.43374855421
"H3 res 3","8356a8fffffffff",12.0423242298872,13096.6475984488
"H3 res 3","83566cfffffffff",12.3161945022977,11896.1997654097
"H3 res 3","837162fffffffff",12.3768340456517,13618.1804532107
"H3 res 3","837373fffffffff",11.8455149868772,14586.3997151132
"H3 res 3","837331fffffffff",11.5269416194843,14280.6399874517
"H3 res 3","835810fffffffff",12.2339667583921,11509.4831421644
"H3 res 3","8360edfffffffff",12.1183178219502,10403.6855757919
"H3 res 3","835133fffffffff",11.5577454235133,11810.893309381
"H3 res 3","836861fffffffff",12.333457453144,13424.5892963931
"H3 res 3","836d72fffffffff",12.3927505401159,12318.8668906692
"H3 res 3","837100fffffffff",12.2465539564494,12188.7920528826
"H3 res 3","836452fffffffff",11.4435608530985,14696.9288037589
"H3 res 3","837163fffffffff",12.0627305737088,13799.7617445429
"H3 res 3","835e16fffffffff",11.593033265622,12694.2081059087
"H3 res 3","835ca4fffffffff",11.9760021923088,14696.9288037585
"H3 res 3","836773fffffffff",12.7984590288937,10675.2583243558
"H3 res 3","835455fffffffff",12.4837386551596,10757.387971504
"H3 res 3","8364e4fffffffff",12.0843527702871,14827.6541667336
"H3 res 3","837174fffffffff",12.983129888723,13219.9877071725
"H3 res 3","837175fffffffff",12.6836951263096,13424.589296393
"H3 res 3","835a74fffffffff",12.4070685447413,11831.3313981275
"H3 res 3","8363b6fffffffff",12.6729568717927,9980.76178584593
"H3 res 3","835ea5fffffffff",12.1438492307241,12694.2081059089
"H3 res 3","835116fffffffff",12.6487893279285,12298.1753469626
"H3 res 3","835816fffffffff",12.1975021814944,11308.9214169731
"H3 res 3","835a28fffffffff",12.3445763101263,11818.4284451546
"H3 res 3","834f71fffffffff",12.5096447269497,13456.5349052609
"H3 res 3","836b4efffffffff",12.6741992591122,12915.1980700103
"H3 res 3","835a23fffffffff",12.2640553137956,11754.2639975364
"H3 res 3","837340fffffffff",12.2063584041272,14495.3460565038
"H3 res 3","836d94fffffffff",12.6035941748302,13942.8562517609
"H3 res 3","835851fffffffff",12.3821283031512,12803.9085831813
"H3 res 3","836189fffffffff",12.9382402874459,12892.8115084299
"H3 res 3","836dadfffffffff",12.5857094609532,13376.9072615308
"H3 res 3","83658bfffffffff",13.0487105409359,14771.3926728848
"H3 res 3","836d0dfffffffff",13.0474422551148,12564.6206178991
"H3 res 3","835a71fffffffff",13.3224196546914,12027.7288198798
"H3 res 3","835a30fffffffff",13.0109383715838,11818.4284451548
"H3 res 3","836772fffffffff",13.4238501469487,10648.1137316054
"H3 res 3","836d75fffffffff",13.2212845964177,12047.6672194216
"H3 res 3","8351b4fffffffff",13.2078482009534,13165.7892266983
"H3 res 3","835982fffffffff",12.8601764256669,10466.5413926989
"H3 res 3","83631bfffffffff",13.1296996063597,8248.43374855463
"H3 res 3","83695cfffffffff",13.2316187769059,12458.3059278961
"H3 res 3","836780fffffffff",13.3672944232138,11552.789328556
"H3 res 3","835a45fffffffff",13.3509081511828,11948.5224102799
"H3 res 3","8367abfffffffff",12.5274506335759,11640.2208135262
"H3 res 3","8354abfffffffff",13.1261504773183,11818.4284451546
"H3 res 3","83686dfffffffff",12.8034437175599,13716.727684586
"H3 res 3","835456fffffffff",12.7540231580885,11061.957685565
"H3 res 3","835843fffffffff",13.3209818292489,13142.6745591845
"H3 res 3","83694afffffffff",13.7383726818046,12833.4290869399
"H3 res 3","8361b3fffffffff",13.9613924146301,13968.3649782325
"H3 res 3","836181fffffffff",12.9043275250151,13472.5552480176
"H3 res 3","8352b2fffffffff",13.3900114222875,12716.0226081529
"H3 res 3","836933fffffffff",13.1424653492123,13675.5223643174
"H3 res 3","835454fffffffff",13.1076046896285,11010.2048283962
"H3 res 3","835c06fffffffff",13.611721445997,14941.2544005886
"H3 res 3","834f4cfffffffff",13.0091243202605,13968.3649782325
"H3 res 3","836582fffffffff",13.0117378099542,14423.1829521786
"H3 res 3","836010fffffffff",13.3064673886984,12479.4486622822
"H3 res 3","834f01fffffffff",13.9755762356735,12423.2004262331
"H3 res 3","835ea2fffffffff",13.2335570099977,12650.7657365238
"H3 res 3","835492fffffffff",13.3329492037694,12148.1906468133
"H3 res 3","835a36fffffffff",12.9508046112147,11735.1277957949
"H3 res 3","835171fffffffff",13.9637115115637,13456.534905261
"H3 res 3","836b0efffffffff",13.1206342015858,13456.5349052612
"H3 res 3","836951fffffffff",12.9754440096853,12256.9655973027
"H3 res 3","835c75fffffffff",13.1844941511004,14687.6648078541
"H3 res 3","834920fffffffff",13.4704446143204,14123.0642841479
"H3 res 3","836776fffffffff",14.3737963493706,10403.685575792
"H3 res 3","836904fffffffff",14.4483781028353,13361.0759361565
"H3 res 3","8359b6fffffffff",14.1462895675625,10331.145090512
"H3 res 3","834f55fffffffff",14.4476929569598,13290.2198209555
"H3 res 3","836db2fffffffff",13.734841420991,14105.734783516
"H3 res 3","835b8cfffffffff",13.7271417139576,11792.6927806788
"H3 res 3","835496fffffffff",14.3636739538234,12395.234549267
"H3 res 3","835c65fffffffff",14.2543769246715,14387.3255987086
"H3 res 3","8351a0fffffffff",13.7572311298054,12781.8423892804
"H3 res 3","835601fffffffff",14.500167759538,12248.957517912
"H3 res 3","8351b5fffffffff",13.7654019365038,13096.6475984489
"H3 res 3","835d8efffffffff",14.268246929672,14659.9311260002
"H3 res 3","835981fffffffff",13.8294780586464,10924.841804086
"H3 res 3","835b86fffffffff",13.4909032158931,11417.5898791531
"H3 res 3","835b94fffffffff",14.2237882692001,11381.1743881531
"H3 res 3","836013fffffffff",14.0260228641967,12270.6765790144
"H3 res 3","836594fffffffff",13.5193209603855,14123.0642841479
"H3 res 3","836d12fffffffff",14.3564750893821,13716.7276845862
"H3 res 3","835485fffffffff",14.3717389512011,12229.6201052595
"H3 res 3","834f46fffffffff",13.4180129764559,13472.5552480174
"H3 res 3","834a9cfffffffff",14.9547361996702,13569.348415776
"H3 res 3","835145fffffffff",14.8363124433661,13816.4691021092
"H3 res 3","8354adfffffffff",14.5318259512475,12054.3255959833
"H3 res 3","8352b0fffffffff",14.2757765432587,12781.8423892805
"H3 res 3","8364f4fffffffff",14.6740260318002,14771.3926728849
"H3 res 3","83736efffffffff",14.3509482421087,14210.246460336
"H3 res 3","8359aafffffffff",14.7536588121616,11154.9697778054
"H3 res 3","834f43fffffffff",14.1952474612301,13642.7064027975
"H3 res 3","837369fffffffff",14.6706205101574,14019.6163675266
"H3 res 3","836794fffffffff",14.1698903332243,11381.1743881533
"H3 res 3","83618afffffffff",14.4069268290266,13096.6475984488
"H3 res 3","836940fffffffff",15.0732070325305,12188.7920528826
"H3 res 3","835c05fffffffff",14.0093787090649,14941.2544005888
"H3 res 3","837363fffffffff",14.1813440353752,14280.6399874517
"H3 res 3","83670cfffffffff",14.6612585724204,10562.0193783466
"H3 res 3","835b89fffffffff",14.7202461094358,12148.1906468132
"H3 res 3","834adbfffffffff",14.7110589976545,14254.1744505571
"H3 res 3","835a03fffffffff",14.9520559337613,12423.2004262334
"H3 res 3","837122fffffffff",14.3645078936425,12067.6607615742
"H3 res 3","8364a1fffffffff",14.7369269157206,14752.7178534037
"H3 res 3","836713fffffffff",14.8481182099126,10958.8542239028
"H3 res 3","836703fffffffff",14.9367940179445,10691.6004844964
"H3 res 3","83619cfffffffff",15.1352418846076,13456.5349052612
"H3 res 3","835109fffffffff",14.8854300106348,12892.81150843
"H3 res 3","8346cafffffffff",15.3996599111392,13650.8980814343
"H3 res 3","834f4afffffffff",14.9634809049676,13766.4478582009
"H3 res 3","8356a5fffffffff",14.7406286303506,12543.2369987642
"H3 res 3","836935fffffffff",15.084354114989,13650.8980814344
"H3 res 3","835e41fffffffff",15.226843945186,10178.5091611142
"H3 res 3","836360fffffffff",15.3102912257807,9368.3542487034
"H3 res 3","8360a5fffffffff",14.7711710514619,12694.2081059087
"H3 res 3","835d82fffffffff",14.9471535843128,14423.1829521785
"H3 res 3","8352a3fffffffff",14.9339536095527,12458.3059278964
"H3 res 3","834931fffffffff",14.5017533644838,14280.6399874516
"H3 res 3","835e55fffffffff",14.9157709040963,10757.3879715039
"H3 res 3","835e1afffffffff",14.7126132614035,11831.3313981276
"H3 res 3","835984fffffffff",14.6134616365211,10691.6004844964
"H3 res 3","836712fffffffff",15.447347639954,10857.3423806195
"H3 res 3","835173fffffffff",14.653259718299,13282.3855791306
"H3 res 3","834f1cfffffffff",15.9438507815081,12046.5394904387
"H3 res 3","836376fffffffff",15.3207779143381,9127.38018551595
"H3 res 3","835119fffffffff",15.7460171663228,12270.6765790142
"H3 res 3","835474fffffffff",15.4322308586812,11308.9214169729
"H3 res 3","835b91fffffffff",15.2442586335441,11792.6927806787
"H3 res 3","83469bfffffffff",15.6602408824921,11735.127795795
"H3 res 3","8364a3fffffffff",15.8623232997497,14659.9311260001
"H3 res 3","835615fffffffff",15.1614875624792,12311.9632671294
"H3 res 3","835e56fffffffff",15.0217738267075,11061.9576855651
"H3 res 3","8351aefffffffff",15.3983766160116,12803.9085831812
"H3 res 3","836190fffffffff",15.8545854346109,13766.4478582007
"H3 res 3","8364a8fffffffff",15.2812537874121,14752.7178534036
"H3 res 3","836b28fffffffff",15.9912800109441,13942.8562517609
"H3 res 3","834a82fffffffff",15.7862834658001,13361.0759361564
"H3 res 3","834914fffffffff",15.5194034104296,14369.4525927062
"H3 res 3","836b36fffffffff",15.2077234063398,13716.727684586
"H3 res 3","8346d2fffffffff",15.7118210130024,12636.3399763592
"H3 res 3","834a94fffffffff",15.3000714235634,13096.6475984488
"H3 res 3","836d2dfffffffff",15.6397710314122,12636.3399763595
"H3 res 3","834ad9fffffffff",15.778840397902,14105.7347835162
"H3 res 3","835e43fffffffff",15.7838440507843,10249.2682692169
"H3 res 3","835412fffffffff",16.2097555323824,12486.5095317397
"H3 res 3","835daafffffffff",16.210151715177,14659.9311260001
"H3 res 3","83542afffffffff",16.403063583651,11889.6862842436
"H3 res 3","835e90fffffffff",15.8727711585938,12236.446940091
"H3 res 3","835d80fffffffff",15.7499954408407,14495.3460565036
"H3 res 3","835a10fffffffff",15.7213519429943,12479.4486622821
"H3 res 3","8354b1fffffffff",15.6312136201284,12607.5705620407
"H3 res 3","83416dfffffffff",16.0842030633872,14254.174450557
"H3 res 3","83736dfffffffff",15.568714458999,13951.3505291039
"H3 res 3","835e92fffffffff",16.38641606467,12148.1906468134
"H3 res 3","836edafffffffff",15.9204795150247,14262.9872081525
"H3 res 3","835429fffffffff",16.091919320142,11565.2124228228
"H3 res 3","83619efffffffff",16.2487500072511,13424.5892963931
"H3 res 3","836d05fffffffff",15.4780052462859,13142.6745591845
"H3 res 3","835218fffffffff",16.2488302218442,11818.4284451545
"H3 res 3","83659afffffffff",15.8297929049215,14387.3255987086
"H3 res 3","834f19fffffffff",16.7567660903141,12270.6765790144
"H3 res 3","834160fffffffff",16.7990504743044,13766.4478582007
"H3 res 3","835143fffffffff",16.672748843824,13642.7064027975
"H3 res 3","8364cafffffffff",16.9076205281868,14123.0642841478
"H3 res 3","8349a6fffffffff",16.3447185612304,14227.7905490063
"H3 res 3","836193fffffffff",16.6125107703539,13577.4668068597
"H3 res 3","835251fffffffff",16.2732713215664,10562.0193783468
"H3 res 3","835c26fffffffff",16.7054247815291,14865.3605306342
"H3 res 3","8346cefffffffff",16.5044446429299,13569.3484157757
"H3 res 3","836b2dfffffffff",16.9430857687637,14071.1819021306
"H3 res 3","835212fffffffff",16.6722765351732,12486.5095317397
"H3 res 3","836300fffffffff",16.1312087852068,9064.88299179428
"H3 res 3","8354b0fffffffff",16.2646133335094,12781.8423892806
"H3 res 3","83672efffffffff",16.5223861972982,10059.0860615733
"H3 res 3","83692dfffffffff",16.9665504972186,12636.3399763594
"H3 res 3","837364fffffffff",15.9598724059167,14071.1819021305
"H3 res 3","837365fffffffff",16.1340246966492,14019.6163675266
"H3 res 3","835db3fffffffff",16.4026359142784,14210.246460336
"H3 res 3","8367a5fffffffff",16.039129213779,10746.376610933
"H3 res 3","833e9afffffffff",17.1597619006044,14019.6163675263
"H3 res 3","83591efffffffff",17.5971247017073,11818.4284451547
"H3 res 3","835150fffffffff",16.4558670322193,13096.647598449
"H3 res 3","835788fffffffff",16.8162958335544,12102.8857679006
"H3 res 3","836704fffffffff",16.8023295589295,10178.5091611141
"H3 res 3","83578dfffffffff",17.3178319855143,12270.6765790143
"H3 res 3","83554efffffffff",17.4222239752305,11154.9697778054
"H3 res 3","836192fffffffff",16.9729565701977,13716.7276845862
"H3 res 3","834161fffffffff",16.5689789916292,13942.8562517611
"H3 res 3","83468bfffffffff",17.0307063286175,12298.1753469627
"H3 res 3","835d1afffffffff",17.4423839170938,14771.3926728846
"H3 res 3","835aa0fffffffff",17.4077529726623,12679.6997279124
"H3 res 3","834693fffffffff",16.9266582634678,11988.0165990209
"H3 res 3","833edafffffffff",16.8820933011755,14019.6163675264
"H3 res 3","835e49fffffffff",17.0083199172681,9491.03429718977
"H3 res 3","8360f2fffffffff",16.7917358769059,11369.0788837274
"H3 res 3","835255fffffffff",17.2377965032546,10757.387971504
"H3 res 3","835621fffffffff",17.0748904643973,12781.8423892805
"H3 res 3","83515efffffffff",18.0343970515368,13258.9289694326
"H3 res 3","83576bfffffffff",17.5353808587701,13096.6475984488
"H3 res 3","83555efffffffff",17.4479485100334,11640.2208135263
"H3 res 3","83648cfffffffff",17.2357997110357,14586.3997151129
"H3 res 3","835d4cfffffffff",17.7091032050236,14333.817385352
"H3 res 3","83452efffffffff",17.1337105284554,12550.3581288189
"H3 res 3","834ceafffffffff",17.7733895669653,8996.48281068921
"H3 res 3","834ac9fffffffff",18.060135985639,13716.7276845862
"H3 res 3","834515fffffffff",17.5814100065584,11754.2639975364
"H3 res 3","834691fffffffff",17.770484909553,12067.6607615741
"H3 res 3","834acefffffffff",17.7075612545302,13799.7617445427
"H3 res 3","836b26fffffffff",17.1163700662882,14105.7347835161
"H3 res 3","835db1fffffffff",17.2096592762418,14280.6399874515
"H3 res 3","83579cfffffffff",17.3909592562512,11937.9232594467
"H3 res 3","836322fffffffff",17.8867010793371,9531.42785283913
"H3 res 3","836b21fffffffff",17.0440389639263,14123.064284148
"H3 res 3","835622fffffffff",17.1763878874469,12650.7657365237
"H3 res 3","834e20fffffffff",17.5644608399672,12479.4486622822
"H3 res 3","8359a4fffffffff",17.2369974459117,10857.3423806195
"H3 res 3","83582dfffffffff",17.0525453562548,13050.8886371954
"H3 res 3","835aacfffffffff",17.5584688538585,12870.4895388716
"H3 res 3","835a1afffffffff",17.6828957874656,13005.3954960556
"H3 res 3","836720fffffffff",18.0214704844554,9742.4329747578
"H3 res 3","8360defffffffff",18.3305314979956,10449.8845460049
"H3 res 3","8346c0fffffffff",17.8816621750797,13258.9289694325
"H3 res 3","83578cfffffffff",17.8679363974555,12256.9655973027
"H3 res 3","8354a4fffffffff",17.5171705215113,12892.81150843
"H3 res 3","833ed2fffffffff",18.0088562504133,14254.1744505569
"H3 res 3","835390fffffffff",18.4192835364646,13766.4478582007
"H3 res 3","835589fffffffff",18.3244681693085,12892.81150843
"H3 res 3","836480fffffffff",17.8166052653406,14495.3460565037
"H3 res 3","835e5afffffffff",17.8630489895604,10158.441691366
"H3 res 3","835864fffffffff",18.1280945744383,13716.7276845861
"H3 res 3","835e9afffffffff",18.4148177303501,11565.2124228227
"H3 res 3","83416afffffffff",18.2754875312033,13976.885174583
"H3 res 3","835e8afffffffff",17.8730102296721,11509.4831421643
"H3 res 3","835404fffffffff",17.7439740871273,12374.3289180597
"H3 res 3","835035fffffffff",17.4646032496681,12239.0699348064
"H3 res 3","8364d0fffffffff",18.241335920354,14369.4525927063
"H3 res 3","834174fffffffff",18.2963907115503,13219.9877071723
"H3 res 3","835023fffffffff",18.415926249556,12458.3059278964
"H3 res 3","834984fffffffff",18.6464697639238,14423.1829521786
"H3 res 3","833c90fffffffff",18.4673742348902,13313.7688104584
"H3 res 3","835956fffffffff",18.8663463916323,12900.2665058245
"H3 res 3","835746fffffffff",18.9731789922411,13361.0759361564
"H3 res 3","834cd5fffffffff",18.3084184971426,9228.88108629859
"H3 res 3","83490efffffffff",18.0786055984817,14659.9311260002
"H3 res 3","835d40fffffffff",18.5507543102243,14495.3460565038
"H3 res 3","835ae8fffffffff",18.8220012885446,13258.9289694323
"H3 res 3","835d18fffffffff",18.2268473780687,14752.7178534037
"H3 res 3","8360d0fffffffff",18.1027086717842,10891.0049449742
"H3 res 3","834fb4fffffffff",18.8381053337109,13165.7892266984
"H3 res 3","83539cfffffffff",18.1962577822433,13456.5349052612
"H3 res 3","833ed1fffffffff",18.9203279973475,14333.817385352
"H3 res 3","834175fffffffff",18.0912891785502,13424.589296393
"H3 res 3","835756fffffffff",18.6338801295287,13165.7892266984
"H3 res 3","833ecafffffffff",18.7031377565937,14123.0642841478
"H3 res 3","834aa2fffffffff",18.4628771286987,12803.9085831811
"H3 res 3","833adbfffffffff",18.8679168728564,11261.1763575494
"H3 res 3","835aa2fffffffff",18.2899102861193,12803.9085831812
"H3 res 3","8349adfffffffff",18.9944142180473,14696.9288037589
"H3 res 3","836494fffffffff",19.4656225362498,14183.9978362933
"H3 res 3","834283fffffffff",18.9038151072233,10356.9553786364
"H3 res 3","83594afffffffff",19.0961311086406,13766.4478582008
"H3 res 3","836d34fffffffff",18.6582201622206,13841.593423777
"H3 res 3","8345b3fffffffff",18.90000898296,10234.0367238618
"H3 res 3","834ceefffffffff",18.6946062416156,8821.8823253027
"H3 res 3","83571bfffffffff",18.8281195884528,12892.8115084299
"H3 res 3","835d09fffffffff",19.0134931324741,14696.9288037588
"H3 res 3","835d0afffffffff",18.6321644211803,14752.7178534036
"H3 res 3","834e34fffffffff",18.6616136644285,12395.2345492669
"H3 res 3","834513fffffffff",18.9986296122414,11583.8888548995
"H3 res 3","835588fffffffff",18.9968544931865,13096.647598449
"H3 res 3","83594bfffffffff",19.1203045244637,13900.5138479734
"H3 res 3","834aa6fffffffff",19.2514882845132,12564.6206178991
"H3 res 3","834682fffffffff",18.6150268041317,12134.7069063867
"H3 res 3","8345a1fffffffff",18.6356021763328,11131.5948785926
"H3 res 3","833adafffffffff",19.334018362997,11061.9576855651
"H3 res 3","835ae2fffffffff",18.7403370026674,13282.3855791309
"H3 res 3","835ab6fffffffff",18.9693334356791,12636.3399763593
"H3 res 3","835915fffffffff",19.3562729416743,11754.2639975363
"H3 res 3","834586fffffffff",19.6032940833019,10466.5413926989
"H3 res 3","835ac5fffffffff",19.7400332129397,13472.5552480174
"H3 res 3","834aa9fffffffff",19.4148880600282,13165.7892266983
"H3 res 3","834566fffffffff",19.5238523213603,13577.4668068597
"H3 res 3","834122fffffffff",19.1909718941625,12067.6607615745
"H3 res 3","834954fffffffff",19.9536941965647,14687.6648078543
"H3 res 3","833ec3fffffffff",19.8145982195084,14360.5299603513
"H3 res 3","834c9bfffffffff",19.1836714365234,9585.73336307166
"H3 res 3","835270fffffffff",19.2001720610715,11131.5948785927
"H3 res 3","83451efffffffff",19.7100147717247,11818.4284451547
"H3 res 3","834990fffffffff",20.04742636868,14183.9978362932
"H3 res 3","835ec3fffffffff",19.6133293539879,10466.5413926989
"H3 res 3","834af4fffffffff",19.6367707718249,13219.9877071723
"H3 res 3","835aeafffffffff",19.7632567890506,13456.5349052614
"H3 res 3","834cf2fffffffff",19.7583158629561,8942.00717414271
"H3 res 3","834980fffffffff",19.8041415490767,14495.3460565037
"H3 res 3","834574fffffffff",19.2345245396539,13219.9877071722
"H3 res 3","833e94fffffffff",20.134697992649,14183.9978362933
"H3 res 3","836094fffffffff",20.2319616550852,12479.4486622822
"H3 res 3","835932fffffffff",20.1159610494409,11454.1999622937
"H3 res 3","833c9dfffffffff",19.5566319624349,13675.5223643175
"H3 res 3","835d44fffffffff",19.6988806370586,14423.1829521784
"H3 res 3","8357aefffffffff",20.0060908657003,12650.7657365238
"H3 res 3","835da5fffffffff",19.6184495832298,14387.325598709
"H3 res 3","8346ecfffffffff",20.3289203523845,13520.8074885746
"H3 res 3","835edcfffffffff",20.1437762980548,10456.0215370784
"H3 res 3","834e01fffffffff",20.2264835008452,12374.3289180599
"H3 res 3","834d6cfffffffff",20.3057336354791,9765.83711820606
"H3 res 3","83451dfffffffff",20.0683182648206,12256.9655973027
"H3 res 3","8346e1fffffffff",20.6009972921832,13313.768810459
"H3 res 3","833ac8fffffffff",20.4713537610423,11640.2208135264
"H3 res 3","834e40fffffffff",19.548110074442,13258.9289694327
"H3 res 3","834ae3fffffffff",20.2581227177437,13290.2198209556
"H3 res 3","8342d3fffffffff",19.7312298271552,10765.0190438552
"H3 res 3","83412bfffffffff",19.5369217603294,12833.4290869398
"H3 res 3","836498fffffffff",20.5701881912225,14183.9978362932
"H3 res 3","834aeefffffffff",20.4494778750489,13282.3855791311
"H3 res 3","8353abfffffffff",20.7604597840224,13258.9289694326
"H3 res 3","835708fffffffff",20.3339114608349,13424.5892963931
"H3 res 3","834825fffffffff",21.0528853482154,14837.0658036216
"H3 res 3","83439bfffffffff",20.2577660125395,10403.6855757919
"H3 res 3","835a80fffffffff",20.2556398048862,13258.9289694326
"H3 res 3","83502bfffffffff",20.4636131930311,12781.8423892806
"H3 res 3","834992fffffffff",20.4963013272985,14071.1819021306
"H3 res 3","834131fffffffff",20.1976533382426,11889.6862842436
"H3 res 3","83428cfffffffff",20.3110283873972,10790.5351308164
"H3 res 3","833ef2fffffffff",21.0295330489225,14604.7248578977
"H3 res 3","834e55fffffffff",20.6812697067068,12915.1980700102
"H3 res 3","835ecefffffffff",20.034300761553,10239.1097118298
"H3 res 3","834e4efffffffff",20.2721064415742,13235.5413119972
"H3 res 3","835972fffffffff",20.7913359007848,13081.3649417381
"H3 res 3","835571fffffffff",20.8564822252715,11935.4058428067
"H3 res 3","8346a9fffffffff",20.7666418786946,12298.1753469629
"H3 res 3","834b90fffffffff",19.9684377425341,11640.2208135264
"H3 res 3","834ae9fffffffff",20.8070405777581,13219.9877071723
"H3 res 3","834398fffffffff",20.7008043780459,10435.0346125381
"H3 res 3","835011fffffffff",21.3834533244732,12650.765736524
"H3 res 3","8357b0fffffffff",21.0712764900382,12236.446940091
"H3 res 3","834fb2fffffffff",20.7415465356205,13520.8074885746
"H3 res 3","834519fffffffff",21.1500598356744,12270.6765790143
"H3 res 3","836098fffffffff",20.784018690756,11640.2208135263
"H3 res 3","836492fffffffff",21.3862667854944,13951.350529104
"H3 res 3","8343b6fffffffff",21.1263756157226,10331.1450905118
"H3 res 3","83450afffffffff",20.7879569517405,12479.4486622821
"H3 res 3","835d6cfffffffff",20.7110445560277,14045.3596984805
"H3 res 3","833eb3fffffffff",21.1381195803892,14333.8173853521
"H3 res 3","834d5afffffffff",21.0493249961505,8521.82868475047
"H3 res 3","834a1efffffffff",21.2534588023219,12781.8423892805
"H3 res 3","834e42fffffffff",20.55367861455,13035.6948282129
"H3 res 3","835561fffffffff",20.7476491871415,11381.1743881531
"H3 res 3","834cf4fffffffff",20.8606021259656,8521.82868475029
"H3 res 3","834d61fffffffff",21.2322767269884,9549.47260049643
"H3 res 3","835592fffffffff",20.8153644639338,13716.7276845861
"H3 res 3","834983fffffffff",20.9650900068674,14549.8641749815
"H3 res 3","835001fffffffff",20.6210451461654,12374.3289180599
"H3 res 3","8346acfffffffff",21.9842176118787,12270.6765790143
"H3 res 3","8355adfffffffff",21.9650041469056,13376.9072615308
"H3 res 3","8357b5fffffffff",21.6246473146047,12479.4486622821
"H3 res 3","833e8dfffffffff",21.0707324255434,14604.7248578977
"H3 res 3","835d61fffffffff",21.1408383304735,14123.0642841481
"H3 res 3","834ae4fffffffff",21.9034483800566,12892.8115084301
"H3 res 3","8342f6fffffffff",21.7513269700666,11219.6743376111
"H3 res 3","833ad2fffffffff",21.2252499561051,10626.4807702415
"H3 res 3","83594cfffffffff",21.0700598806053,13968.3649782325
"H3 res 3","834651fffffffff",21.9543582484375,13618.1804532108
"H3 res 3","8350b5fffffffff",21.6873793047188,13766.4478582008
"H3 res 3","83596afffffffff",22.0427126876556,13976.8851745829
"H3 res 3","83609bfffffffff",21.4333169520385,11389.5592428831
"H3 res 3","835971fffffffff",21.8723190156773,13456.534905261
"H3 res 3","834f94fffffffff",21.7020605195952,13650.8980814344
"H3 res 3","834830fffffffff",21.9975417988831,14884.2736768821
"H3 res 3","834e02fffffffff",21.275933058686,12423.2004262334
"H3 res 3","835580fffffffff",21.449600056147,13650.8980814345
"H3 res 3","83649bfffffffff",21.3795505473083,14071.1819021305
"H3 res 3","8346e5fffffffff",21.6803167565461,13165.7892266985
"H3 res 3","8353a8fffffffff",21.8043091737151,13424.589296393
"H3 res 3","835ac9fffffffff",21.7066747660942,13716.727684586
"H3 res 3","83499dfffffffff",22.1283522980388,14586.3997151128
"H3 res 3","834f83fffffffff",21.634643463206,13361.0759361566
"H3 res 3","835d65fffffffff",22.2752662894794,14019.6163675263
"H3 res 3","8353a3fffffffff",22.0974922141012,13799.7617445427
"H3 res 3","8350b6fffffffff",21.7407547857159,14071.1819021304
"H3 res 3","834f8efffffffff",21.594836445847,13235.5413119971
"H3 res 3","835570fffffffff",21.5785417519474,12188.7920528825
"H3 res 3","833c8dfffffffff",22.1120197951305,13520.8074885747
"H3 res 3","834988fffffffff",22.3324693751079,14752.7178534036
"H3 res 3","834159fffffffff",22.1145596236004,13577.4668068596
"H3 res 3","835edbfffffffff",22.0953624485621,10331.145090512
"H3 res 3","8353b4fffffffff",22.4790044428824,14262.9872081526
"H3 res 3","834e59fffffffff",22.1289309128897,12870.4895388714
"H3 res 3","835508fffffffff",21.6345981670628,12679.6997279126
"H3 res 3","8342c2fffffffff",21.6590688352971,11290.9775533281
"H3 res 3","8357b4fffffffff",22.1474345731684,12395.2345492671
"H3 res 3","8346a0fffffffff",22.301261603218,12679.6997279126
"H3 res 3","834c80fffffffff",22.2388228758339,9064.88299179427
"H3 res 3","8350acfffffffff",22.6327732345428,13081.3649417381
"H3 res 3","835068fffffffff",22.5394205758644,13766.4478582008
"H3 res 3","833ac0fffffffff",22.4929350595683,11552.789328556
"H3 res 3","834568fffffffff",22.7895622877066,14123.0642841479
"H3 res 3","8336dbfffffffff",22.3894186395075,14254.1744505571
"H3 res 3","834c92fffffffff",22.1923974680768,9980.76178584608
"H3 res 3","83495cfffffffff",22.3425962083277,14659.9311260003
"H3 res 3","834650fffffffff",22.2306718289807,13424.5892963928
"H3 res 3","8336dafffffffff",22.7899866033474,14262.9872081525
"H3 res 3","835addfffffffff",22.6526788310353,13968.3649782324
"H3 res 3","8346a6fffffffff",22.4500909314212,12870.4895388715
"H3 res 3","834d60fffffffff",22.1448859383307,9368.35424870343
"H3 res 3","835008fffffffff",22.1988980620626,12479.4486622823
"H3 res 3","83479afffffffff",22.7263136251871,13219.9877071724
"H3 res 3","8355aefffffffff",22.2744402333912,13618.1804532108
"H3 res 3","835ad1fffffffff",22.5878910766583,13968.3649782323
"H3 res 3","8350b1fffffffff",22.8353327312329,13799.761744543
"H3 res 3","833ac6fffffffff",22.961813615784,11417.5898791535
"H3 res 3","83500afffffffff",22.8126163912329,12239.0699348065
"H3 res 3","834f90fffffffff",22.6658597263353,13766.4478582008
"H3 res 3","833ea3fffffffff",23.1569527442877,14659.9311260002
"H3 res 3","834a15fffffffff",22.8185881780096,12311.9632671294
"H3 res 3","835700fffffffff",22.6480716553307,13650.8980814345
"H3 res 3","833ae8fffffffff",23.1648361948788,12188.7920528825
"H3 res 3","833cc0fffffffff",23.4396782814527,13650.8980814344
"H3 res 3","83411dfffffffff",22.605465486072,12256.9655973028
"H3 res 3","835046fffffffff",22.9765281406542,13142.6745591845
"H3 res 3","83479bfffffffff",22.5919081455815,13050.8886371953
"H3 res 3","834a0bfffffffff",22.9128972969244,12694.2081059087
"H3 res 3","835a8bfffffffff",22.4187902605747,13841.5934237771
"H3 res 3","83495efffffffff",22.9132004572695,14752.7178534035
"H3 res 3","8346a4fffffffff",23.316643432761,12892.8115084298
"H3 res 3","834baafffffffff",23.546233444563,11534.1963383547
"H3 res 3","833ef4fffffffff",23.0510466158752,14771.3926728848
"H3 res 3","835d30fffffffff",23.1091367303954,14183.997836293
"H3 res 3","835019fffffffff",23.4385523742184,12270.6765790146
"H3 res 3","833325fffffffff",23.4298506459601,14019.6163675264
"H3 res 3","833d98fffffffff",23.4573962923595,12188.7920528826
"H3 res 3","833ca9fffffffff",23.9351755371667,13165.7892266983
"H3 res 3","83482efffffffff",23.4084383330801,14912.7186857806
"H3 res 3","834543fffffffff",24.0436100777628,13642.7064027976
"H3 res 3","83499bfffffffff",23.7576776694467,14504.4087475604
"H3 res 3","834610fffffffff",23.8344335945944,12479.4486622822
"H3 res 3","83592dfffffffff",23.5584875391371,12945.1477482072
"H3 res 3","833cf6fffffffff",23.2018996901282,13376.9072615309
"H3 res 3","834e1bfffffffff",23.9341157116834,12486.5095317397
"H3 res 3","834ee0fffffffff",23.6950884364173,12102.8857679006
"H3 res 3","834388fffffffff",23.1422118898769,11131.5948785927
"H3 res 3","834798fffffffff",23.6125915014408,13258.9289694324
"H3 res 3","834422fffffffff",23.312838283452,12256.9655973029
"H3 res 3","833ca0fffffffff",23.5491217812801,12679.6997279126
"H3 res 3","83456bfffffffff",23.937072350613,14123.0642841479
"H3 res 3","83415afffffffff",23.3865481495414,13219.9877071722
"H3 res 3","835084fffffffff",23.3660867910202,13642.7064027975
"H3 res 3","833cc6fffffffff",23.1203933184209,13642.7064027976
"H3 res 3","834c23fffffffff",24.0002754739287,7890.78565169899
"H3 res 3","835d20fffffffff",24.2994168624485,14123.0642841478
"H3 res 3","834a00fffffffff",24.0537932640682,12188.7920528823
"H3 res 3","834414fffffffff",24.2818803946606,11552.7893285561
"H3 res 3","834828fffffffff",24.0368183554586,14884.2736768822
"H3 res 3","833cf0fffffffff",23.5439425710277,13424.589296393
"H3 res 3","834118fffffffff",23.6049915083454,12047.6672194217
"H3 res 3","833a49fffffffff",23.8472965363301,13376.9072615308
"H3 res 3","83442cfffffffff",24.4464462918781,12870.4895388714
"H3 res 3","833cf4fffffffff",24.2830996164986,13219.9877071722
"H3 res 3","833cc1fffffffff",23.7497709932899,13642.7064027975
"H3 res 3","835505fffffffff",24.5228183955278,13142.6745591845
"H3 res 3","8343a0fffffffff",24.3477855954053,10891.0049449742
"H3 res 3","833e5bfffffffff",23.4169283730195,14254.1744505569
"H3 res 3","834ee6fffffffff",23.8180984587221,12270.6765790141
"H3 res 3","835094fffffffff",24.0562402874999,14123.0642841479
"H3 res 3","8344b4fffffffff",23.9213140879118,10158.4416913662
"H3 res 3","833ee4fffffffff",24.9659929428338,14827.6541667338
"H3 res 3","83466afffffffff",24.0683543215239,13799.7617445429
"H3 res 3","834672fffffffff",24.3782912479907,13081.364941738
"H3 res 3","835924fffffffff",24.0916999537631,12148.1906468133
"H3 res 3","833aecfffffffff",24.2458625581595,12318.8668906691
"H3 res 3","835510fffffffff",24.1699457108555,13650.8980814345
"H3 res 3","834214fffffffff",24.197454436815,11552.7893285561
"H3 res 3","83460cfffffffff",24.8618540262867,12650.765736524
"H3 res 3","8341a5fffffffff",24.109911969545,11102.4908388158
"H3 res 3","83454dfffffffff",25.0838970675607,14105.734783516
"H3 res 3","833a90fffffffff",24.7002374483306,9742.43297475769
"H3 res 3","834ca0fffffffff",24.3625565361412,8755.00010780627
"H3 res 3","83332cfffffffff",24.5070990985846,14227.7905490063
"H3 res 3","834eadfffffffff",24.1435186112591,12892.8115084301
"H3 res 3","834a04fffffffff",24.8130509411841,11948.5224102804
"H3 res 3","834026fffffffff",24.3000033916267,12270.6765790143
"H3 res 3","833cacfffffffff",24.2936956095714,12870.4895388713
"H3 res 3","835080fffffffff",24.5106352910822,13650.8980814343
"H3 res 3","83531dfffffffff",24.2710795183199,13012.9593183187
"H3 res 3","8343a1fffffffff",24.910405519901,11131.5948785927
"H3 res 3","833361fffffffff",24.6408144482622,14123.0642841477
"H3 res 3","834614fffffffff",24.8590742259001,12679.6997279127
"H3 res 3","833a83fffffffff",24.5316653067994,10356.9553786364
"H3 res 3","833cf5fffffffff",24.6226713320327,13258.9289694327
"H3 res 3","833e5efffffffff",24.5964871143244,14495.3460565037
"H3 res 3","833322fffffffff",25.3249050282424,14210.2464603361
"H3 res 3","8341acfffffffff",24.8437558887834,11369.0788837273
"H3 res 3","83504dfffffffff",24.7789146855361,13520.8074885747
"H3 res 3","834796fffffffff",25.0277035456504,13900.5138479734
"H3 res 3","8350e6fffffffff",24.5387669477371,12270.6765790143
"H3 res 3","8338d8fffffffff",24.6834915385878,13313.7688104587
"H3 res 3","8350f5fffffffff",25.1878700686385,12479.4486622822
"H3 res 3","8342e0fffffffff",24.7229093938411,12047.6672194217
"H3 res 3","833a96fffffffff",25.0715936765408,9558.51633543747
"H3 res 3","835048fffffffff",25.4475391087266,13313.7688104587
"H3 res 3","834eaefffffffff",25.2418413903829,13282.385579131
"H3 res 3","833db6fffffffff",25.0330845079749,12148.1906468132
"H3 res 3","8355b4fffffffff",25.0815135562092,14262.9872081525
"H3 res 3","8350e2fffffffff",25.638462195227,12256.9655973027
"H3 res 3","833c1bfffffffff",25.3548786329265,13050.8886371953
"H3 res 3","833363fffffffff",25.6366217142561,14280.6399874516
"H3 res 3","835082fffffffff",25.1344180436571,13816.4691021092
"H3 res 3","833ce2fffffffff",24.953376707485,13282.385579131
"H3 res 3","835314fffffffff",25.8776594369544,13766.4478582008
"H3 res 3","833e4bfffffffff",25.1318894427312,14019.6163675265
"H3 res 3","833a4dfffffffff",24.9689194634105,13520.8074885748
"H3 res 3","833c13fffffffff",25.3621931409143,12716.0226081529
"H3 res 3","834073fffffffff",25.8572959251893,13012.9593183186
"H3 res 3","834c30fffffffff",25.723794540329,8112.85066883191
"H3 res 3","8341a9fffffffff",25.5659937707052,11608.869067923
"H3 res 3","835514fffffffff",25.2821819907542,13766.4478582008
"H3 res 3","8342e8fffffffff",25.1368452933798,12188.7920528826
"H3 res 3","834415fffffffff",25.0315613264485,11754.2639975363
"H3 res 3","8348a0fffffffff",25.1541402245406,14687.6648078543
"H3 res 3","83482bfffffffff",25.2161066570443,14884.273676882
"H3 res 3","8348b0fffffffff",25.3677052744999,14369.4525927063
"H3 res 3","83402afffffffff",25.6366649322905,12607.5705620407
"H3 res 3","8334ebfffffffff",25.3265603013808,14369.4525927062
"H3 res 3","8338cafffffffff",25.8095604464385,13650.8980814345
"H3 res 3","8336c2fffffffff",25.7542829855656,13816.4691021089
"H3 res 3","833e1dfffffffff",26.0796640687771,14912.7186857806
"H3 res 3","834862fffffffff",26.4543345954945,14586.399715113
"H3 res 3","834ecdfffffffff",25.9909078136115,11896.1997654097
"H3 res 3","835736fffffffff",25.5309811446312,13716.7276845859
"H3 res 3","835532fffffffff",26.3997921523355,13866.7939745306
"H3 res 3","835734fffffffff",26.0904375349105,13900.5138479734
"H3 res 3","83466dfffffffff",25.638705236532,13716.7276845862
"H3 res 3","834e84fffffffff",26.3413829400672,13642.7064027975
"H3 res 3","833a94fffffffff",25.6916583742493,9808.20143255623
"H3 res 3","83530dfffffffff",25.7660067776014,12564.620617899
"H3 res 3","833a56fffffffff",26.4287522026563,12543.2369987642
"H3 res 3","83455afffffffff",25.9345701636984,13219.9877071723
"H3 res 3","835058fffffffff",26.2843706046583,12781.8423892807
"H3 res 3","8336c0fffffffff",26.4613003914015,13650.8980814345
"H3 res 3","833ce8fffffffff",25.8875802527798,13258.9289694326
"H3 res 3","834eb0fffffffff",26.4813509445226,13942.8562517612
"H3 res 3","833e0bfffffffff",25.9461586655405,14837.0658036216
"H3 res 3","833e4efffffffff",26.3477351454378,14280.6399874516
"H3 res 3","8343adfffffffff",26.0432187078065,11602.6156039057
"H3 res 3","833a55fffffffff",26.5336397669293,12915.1980700102
"H3 res 3","8341a2fffffffff",25.9909922474453,10675.2583243559
"H3 res 3","83509dfffffffff",26.7987217947876,13618.1804532106
"H3 res 3","83536dfffffffff",26.7427143446105,11261.1763575493
"H3 res 3","833889fffffffff",26.1274729800744,12437.222820827
"H3 res 3","833371fffffffff",26.6328008692058,14468.2145242165
"H3 res 3","8350f2fffffffff",26.4889350410989,12870.4895388715
"H3 res 3","8338c3fffffffff",26.6417175345774,13361.0759361564
"H3 res 3","8350f3fffffffff",26.9505979765893,12650.7657365236
"H3 res 3","833a69fffffffff",26.66755652986,13841.5934237772
"H3 res 3","8344aefffffffff",26.9290108857296,10947.4971652546
"H3 res 3","834ec6fffffffff",26.56021708631,12423.2004262335
"H3 res 3","83478cfffffffff",26.2530279125871,13282.3855791309
"H3 res 3","834631fffffffff",26.5392902458181,12607.5705620407
"H3 res 3","83404afffffffff",26.726441369954,13096.6475984489
"H3 res 3","834492fffffffff",27.3354039723018,9491.03429718988
"H3 res 3","834a21fffffffff",26.7612282671817,11552.7893285563
"H3 res 3","834476fffffffff",27.399058201845,12945.1477482074
"H3 res 3","833daafffffffff",27.2196979670696,12458.3059278964
"H3 res 3","833ce5fffffffff",27.0732226499221,12900.2665058246
"H3 res 3","834818fffffffff",27.3677698736692,14884.2736768821
"H3 res 3","833884fffffffff",27.1529260213711,12423.2004262334
"H3 res 3","834d8efffffffff",27.1189647332824,8646.03074712606
"H3 res 3","834ef3fffffffff",26.7018157136968,12650.7657365234
"H3 res 3","834d2cfffffffff",27.0431534411729,9668.16430853994
"H3 res 3","834009fffffffff",27.0863445883585,12636.3399763594
"H3 res 3","833a45fffffffff",27.2004417795355,13472.5552480174
"H3 res 3","834a6bfffffffff",26.6732254687637,11818.4284451546
"H3 res 3","8348acfffffffff",26.5307845688257,14799.478866177
"H3 res 3","835306fffffffff",26.5859409115717,13472.5552480175
"H3 res 3","833d8cfffffffff",26.5929767501862,12256.9655973028
"H3 res 3","8348b3fffffffff",26.5224102569664,14333.8173853518
"H3 res 3","835530fffffffff",26.7698571238727,13766.4478582008
"H3 res 3","833c52fffffffff",27.3862229674739,12892.8115084298
"H3 res 3","833659fffffffff",27.8308448350662,12716.0226081529
"H3 res 3","833c32fffffffff",27.3891011586785,12270.6765790143
"H3 res 3","833e40fffffffff",27.5555439619558,14495.3460565037
"H3 res 3","834209fffffffff",27.3433616546549,12636.3399763594
"H3 res 3","834a63fffffffff",27.1695381864743,11754.2639975366
"H3 res 3","833e03fffffffff",27.1273336209598,14941.2544005888
"H3 res 3","834623fffffffff",27.1482669026967,12311.9632671292
"H3 res 3","833e14fffffffff",27.2204308806209,14884.2736768821
"H3 res 3","833f88fffffffff",27.2200944979246,14752.7178534036
"H3 res 3","834ecbfffffffff",27.7423994579489,11582.8368395135
"H3 res 3","834759fffffffff",27.8389763612389,12870.4895388715
"H3 res 3","834809fffffffff",27.5721468057294,14827.6541667336
"H3 res 3","833d8dfffffffff",26.9956999284516,12270.6765790143
"H3 res 3","833372fffffffff",27.6094377949824,14604.7248578976
"H3 res 3","83508bfffffffff",27.7884140285692,13219.9877071722
"H3 res 3","834a6efffffffff",27.3246470854506,11703.3492799633
"H3 res 3","833a1efffffffff",27.6504426169587,11640.2208135261
"H3 res 3","8338f3fffffffff",27.2990315208113,12803.9085831813
"H3 res 3","83422afffffffff",27.872176490191,12607.5705620409
"H3 res 3","834272fffffffff",28.407746702645,12870.4895388715
"H3 res 3","8338a2fffffffff",27.9368619215664,12650.7657365238
"H3 res 3","83368dfffffffff",27.9841964147294,13520.8074885748
"H3 res 3","834d05fffffffff",27.7210614642764,9267.42987545037
"H3 res 3","833e32fffffffff",28.2462998031385,14865.3605306345
"H3 res 3","8338aefffffffff",28.4744698115589,12256.9655973028
"H3 res 3","833341fffffffff",27.6211629239911,14423.1829521786
"H3 res 3","8344aafffffffff",27.9514553935243,10874.1519546149
"H3 res 3","833f8cfffffffff",28.2299982715041,14715.4860343671
"H3 res 3","834014fffffffff",28.0687321999613,11552.7893285562
"H3 res 3","834a61fffffffff",28.1031693055242,11509.4831421642
"H3 res 3","833e72fffffffff",27.8944434056521,14799.478866177
"H3 res 3","833346fffffffff",27.6402801694324,14549.8641749818
"H3 res 3","83509afffffffff",28.0606901812633,13900.5138479732
"H3 res 3","83422efffffffff",28.3845809251154,12650.7657365239
"H3 res 3","834880fffffffff",27.9450837793551,14495.3460565037
"H3 res 3","834223fffffffff",27.8284476792615,12458.3059278963
"H3 res 3","834dadfffffffff",27.818721604872,8704.42299080727
"H3 res 3","8334f1fffffffff",28.0324401724673,14659.9311260001
"H3 res 3","8338f6fffffffff",28.0320145072183,12437.2228208271
"H3 res 3","834e8efffffffff",28.1029421452436,13456.5349052611
"H3 res 3","833469fffffffff",28.6475530160608,14019.6163675264
"H3 res 3","83480bfffffffff",28.1233187340521,14837.0658036216
"H3 res 3","833e01fffffffff",28.1227560126481,14941.2544005888
"H3 res 3","83400bfffffffff",28.0886932592218,12395.2345492672
"H3 res 3","833f8dfffffffff",28.2445906404338,14799.478866177
"H3 res 3","833992fffffffff",28.2401341829731,13716.7276845861
"H3 res 3","834306fffffffff",28.9689752765033,11948.5224102804
"H3 res 3","8338eafffffffff",28.7207307459271,13569.3484157759
"H3 res 3","83364bfffffffff",27.9846911237616,12395.2345492671
"H3 res 3","83330efffffffff",28.507753812534,14659.9311259999
"H3 res 3","833c30fffffffff",28.4301782747324,12479.4486622822
"H3 res 3","832925fffffffff",28.9161974467296,13165.7892266986
"H3 res 3","83334efffffffff",28.6125315162873,14468.2145242168
"H3 res 3","83399efffffffff",28.9058803806634,13424.5892963931
"H3 res 3","83532efffffffff",28.1085983225685,13012.9593183187
"H3 res 3","833f80fffffffff",28.1628914844695,14495.3460565037
"H3 res 3","833a10fffffffff",29.1388306410236,11509.4831421644
"H3 res 3","833316fffffffff",29.1052717629259,14387.3255987088
"H3 res 3","8344f4fffffffff",29.2364532645407,11478.7155109317
"H3 res 3","834ed3fffffffff",29.4774283394706,12716.0226081528
"H3 res 3","833653fffffffff",29.158735047452,12870.4895388716
"H3 res 3","8336aafffffffff",29.4086276280118,13235.5413119973
"H3 res 3","83441bfffffffff",28.9633502965719,11735.127795795
"H3 res 3","834195fffffffff",28.6493552868362,10239.1097118298
"H3 res 3","8344a9fffffffff",28.4637014197548,11308.9214169729
"H3 res 3","83486afffffffff",28.7577343316588,14280.6399874518
"H3 res 3","834276fffffffff",28.9516577749454,12945.1477482073
"H3 res 3","83348dfffffffff",28.818301358517,14604.7248578976
"H3 res 3","83348cfffffffff",29.4489581509025,14586.3997151128
"H3 res 3","8338a0fffffffff",29.0052344610656,12679.6997279126
"H3 res 3","833fb0fffffffff",29.0125114545512,14123.0642841479
"H3 res 3","8338f4fffffffff",29.0660233177332,12543.2369987641
"H3 res 3","834841fffffffff",29.3615843422644,14360.5299603512
"H3 res 3","8344e4fffffffff",29.447179407328,12148.1906468134
"H3 res 3","833342fffffffff",28.6479578513498,14613.9018215317
"H3 res 3","833a75fffffffff",29.38283074124,13313.7688104587
"H3 res 3","832920fffffffff",29.5672317460207,13313.7688104586
"H3 res 3","8336b3fffffffff",29.6169208104393,13012.9593183187
"H3 res 3","834444fffffffff",29.6599336773599,13361.0759361564
"H3 res 3","8340edfffffffff",29.2555513020351,12437.222820827
"H3 res 3","834d15fffffffff",29.2070044461906,8996.48281068922
"H3 res 3","833351fffffffff",29.6609310588499,14715.4860343672
"H3 res 3","833998fffffffff",29.2184930631386,13258.9289694326
"H3 res 3","83419cfffffffff",29.4057769461737,10456.0215370784
"H3 res 3","834018fffffffff",29.4164835985672,11818.4284451546
"H3 res 3","8334abfffffffff",29.9857236905814,14687.6648078542
"H3 res 3","832c9afffffffff",29.5309213795705,11582.8368395137
"H3 res 3","8334f4fffffffff",29.8604271940358,14771.3926728849
"H3 res 3","8338e9fffffffff",29.873054803585,13841.593423777
"H3 res 3","835326fffffffff",29.6069172991144,13520.8074885747
"H3 res 3","833e2bfffffffff",29.0426035427529,14884.2736768821
"H3 res 3","833d13fffffffff",29.9796396126784,13081.3649417381
"H3 res 3","833c4afffffffff",29.5409036020014,12479.4486622821
"H3 res 3","8336b1fffffffff",30.3676492014566,12915.1980700102
"H3 res 3","833a29fffffffff",30.3791557671467,13005.3954960556
"H3 res 3","833490fffffffff",30.1124426720112,14123.0642841479
"H3 res 3","834274fffffffff",30.0338133735312,13165.7892266985
"H3 res 3","833651fffffffff",29.7980376640498,12650.7657365238
"H3 res 3","8344e5fffffffff",30.2182385171434,12298.1753469625
"H3 res 3","833d1afffffffff",29.7478334527557,12900.2665058245
"H3 res 3","833a14fffffffff",30.2041034401643,11552.7893285561
"H3 res 3","832922fffffffff",30.214652405536,13448.536634944
"H3 res 3","83346cfffffffff",30.5426237655633,14227.7905490063
"H3 res 3","833642fffffffff",30.4225375291732,12423.2004262332
"H3 res 3","834755fffffffff",30.3477316818689,12046.5394904384
"H3 res 3","833312fffffffff",30.1670415122962,14504.4087475606
"H3 res 3","834edafffffffff",30.1618344412066,12395.234549267
"H3 res 3","834190fffffffff",29.5378283529184,10010.013908146
"H3 res 3","83449afffffffff",29.8344750197192,9751.78340376636
"H3 res 3","83334bfffffffff",29.5555712172434,14387.3255987088
"H3 res 3","83488dfffffffff",30.0321964816301,14604.7248578977
"H3 res 3","833b89fffffffff",30.6021394388128,11344.9520444524
"H3 res 3","8350defffffffff",30.2712279769256,12479.448662282
"H3 res 3","83484efffffffff",30.5215202485732,14280.6399874515
"H3 res 3","8336aefffffffff",30.4689446216801,13012.9593183188
"H3 res 3","833313fffffffff",30.278824412492,14604.7248578979
"H3 res 3","83292cfffffffff",30.4986507822304,12870.4895388715
"H3 res 3","83381efffffffff",30.7898454811137,12239.0699348065
"H3 res 3","833319fffffffff",30.5331225838297,14799.4788661768
"H3 res 3","833352fffffffff",30.6608844980024,14827.6541667337
"H3 res 3","8333a6fffffffff",30.8256787074401,14227.7905490064
"H3 res 3","834301fffffffff",30.1942003529168,12423.2004262334
"H3 res 3","833c23fffffffff",30.2347838320858,12607.5705620409
"H3 res 3","83489dfffffffff",30.2537413827929,14333.817385352
"H3 res 3","833e61fffffffff",30.4983405064158,14369.4525927062
"H3 res 3","833655fffffffff",30.8601777526786,12458.3059278963
"H3 res 3","834712fffffffff",30.3087846838872,13716.7276845861
"H3 res 3","834da4fffffffff",30.8055214742333,9617.65017043431
"H3 res 3","834499fffffffff",30.4123775366699,10173.4861037512
"H3 res 3","834b2efffffffff",30.9032738747567,10059.0860615732
"H3 res 3","83366afffffffff",31.1652975708158,11889.6862842438
"H3 res 3","83419afffffffff",31.1172551373913,10193.6031595262
"H3 res 3","8340adfffffffff",30.5145576540372,11387.2301847978
"H3 res 3","832acbfffffffff",30.7306101705454,9786.43949815789
"H3 res 3","83484dfffffffff",30.4574022635944,14045.3596984804
"H3 res 3","8338e4fffffffff",31.3091672215901,12945.1477482072
"H3 res 3","834b71fffffffff",31.1952976169074,10456.0215370781
"H3 res 3","833a04fffffffff",31.1070126186487,12229.6201052595
"H3 res 3","8348e3fffffffff",31.0036271843919,14659.9311260001
"H3 res 3","8333a0fffffffff",30.9740653007033,14369.4525927058
"H3 res 3","834754fffffffff",30.6039963103096,12188.7920528826
"H3 res 3","83424cfffffffff",30.9470982163325,13448.5366349442
"H3 res 3","833225fffffffff",30.6326073283902,14837.0658036218
"H3 res 3","8336b6fffffffff",30.9392679363055,12636.3399763594
"H3 res 3","833c28fffffffff",30.9383973960821,12479.4486622826
"H3 res 3","832a49fffffffff",30.7445434826089,9491.0342971899
"H3 res 3","834708fffffffff",31.1217342217804,12679.6997279126
"H3 res 3","832f35fffffffff",32.0228677432592,13650.8980814343
"H3 res 3","834b75fffffffff",31.8718596897254,10218.8428647518
"H3 res 3","832ac8fffffffff",31.5287016674144,10010.0139081461
"H3 res 3","834451fffffffff",31.4447986530941,12803.9085831812
"H3 res 3","833261fffffffff",31.5036295277031,14369.4525927062
"H3 res 3","834711fffffffff",30.980126659404,13448.5366349442
"H3 res 3","833b8efffffffff",31.3563388476505,10913.543407062
"H3 res 3","832f4cfffffffff",31.7128193836334,11027.4108688079
"H3 res 3","832d9efffffffff",31.5491958076142,13424.589296393
"H3 res 3","834d36fffffffff",31.4325106204658,9585.73336307162
"H3 res 3","832ad9fffffffff",31.392926731528,10082.94794953
"H3 res 3","8350dafffffffff",31.369824431429,12395.2345492669
"H3 res 3","834469fffffffff",31.5095548950642,13841.5934237773
"H3 res 3","834266fffffffff",31.6753230112294,13520.8074885748
"H3 res 3","834354fffffffff",31.5436116002742,13096.6475984488
"H3 res 3","834702fffffffff",31.8366559499551,13361.0759361561
"H3 res 3","833816fffffffff",31.1416195299856,12694.2081059087
"H3 res 3","833226fffffffff",31.5808873123098,14865.3605306342
"H3 res 3","833409fffffffff",31.1139886898014,14827.6541667337
"H3 res 3","834453fffffffff",31.7598768600981,12564.6206178992
"H3 res 3","833d32fffffffff",31.9054105528324,13577.4668068596
"H3 res 3","834b6afffffffff",31.7907713225693,10456.0215370782
"H3 res 3","8348d6fffffffff",32.3431733982917,14387.3255987086
"H3 res 3","83331afffffffff",31.4350917341671,14771.392672885
"H3 res 3","8333a8fffffffff",32.2989091339932,14687.6648078542
"H3 res 3","833260fffffffff",31.5704207681766,14495.3460565039
"H3 res 3","834325fffffffff",32.5406032914402,12395.2345492671
"H3 res 3","832f70fffffffff",31.8403100391143,12188.7920528824
"H3 res 3","833672fffffffff",32.3344817020166,12270.6765790142
"H3 res 3","833a22fffffffff",32.2000487282436,12256.9655973027
"H3 res 3","8344e3fffffffff",31.5671656814907,11935.4058428068
"H3 res 3","832f2afffffffff",32.4326904010284,12915.1980700102
"H3 res 3","834714fffffffff",32.2639731132241,13766.4478582008
"H3 res 3","8333aefffffffff",32.1796500278843,14586.399715113
"H3 res 3","832d95fffffffff",31.9634269185436,13799.761744543
"H3 res 3","8344ecfffffffff",32.0600547963295,12318.8668906691
"H3 res 3","833b8cfffffffff",32.0367520554467,11149.1183891186
"H3 res 3","834376fffffffff",32.5066693317156,13050.8886371953
"H3 res 3","832f30fffffffff",33.077027358041,13766.447858201
"H3 res 3","83341cfffffffff",32.7158967667064,14922.2204923096
"H3 res 3","83292afffffffff",32.2746551837487,12915.1980700102
"H3 res 3","83326efffffffff",32.4696447617416,14333.8173853517
"H3 res 3","832a6bfffffffff",32.2350271645813,9841.36365441849
"H3 res 3","832f73fffffffff",32.6639669667416,12067.6607615744
"H3 res 3","8334b0fffffffff",33.0235776938551,14369.4525927063
"H3 res 3","833460fffffffff",32.0687825418498,14495.3460565037
"H3 res 3","833b80fffffffff",32.7447607283758,10697.0571382798
"H3 res 3","833981fffffffff",32.2105935399564,13472.5552480175
"H3 res 3","833f13fffffffff",32.2943528106934,14604.7248578977
"H3 res 3","834268fffffffff",32.666010627333,13766.4478582007
"H3 res 3","833090fffffffff",32.0428862114723,9742.43297475766
"H3 res 3","833856fffffffff",32.5092898611794,13219.9877071722
"H3 res 3","833611fffffffff",32.5745647094217,12550.358128819
"H3 res 3","833d33fffffffff",32.3689725063957,13618.1804532109
"H3 res 3","83340dfffffffff",32.2820459941809,14865.3605306345
"H3 res 3","832d98fffffffff",32.4022962356492,13258.9289694327
"H3 res 3","833f1efffffffff",32.3172189938075,14687.6648078542
"H3 res 3","832916fffffffff",32.7489305695724,13841.5934237772
"H3 res 3","8326d9fffffffff",32.5407289582782,14105.734783516
"H3 res 3","8326c8fffffffff",33.3636702176548,13766.4478582008
"H3 res 3","833d03fffffffff",32.5846871126293,13472.5552480177
"H3 res 3","8344edfffffffff",32.8333731647228,12437.2228208272
"H3 res 3","833663fffffffff",32.6626900996954,11754.2639975365
"H3 res 3","8326cafffffffff",32.9601454011137,13942.8562517609
"H3 res 3","833d0bfffffffff",32.6984827933265,13219.9877071722
"H3 res 3","832aeafffffffff",33.1528037975283,10456.0215370784
"H3 res 3","8333b0fffffffff",32.6454895645674,14123.064284148
"H3 res 3","832f42fffffffff",33.2360256028519,11678.0295825853
"H3 res 3","833094fffffffff",32.8500409474977,9709.82384493431
"H3 res 3","834701fffffffff",32.4412800390056,13035.6948282129
"H3 res 3","833610fffffffff",32.9208049310947,12479.4486622823
"H3 res 3","832c85fffffffff",33.2652730986201,12229.6201052595
"H3 res 3","832a5cfffffffff",33.1674205844864,10310.5739416207
"H3 res 3","834b6cfffffffff",33.3801294908546,10082.94794953
"H3 res 3","832d99fffffffff",33.2424291807086,13081.3649417381
"H3 res 3","832f72fffffffff",32.8833433777945,12318.8668906694
"H3 res 3","8339abfffffffff",33.5896260161323,13258.9289694327
"H3 res 3","8333abfffffffff",33.3669329093489,14752.7178534036
"H3 res 3","834329fffffffff",32.969608821447,13005.3954960557
"H3 res 3","832f5dfffffffff",33.7632954544996,11273.0810882395
"H3 res 3","832f43fffffffff",32.988558111047,11417.5898791534
"H3 res 3","833842fffffffff",33.8297279525948,13642.7064027977
"H3 res 3","832a42fffffffff",33.9616534245234,10503.5001589826
"H3 res 3","832c88fffffffff",33.327194669815,12188.7920528824
"H3 res 3","8334a0fffffffff",33.5827866533926,14687.6648078543
"H3 res 3","834705fffffffff",33.5188417378023,13142.6745591845
"H3 res 3","833f10fffffffff",33.2874007754102,14495.3460565037
"H3 res 3","832963fffffffff",33.6255502995599,11534.1963383546
"H3 res 3","834370fffffffff",33.1276213481995,13258.9289694327
"H3 res 3","833d31fffffffff",33.4809547878805,13799.7617445428
"H3 res 3","83384efffffffff",34.0498466462331,13976.885174583
"H3 res 3","834371fffffffff",33.7455619031284,13456.534905261
"H3 res 3","832962fffffffff",33.2535617780249,11792.6927806789
"H3 res 3","832aedfffffffff",33.1850299894463,10403.6855757919
"H3 res 3","833660fffffffff",33.6875664607103,11552.7893285561
"H3 res 3","832912fffffffff",33.8854442166407,13716.7276845861
"H3 res 3","83434bfffffffff",33.9096981244193,13900.5138479734
"H3 res 3","833a25fffffffff",33.5371524662431,12694.2081059088
"H3 res 3","8329a0fffffffff",33.9690923514344,13942.8562517612
"H3 res 3","8330d4fffffffff",33.9139381737718,9182.1275405669
"H3 res 3","83408efffffffff",34.0447426912013,10530.0326469666
"H3 res 3","8340ddfffffffff",33.8801330495767,11273.0810882396
"H3 res 3","832d83fffffffff",33.7038931166262,13472.5552480176
"H3 res 3","8333b3fffffffff",33.7270726097314,14210.2464603363
"H3 res 3","8326defffffffff",33.9416817591868,14123.064284148
"H3 res 3","833bb1fffffffff",34.0989957910353,10456.0215370783
"H3 res 3","833b50fffffffff",33.7468586089629,13096.6475984487
"H3 res 3","833429fffffffff",33.8947753566697,14837.0658036216
"H3 res 3","832c89fffffffff",34.0048071995739,12437.222820827
"H3 res 3","8326cefffffffff",34.0856506909722,13799.7617445429
"H3 res 3","83296efffffffff",33.9821264778398,11273.0810882396
"H3 res 3","833204fffffffff",33.6740313600945,14941.2544005887
"H3 res 3","8334b6fffffffff",33.591200078838,14254.1744505569
"H3 res 3","833615fffffffff",33.6023986808531,12311.9632671297
"H3 res 3","834b65fffffffff",33.8293498271468,9786.43949815783
"H3 res 3","833629fffffffff",34.3907538303738,11831.3313981275
"H3 res 3","832cd0fffffffff",34.2769651444456,12781.8423892806
"H3 res 3","833bacfffffffff",34.8395542666961,11369.0788837274
"H3 res 3","834736fffffffff",34.4301516522856,13951.3505291039
"H3 res 3","833628fffffffff",34.7932871075329,11818.4284451548
"H3 res 3","833bb0fffffffff",34.4071963683622,10260.8110382612
"H3 res 3","832492fffffffff",34.5164888901335,12148.1906468134
"H3 res 3","8330aafffffffff",34.5607195553509,8646.03074712589
"H3 res 3","832f59fffffffff",34.5254036692196,11119.9380221121
"H3 res 3","833201fffffffff",34.7459614749433,14941.2544005888
"H3 res 3","833b41fffffffff",34.053140578174,13816.4691021091
"H3 res 3","832ae3fffffffff",34.7894028601282,10913.5434070622
"H3 res 3","832d81fffffffff",34.7798627130274,13472.5552480175
"H3 res 3","832968fffffffff",34.3234406876407,11057.7282733565
"H3 res 3","833f55fffffffff",34.1596513252738,14659.9311260002
"H3 res 3","833d35fffffffff",34.1357919960478,13942.856251761
"H3 res 3","833d05fffffffff",34.3738062950431,13816.4691021091
"H3 res 3","832325fffffffff",34.5831643870882,12395.234549267
"H3 res 3","8340d8fffffffff",34.8057619688493,11057.7282733567
"H3 res 3","83355dfffffffff",35.1321700532936,14586.3997151129
"H3 res 3","8330c9fffffffff",35.4430778141825,9585.73336307187
"H3 res 3","833834fffffffff",34.9306225532453,13005.3954960557
"H3 res 3","83384dfffffffff",35.1743461205106,14105.7347835158
"H3 res 3","8339a0fffffffff",34.6230095275107,13942.8562517611
"H3 res 3","83265bfffffffff",34.814655370818,12945.1477482072
"H3 res 3","832ca1fffffffff",34.6106056411861,12479.4486622821
"H3 res 3","832f02fffffffff",34.7259367626036,13361.0759361564
"H3 res 3","833d0dfffffffff",34.5009222143872,13577.46680686
"H3 res 3","832f14fffffffff",35.0518613578114,13766.4478582008
"H3 res 3","832f1dfffffffff",35.4108012199772,13012.9593183186
"H3 res 3","8326d1fffffffff",35.0730446267111,13968.3649782325
"H3 res 3","834348fffffffff",34.4750560967608,13942.856251761
"H3 res 3","8339acfffffffff",35.226183528459,13577.4668068598
"H3 res 3","83409dfffffffff",34.9238097176874,10269.6358458854
"H3 res 3","833b69fffffffff",34.7539499409431,14262.9872081525
"H3 res 3","833f46fffffffff",35.1240598528867,14549.8641749814
"H3 res 3","832493fffffffff",34.7642849778921,11988.0165990207
"H3 res 3","833604fffffffff",34.9218645995158,11948.5224102803
"H3 res 3","8326d2fffffffff",35.300787702672,14071.1819021307
"H3 res 3","8344c8fffffffff",35.4745905310676,11640.2208135264
"H3 res 3","832098fffffffff",35.4260759915332,14183.9978362933
"H3 res 3","832cdcfffffffff",35.6130374868341,13235.5413119972
"H3 res 3","833b6efffffffff",35.8348760334136,13968.3649782324
"H3 res 3","83291afffffffff",35.9931143721528,13165.7892266985
"H3 res 3","832da4fffffffff",35.5493604305314,14071.1819021305
"H3 res 3","833d40fffffffff",35.9459795647564,13258.9289694322
"H3 res 3","83434dfffffffff",35.610111705172,14105.7347835159
"H3 res 3","832a62fffffffff",35.5101963351019,10790.5351308165
"H3 res 3","833bb5fffffffff",35.1188923578392,10449.8845460052
"H3 res 3","833d2efffffffff",35.4947891399268,13968.3649782324
"H3 res 3","8329a3fffffffff",35.1046210217014,13799.7617445429
"H3 res 3","833214fffffffff",35.5913235131444,14884.2736768823
"H3 res 3","83382efffffffff",35.792797442839,12259.5952808399
"H3 res 3","833248fffffffff",35.323191537906,14123.0642841483
"H3 res 3","833254fffffffff",35.7323819537959,14752.7178534034
"H3 res 3","832ae0fffffffff",35.6375378299741,11131.5948785929
"H3 res 3","833758fffffffff",35.5712613222301,11381.174388153
"H3 res 3","8330a9fffffffff",35.6343916200425,8469.771557166
"H3 res 3","8324defffffffff",36.207971790052,10449.8845460052
"H3 res 3","832955fffffffff",35.7020030232589,11935.4058428065
"H3 res 3","833749fffffffff",35.7865392099884,10857.3423806196
"H3 res 3","833635fffffffff",36.2684359457121,11640.2208135262
"H3 res 3","833d76fffffffff",35.6084364279529,13716.7276845862
"H3 res 3","833f04fffffffff",36.3490929869471,14360.5299603513
"H3 res 3","833f31fffffffff",36.3181342037267,14280.6399874517
"H3 res 3","833598fffffffff",35.9495887835936,14495.3460565037
"H3 res 3","832e24fffffffff",36.0449767187754,12636.3399763593
"H3 res 3","833b0dfffffffff",36.437922642644,12870.4895388716
"H3 res 3","833b63fffffffff",36.3504206543032,13799.7617445429
"H3 res 3","833432fffffffff",36.3956470967195,14865.3605306345
"H3 res 3","833242fffffffff",35.6173056280082,14549.8641749815
"H3 res 3","833ba6fffffffff",35.8350506280129,10650.1978093222
"H3 res 3","832095fffffffff",36.1467279266495,14280.6399874517
"H3 res 3","8330a6fffffffff",36.1180954445064,8942.0071741425
"H3 res 3","832e44fffffffff",36.730931285683,10615.6917407884
"H3 res 3","832e2dfffffffff",36.1103665469625,11735.1277957951
"H3 res 3","833821fffffffff",36.6321261501155,12239.0699348065
"H3 res 3","833216fffffffff",36.5664207499183,14837.0658036216
"H3 res 3","83391efffffffff",36.5924426062056,13313.7688104587
"H3 res 3","8326d6fffffffff",36.427910687712,13900.5138479733
"H3 res 3","8330adfffffffff",36.1780740888586,8248.43374855421
"H3 res 3","832da1fffffffff",36.2632179351799,13766.4478582008
"H3 res 3","833b6cfffffffff",36.4607274324919,14105.7347835161
"H3 res 3","833d44fffffffff",36.7030678606492,13472.5552480176
"H3 res 3","833d29fffffffff",36.3289400824819,13900.5138479737
"H3 res 3","83324bfffffffff",36.2561761593581,14019.6163675262
"H3 res 3","833d4dfffffffff",36.858972792688,12870.4895388717
"H3 res 3","83232efffffffff",36.7374091167986,12550.3581288189
"H3 res 3","832330fffffffff",36.5200058251753,11640.2208135262
"H3 res 3","833d25fffffffff",36.869223000019,14262.9872081525
"H3 res 3","832a66fffffffff",36.3081666727279,10958.8542239028
"H3 res 3","832364fffffffff",36.1720254473331,13716.7276845861
"H3 res 3","832951fffffffff",36.765880893731,11792.6927806788
"H3 res 3","8324d6fffffffff",36.7468960953164,11102.4908388157
"H3 res 3","832a9afffffffff",37.4615137273221,11565.2124228228
"H3 res 3","83359efffffffff",36.5223001475511,14369.4525927063
"H3 res 3","834361fffffffff",36.6146879676224,13942.856251761
"H3 res 3","833f6efffffffff",36.9018338424302,14210.2464603361
"H3 res 3","832996fffffffff",36.8207896336646,13900.5138479735
"H3 res 3","833b70fffffffff",36.6643254576405,13258.9289694325
"H3 res 3","832e49fffffffff",37.0994399503025,9491.0342971898
"H3 res 3","833f22fffffffff",37.3318604830759,14210.246460336
"H3 res 3","83295cfffffffff",37.1277926135676,11534.1963383548
"H3 res 3","83248efffffffff",37.221862781184,11754.263997536
"H3 res 3","833d45fffffffff",37.0346457742728,13361.0759361565
"H3 res 3","832f1bfffffffff",37.3295416877687,12945.1477482073
"H3 res 3","83319efffffffff",36.8262771972244,9241.70094471999
"H3 res 3","83358dfffffffff",37.0379202156729,14799.478866177
"H3 res 3","832a8dfffffffff",37.1363880219298,11583.8888548995
"H3 res 3","833625fffffffff",37.1632225166852,11308.921416973
"H3 res 3","833430fffffffff",36.9158388816799,14884.2736768821
"H3 res 3","832082fffffffff",36.683145115641,14360.5299603511
"H3 res 3","832e26fffffffff",37.1069462709116,12716.0226081527
"H3 res 3","832360fffffffff",37.2619136918487,13766.4478582007
"H3 res 3","832952fffffffff",37.0670190302422,12148.1906468133
"H3 res 3","833420fffffffff",37.2160766568317,14884.2736768822
"H3 res 3","833436fffffffff",37.5713239628637,14827.6541667339
"H3 res 3","8337a8fffffffff",37.2209021716101,11381.1743881533
"H3 res 3","83294afffffffff",37.801621677872,11010.2048283962
"H3 res 3","833824fffffffff",37.2868223798639,12636.3399763594
"H3 res 3","832821fffffffff",37.740754796831,12236.446940091
"H3 res 3","832cc4fffffffff",37.5558245376523,13142.6745591844
"H3 res 3","833860fffffffff",37.7286061115555,13258.9289694326
"H3 res 3","833019fffffffff",37.5486708711556,8154.34608300751
"H3 res 3","83319dfffffffff",37.6601272944189,8821.88232530271
"H3 res 3","832642fffffffff",38.0239926190654,12423.2004262334
"H3 res 3","832a8cfffffffff",37.9576456893218,11792.6927806788
"H3 res 3","833750fffffffff",37.3745605005853,11131.5948785925
"H3 res 3","8320b0fffffffff",37.3311410170744,14369.4525927062
"H3 res 3","8332e4fffffffff",37.8205193154396,14827.6541667337
"H3 res 3","833591fffffffff",37.6869259694442,14333.8173853521
"H3 res 3","833182fffffffff",38.4282690274917,9089.79603980679
"H3 res 3","832cc8fffffffff",38.0679102815488,13766.4478582009
"H3 res 3","83282cfffffffff",38.1334589777521,11988.0165990208
"H3 res 3","832fa1fffffffff",38.08904577559,13766.4478582009
"H3 res 3","832314fffffffff",38.2988888777946,11509.4831421643
"H3 res 3","832b5dfffffffff",37.9113978301113,11273.0810882395
"H3 res 3","83370bfffffffff",38.1316942957054,11061.957685565
"H3 res 3","8326e1fffffffff",37.7774893647812,13096.6475984488
"H3 res 3","832e2afffffffff",38.2150226606526,11889.6862842437
"H3 res 3","831edbfffffffff",38.2343651425173,14254.174450557
"H3 res 3","833191fffffffff",37.5877479897783,9177.19702342628
"H3 res 3","83298dfffffffff",38.3508116501794,13081.3649417382
"H3 res 3","832d10fffffffff",38.3906714971022,13650.8980814346
"H3 res 3","833d66fffffffff",38.2144692428927,13866.7939745306
"H3 res 3","833b66fffffffff",37.989006124973,13577.4668068598
"H3 res 3","8330edfffffffff",38.3704787090635,9127.38018551617
"H3 res 3","83302bfffffffff",38.4099153840123,8066.19399132784
"H3 res 3","83299cfffffffff",38.5152057553743,13456.5349052611
"H3 res 3","83339afffffffff",38.0637685639388,14387.3255987084
"H3 res 3","833f60fffffffff",38.0633949343689,14183.9978362934
"H3 res 3","832315fffffffff",38.654301473758,11754.2639975364
"H3 res 3","833709fffffffff",38.7204323688874,10857.3423806194
"H3 res 3","8332e6fffffffff",38.8408754911317,14799.478866177
"H3 res 3","833b04fffffffff",38.7487061678155,12134.7069063868
"H3 res 3","832a0cfffffffff",38.2112257658758,11703.3492799634
"H3 res 3","8332e1fffffffff",38.8024597845826,14687.6648078541
"H3 res 3","833768fffffffff",38.6908193946088,10260.8110382613
"H3 res 3","833914fffffffff",37.9669787359643,13766.4478582007
"H3 res 3","832aabfffffffff",38.0426922367354,11818.4284451546
"H3 res 3","83391dfffffffff",37.9150092270192,13012.9593183187
"H3 res 3","83351bfffffffff",38.5937677808775,14827.6541667337
"H3 res 3","832085fffffffff",38.9956791398399,14613.9018215316
"H3 res 3","832958fffffffff",38.171845595823,11381.174388153
"H3 res 3","8324f2fffffffff",38.5486437549657,11369.0788837274
"H3 res 3","833544fffffffff",38.5739040944763,14423.1829521786
"H3 res 3","832371fffffffff",38.9543508570302,13456.5349052612
"H3 res 3","832376fffffffff",38.4109537539912,13050.8886371954
"H3 res 3","832368fffffffff",38.7814610718024,14123.0642841479
"H3 res 3","833769fffffffff",38.4102581205864,10482.3542841014
"H3 res 3","833d6dfffffffff",39.5220834856009,13376.907261531
"H3 res 3","832e01fffffffff",39.2720284846698,11948.5224102803
"H3 res 3","83269efffffffff",38.4667211076167,13650.8980814344
"H3 res 3","832310fffffffff",39.3644232676876,11552.789328556
"H3 res 3","8324f0fffffffff",39.5279452571688,11381.1743881528
"H3 res 3","833d69fffffffff",38.7231143772146,13165.7892266985
"H3 res 3","833d60fffffffff",38.5690093208407,13766.4478582007
"H3 res 3","832a2dfffffffff",38.9785659336042,11735.1277957951
"H3 res 3","8337a0fffffffff",38.7155426106388,10891.0049449742
"H3 res 3","833b2dfffffffff",39.3533338527019,12945.1477482073
"H3 res 3","833561fffffffff",39.2708811588851,14123.0642841479
"H3 res 3","832c03fffffffff",39.3393646342301,12374.3289180596
"H3 res 3","831ed8fffffffff",39.2530009342263,14123.0642841479
"H3 res 3","831ed9fffffffff",39.1847919272836,14105.7347835162
"H3 res 3","832e55fffffffff",38.7943445976511,10757.387971504
"H3 res 3","832faefffffffff",38.9871046712866,13618.1804532108
"H3 res 3","83350afffffffff",39.5509455102686,14752.7178534036
"H3 res 3","83295bfffffffff",39.2061233191762,11219.6743376114
"H3 res 3","833710fffffffff",39.7598073669566,10697.0571382796
"H3 res 3","832fb4fffffffff",39.5552670112016,14262.9872081526
"H3 res 3","8332eefffffffff",39.7927226336912,14586.3997151127
"H3 res 3","83370dfffffffff",39.6657358116193,10610.3040699103
"H3 res 3","832e30fffffffff",39.2377716215513,12833.4290869397
"H3 res 3","832a1efffffffff",39.0650991488991,12047.6672194216
"H3 res 3","832e06fffffffff",39.8122747395395,12423.2004262335
"H3 res 3","832a11fffffffff",39.9726529551012,12256.9655973027
"H3 res 3","83370efffffffff",39.4350665717384,10757.3879715043
"H3 res 3","83260bfffffffff",39.9218130504282,12694.2081059087
"H3 res 3","833571fffffffff",39.3430066575232,14468.2145242168
"H3 res 3","833562fffffffff",39.7125417064057,14333.817385352
"H3 res 3","83259afffffffff",39.8021023479412,13219.987707172
"H3 res 3","832692fffffffff",39.6232051526619,13376.9072615308
"H3 res 3","8324a3fffffffff",39.6946966173546,12458.3059278963
"H3 res 3","83299dfffffffff",39.045235361074,13282.3855791309
"H3 res 3","832e09fffffffff",39.4339513814627,11261.1763575495
"H3 res 3","832a02fffffffff",39.9915415989807,12229.6201052596
"H3 res 3","83236bfffffffff",39.8672911899003,14123.0642841477
"H3 res 3","833776fffffffff",40.2294291424208,10403.685575792
"H3 res 3","8324f4fffffffff",40.377229699738,11608.8690679228
"H3 res 3","8332a3fffffffff",39.5568159073128,14659.9311260001
"H3 res 3","8320f2fffffffff",39.8539456678335,14604.7248578977
"H3 res 3","83351efffffffff",40.4288609604376,14687.6648078542
"H3 res 3","832682fffffffff",40.0752414003238,13361.0759361566
"H3 res 3","831addfffffffff",40.2601795966515,13448.536634944
"H3 res 3","83298bfffffffff",40.050380681831,12900.2665058245
"H3 res 3","832a13fffffffff",39.9358703719915,12270.6765790143
"H3 res 3","8332b6fffffffff",40.0544154546194,14254.174450557
"H3 res 3","8331aafffffffff",40.1089607015283,8798.17989120751
"H3 res 3","8332f4fffffffff",39.8350928392649,14771.3926728847
"H3 res 3","8332e3fffffffff",39.833262722358,14659.9311260004
"H3 res 3","833570fffffffff",40.1022274619085,14495.3460565037
"H3 res 3","8321b2fffffffff",39.875660957721,14045.3596984806
"H3 res 3","831ecbfffffffff",40.0241466376822,13900.5138479733
"H3 res 3","8321b3fffffffff",40.5443721960575,14210.2464603361
"H3 res 3","831ac8fffffffff",40.4312990375561,13766.4478582007
"H3 res 3","833934fffffffff",40.7021572750418,13841.5934237771
"H3 res 3","833021fffffffff",40.7818030602683,8066.19399132777
"H3 res 3","832b50fffffffff",40.6659178099691,12047.6672194216
"H3 res 3","832802fffffffff",40.7794480420106,12229.6201052597
"H3 res 3","833584fffffffff",40.0360660727121,14423.1829521786
"H3 res 3","832593fffffffff",40.3210263702993,13577.4668068598
"H3 res 3","833701fffffffff",40.3664905231548,10503.5001589823
"H3 res 3","832cecfffffffff",40.4878281447919,13520.8074885748
"H3 res 3","8323a1fffffffff",40.735013310877,11131.5948785927
"H3 res 3","83372bfffffffff",40.5959719471407,10362.130333123
"H3 res 3","8331a8fffffffff",40.9309491728738,8755.00010780626
"H3 res 3","8328a4fffffffff",40.6442239110857,12892.8115084302
"H3 res 3","831e95fffffffff",40.939476572784,13235.5413119971
"H3 res 3","83261dfffffffff",41.3387156228268,12650.7657365238
"H3 res 3","832f86fffffffff",41.2793664950596,13816.469102109
"H3 res 3","832618fffffffff",40.9699200734034,12833.4290869398
"H3 res 3","832cedfffffffff",41.2043433579785,13716.7276845861
"H3 res 3","832355fffffffff",40.8679692906609,13290.2198209554
"H3 res 3","8335b1fffffffff",40.6087549472147,14280.6399874515
"H3 res 3","8318cbfffffffff",41.5069539628071,13900.5138479734
"H3 res 3","832a10fffffffff",40.8584161474227,12479.4486622822
"H3 res 3","832a04fffffffff",40.8855922043037,12374.3289180598
"H3 res 3","833766fffffffff",40.9079462685186,10000.2473424273
"H3 res 3","8331a2fffffffff",40.9716418378615,9468.71653909471
"H3 res 3","832f8cfffffffff",40.7421882157142,13282.3855791309
"H3 res 3","832664fffffffff",41.5572410650779,12437.2228208271
"H3 res 3","833972fffffffff",40.4158250455254,12318.8668906691
"H3 res 3","8332aafffffffff",40.7089544723186,14659.9311260002
"H3 res 3","833152fffffffff",41.2440591843754,8248.43374855435
"H3 res 3","832a94fffffffff",41.1234458421592,12479.4486622821
"H3 res 3","832a15fffffffff",40.8861182214537,12458.3059278963
"H3 res 3","8335b0fffffffff",41.1625862818185,14123.064284148
"H3 res 3","831ec3fffffffff",41.2071965134573,13816.4691021091
"H3 res 3","832b73fffffffff",41.3976161620881,12067.6607615744
"H3 res 3","832808fffffffff",41.944467130604,11509.4831421647
"H3 res 3","831ec2fffffffff",41.257386803177,13816.4691021093
"H3 res 3","832fb3fffffffff",41.4234246764689,13968.3649782324
"H3 res 3","8324e6fffffffff",41.4777437311784,11369.0788837274
"H3 res 3","831ccbfffffffff",41.8999089035399,9571.34984147257
"H3 res 3","83260efffffffff",41.6879978655937,12458.3059278964
"H3 res 3","8324ecfffffffff",41.7203656733824,10648.1137316054
"H3 res 3","83351cfffffffff",40.9265759006784,14659.9311260002
"H3 res 3","8320c0fffffffff",41.192959455415,14495.3460565037
"H3 res 3","831ed4fffffffff",41.296958193175,13766.4478582008
"H3 res 3","8318c9fffffffff",41.8067103418132,13716.7276845861
"H3 res 3","832868fffffffff",41.3752470649058,10010.0139081459
"H3 res 3","832ee1fffffffff",41.9128532464638,10891.0049449743
"H3 res 3","83281cfffffffff",41.8329700610761,12027.7288198795
"H3 res 3","833975fffffffff",42.4590440635248,12047.6672194216
"H3 res 3","831e80fffffffff",42.0507906848417,13258.9289694326
"H3 res 3","833280fffffffff",41.5671498073685,14495.3460565038
"H3 res 3","831a9afffffffff",41.5494080568436,11582.8368395137
"H3 res 3","832873fffffffff",41.9385259221833,10947.4971652549
"H3 res 3","831e86fffffffff",41.9493464693855,13142.6745591846
"H3 res 3","83274bfffffffff",41.7579159584679,12543.2369987641
"H3 res 3","833731fffffffff",41.9043714271881,10098.633169185
"H3 res 3","832f95fffffffff",42.3371878330868,13799.7617445426
"H3 res 3","832aa2fffffffff",41.5212013543717,12650.7657365237
"H3 res 3","831ec0fffffffff",42.2010027975405,13650.8980814345
"H3 res 3","8332c0fffffffff",41.8510143422691,14495.3460565035
"H3 res 3","83259dfffffffff",41.9616390129095,13282.3855791309
"H3 res 3","832a22fffffffff",41.7820022396027,12550.3581288191
"H3 res 3","832c53fffffffff",41.6085684529479,13577.4668068598
"H3 res 3","831ec6fffffffff",42.2413574229203,13642.7064027975
"H3 res 3","8332cdfffffffff",41.6547049833359,14227.7905490063
"H3 res 3","8335a0fffffffff",41.7695982907686,14369.4525927062
"H3 res 3","8324e4fffffffff",42.4464623129566,11344.9520444521
"H3 res 3","831e84fffffffff",42.950207290194,13035.6948282128
"H3 res 3","833736fffffffff",42.4594733152248,9914.90591751448
"H3 res 3","831a8afffffffff",42.7069379818083,12047.6672194215
"H3 res 3","8328a1fffffffff",42.1961278076564,12479.4486622822
"H3 res 3","832c50fffffffff",41.9927373550485,13424.5892963931
"H3 res 3","833294fffffffff",42.2076031991355,14183.9978362932
"H3 res 3","83260cfffffffff",42.0176965327222,12259.5952808398
"H3 res 3","831aebfffffffff",42.2113261955744,13766.4478582007
"H3 res 3","83261cfffffffff",42.0281450192638,12607.5705620407
"H3 res 3","832181fffffffff",42.4973834398442,14613.9018215315
"H3 res 3","832818fffffffff",42.8744911554385,11818.4284451545
"H3 res 3","831eb0fffffffff",42.7026543275954,12781.8423892806
"H3 res 3","832188fffffffff",42.5663235121543,14752.7178534038
"H3 res 3","8335b4fffffffff",42.3119741466394,14019.6163675264
"H3 res 3","832012fffffffff",41.9579821174865,14827.6541667338
"H3 res 3","831ef2fffffffff",42.2596586177442,13577.4668068598
"H3 res 3","832c72fffffffff",42.6997480665577,13081.3649417381
"H3 res 3","832840fffffffff",42.533736074806,10435.0346125381
"H3 res 3","832ee2fffffffff",43.2998659074184,11149.1183891186
"H3 res 3","833163fffffffff",43.3613360657872,9319.24730721315
"H3 res 3","832856fffffffff",43.3065702221979,11061.9576855651
"H3 res 3","831af3fffffffff",43.3720552778453,12803.9085831812
"H3 res 3","832d24fffffffff",42.8505554021793,13376.9072615308
"H3 res 3","8328acfffffffff",42.6528726002263,12270.6765790142
"H3 res 3","832c51fffffffff",42.731276963537,13618.1804532107
"H3 res 3","8326b0fffffffff",42.8203541973128,12781.8423892806
"H3 res 3","832841fffffffff",42.8050876521976,10178.5091611141
"H3 res 3","832a32fffffffff",42.7201320938305,12870.4895388715
"H3 res 3","833289fffffffff",42.8445679862162,14504.4087475606
"H3 res 3","831eb1fffffffff",42.8358596722451,12915.1980700101
"H3 res 3","833963fffffffff",42.7988895561647,11889.6862842436
"H3 res 3","832ab4fffffffff",43.2408102287098,13005.3954960554
"H3 res 3","8320eafffffffff",42.7483796344228,14468.2145242168
"H3 res 3","831a93fffffffff",42.7130924071638,11988.0165990208
"H3 res 3","8318ddfffffffff",43.0894011790121,13968.3649782324
"H3 res 3","83396efffffffff",43.0135380333221,12067.6607615742
"H3 res 3","83258efffffffff",43.0402291848091,13290.2198209555
"H3 res 3","832894fffffffff",43.9245235275065,12479.4486622821
"H3 res 3","83328afffffffff",43.7558539192478,14369.4525927063
"H3 res 3","8318ebfffffffff",43.9903402978426,13424.589296393
"H3 res 3","831a83fffffffff",44.0544272835964,11948.5224102803
"H3 res 3","8326b5fffffffff",43.3036636701188,12679.6997279126
"H3 res 3","832ef5fffffffff",43.6344903588233,11381.1743881529
"H3 res 3","833726fffffffff",43.3712169677077,9668.16430854014
"H3 res 3","83201efffffffff",43.0363527483777,14884.2736768822
"H3 res 3","833162fffffffff",43.911279889997,9177.19702342608
"H3 res 3","832d2afffffffff",43.2278346886894,12915.1980700102
"H3 res 3","83222dfffffffff",43.8436741471181,13050.8886371953
"H3 res 3","83284dfffffffff",43.2971292001247,9668.16430854008
"H3 res 3","832ea5fffffffff",43.2606768181588,12694.2081059088
"H3 res 3","8328e4fffffffff",43.6291717104413,11344.9520444522
"H3 res 3","83284cfffffffff",43.0594179194039,9922.68313055179
"H3 res 3","833734fffffffff",43.066803623968,9751.78340376627
"H3 res 3","831859fffffffff",43.8469095030215,12716.0226081529
"H3 res 3","831ef6fffffffff",43.2081246616788,13376.9072615307
"H3 res 3","8332cbfffffffff",43.6386107164055,14019.6163675266
"H3 res 3","8332d1fffffffff",43.8776084331815,14333.817385352
"H3 res 3","832230fffffffff",44.013491248211,11818.4284451547
"H3 res 3","83244bfffffffff",43.557567594133,9558.5163354376
"H3 res 3","833531fffffffff",44.3820190573591,14280.6399874516
"H3 res 3","833532fffffffff",44.538076296655,14227.7905490065
"H3 res 3","831c99fffffffff",44.2322828159195,9415.50928851549
"H3 res 3","832ec4fffffffff",43.9988135636565,10924.8418040859
"H3 res 3","832b8cfffffffff",44.5655036523936,13282.3855791309
"H3 res 3","832403fffffffff",44.1017026686698,11994.6201159792
"H3 res 3","831a59fffffffff",43.5001996376946,14105.734783516
"H3 res 3","832c42fffffffff",43.8550062399496,13642.7064027976
"H3 res 3","83185bfffffffff",43.6426403213809,12945.1477482072
"H3 res 3","8332ddfffffffff",43.8022907639865,14210.2464603363
"H3 res 3","83275efffffffff",43.8957097643598,12781.8423892806
"H3 res 3","833523fffffffff",44.1570533170317,14280.6399874516
"H3 res 3","832616fffffffff",44.0087024382442,12395.2345492669
"H3 res 3","83262efffffffff",44.0736657409674,12550.3581288191
"H3 res 3","832392fffffffff",44.4298490367025,9779.92461852602
"H3 res 3","832d72fffffffff",44.6218481046994,12318.866890669
"H3 res 3","8318c1fffffffff",44.5111541489661,13642.7064027976
"H3 res 3","831f9bfffffffff",44.5585045937809,12437.2228208272
"H3 res 3","833530fffffffff",45.0385584270828,14183.9978362933
"H3 res 3","83185afffffffff",44.481209560391,13005.3954960556
"H3 res 3","832c74fffffffff",44.108949627861,12900.2665058243
"H3 res 3","8325b1fffffffff",44.1483851328415,13976.885174583
"H3 res 3","832f93fffffffff",44.2888657873441,13577.4668068597
"H3 res 3","832232fffffffff",44.7030307860067,11583.8888548995
"H3 res 3","83258cfffffffff",44.116708141562,13282.3855791309
"H3 res 3","83235bfffffffff",44.382374603609,13376.9072615307
"H3 res 3","832c71fffffffff",44.5688963961902,13290.2198209555
"H3 res 3","831eacfffffffff",45.0010378760975,12870.4895388714
"H3 res 3","832b0efffffffff",44.3998515061733,12915.1980700101
"H3 res 3","832b18fffffffff",44.5416896950572,13096.6475984487
"H3 res 3","83244efffffffff",44.468756806264,9995.37001319205
"H3 res 3","833522fffffffff",44.8466623214553,14210.2464603361
"H3 res 3","83201cfffffffff",44.2132138504593,14922.2204923096
"H3 res 3","832388fffffffff",44.9693164472718,11131.5948785928
"H3 res 3","832853fffffffff",44.6153749899761,10610.3040699102
"H3 res 3","832229fffffffff",44.9225012488839,13005.3954960557
"H3 res 3","83285efffffffff",44.9061007373587,10362.1303331226
"H3 res 3","8332d3fffffffff",44.8762292975201,14227.7905490063
"H3 res 3","831cc4fffffffff",45.3127691269634,8833.77347910435
"H3 res 3","831a95fffffffff",44.4958327415205,12311.9632671292
"H3 res 3","832633fffffffff",44.7789363834363,12259.5952808401
"H3 res 3","832b8efffffffff",44.5161966906052,13290.2198209556
"H3 res 3","831af5fffffffff",45.1616814441184,12781.8423892805
"H3 res 3","832393fffffffff",44.8877969272391,10000.2473424273
"H3 res 3","831e5bfffffffff",44.5907568453833,12945.1477482073
"H3 res 3","832740fffffffff",45.4133815064305,13258.9289694327
"H3 res 3","831f98fffffffff",45.39360105311,12188.7920528825
"H3 res 3","8325b4fffffffff",44.625704690344,14262.9872081527
"H3 res 3","832632fffffffff",45.4384767050635,12270.6765790141
"H3 res 3","83200afffffffff",45.2158321175501,14884.2736768822
"H3 res 3","831cf1fffffffff",45.6782676314695,8798.17989120735
"H3 res 3","8321a9fffffffff",45.4756499576344,14771.3926728848
"H3 res 3","832d5bfffffffff",45.1942273677337,12892.8115084299
"H3 res 3","8325aefffffffff",45.8084552013753,13618.1804532108
"H3 res 3","83186bfffffffff",45.3350567677772,11818.4284451547
"H3 res 3","8318e8fffffffff",45.067774928272,13258.9289694326
"H3 res 3","8325a3fffffffff",45.5478607579902,13799.7617445427
"H3 res 3","831a51fffffffff",45.7202955266754,13618.1804532108
"H3 res 3","831ab3fffffffff",45.5018873493033,12550.3581288191
"H3 res 3","831ae6fffffffff",45.8430624679472,12870.4895388713
"H3 res 3","83222afffffffff",45.3962821985876,12607.570562041
"H3 res 3","832b9cfffffffff",45.3470180705954,13456.5349052613
"H3 res 3","832742fffffffff",45.1823397755756,13142.6745591845
"H3 res 3","832052fffffffff",45.3991624390515,14696.9288037587
"H3 res 3","831f99fffffffff",45.5480125605721,12318.8668906691
"H3 res 3","832631fffffffff",45.1491496905286,12458.3059278964
"H3 res 3","8320edfffffffff",45.0443166181448,14504.4087475605
"H3 res 3","83329bfffffffff",45.643602816023,14071.1819021308
"H3 res 3","832f9afffffffff",44.9869083599746,13219.9877071725
"H3 res 3","831cedfffffffff",46.0903572182233,9127.38018551599
"H3 res 3","831ee5fffffffff",45.9804092848848,12900.2665058244
"H3 res 3","831f91fffffffff",46.0234524686822,11792.6927806788
"H3 res 3","831690fffffffff",46.2165694840958,13313.7688104587
"H3 res 3","832b13fffffffff",46.4822686570876,13520.8074885747
"H3 res 3","831af4fffffffff",45.5607363788852,12543.236998764
"H3 res 3","832275fffffffff",45.4562883218265,13313.7688104587
"H3 res 3","831cf0fffffffff",46.0275935345238,8755.00010780624
"H3 res 3","832430fffffffff",45.5755549450369,12833.4290869397
"H3 res 3","831ae5fffffffff",46.0664027703145,13165.7892266984
"H3 res 3","832476fffffffff",46.2206376043056,11387.2301847978
"H3 res 3","831e4afffffffff",46.2618561890377,12479.4486622823
"H3 res 3","831a6bfffffffff",46.2934506081603,13942.8562517611
"H3 res 3","8328e8fffffffff",46.2656385746769,10435.0346125382
"H3 res 3","831a42fffffffff",46.319345827462,13642.7064027975
"H3 res 3","83238afffffffff",45.6072875349973,10891.0049449741
"H3 res 3","83238bfffffffff",46.0248699653963,11102.4908388159
"H3 res 3","831f94fffffffff",46.589229920506,11381.174388153
"H3 res 3","832d43fffffffff",46.7889955783929,12423.2004262334
"H3 res 3","832c4cfffffffff",46.4719580782031,13968.3649782324
"H3 res 3","832d59fffffffff",46.2771051011255,12870.4895388714
"H3 res 3","831e18fffffffff",46.0368378692744,12833.4290869398
"H3 res 3","83168afffffffff",46.7169607258773,13766.4478582008
"H3 res 3","8316cafffffffff",46.6706752557797,13942.8562517611
"H3 res 3","83220dfffffffff",46.7756967100981,12716.0226081527
"H3 res 3","8318d6fffffffff",46.1098127699111,13900.5138479734
"H3 res 3","8328eafffffffff",46.9298966800151,10456.0215370782
"H3 res 3","832761fffffffff",46.8496363945731,13650.8980814345
"H3 res 3","831d48fffffffff",46.598241826929,9424.34251408281
"H3 res 3","83186dfffffffff",46.4166647796766,11389.5592428832
"H3 res 3","832bacfffffffff",46.5034906918398,13577.4668068596
"H3 res 3","832399fffffffff",46.2260525705098,10648.1137316053
"H3 res 3","831e49fffffffff",46.8688923262572,12148.1906468134
"H3 res 3","83239bfffffffff",46.8254802879874,10403.6855757919
"H3 res 3","832e8cfffffffff",46.3783593649094,11792.6927806786
"H3 res 3","832034fffffffff",46.0969508878797,14837.0658036216
"H3 res 3","832b92fffffffff",47.0115982271477,13716.7276845858
"H3 res 3","832d62fffffffff",47.4087852840715,11810.8933093809
"H3 res 3","832113fffffffff",46.5261715579276,14604.7248578976
"H3 res 3","831852fffffffff",47.190047305608,12892.81150843
"H3 res 3","831aaefffffffff",46.5782002235662,12256.9655973027
"H3 res 3","832eb0fffffffff",46.6694155177928,12781.8423892805
"H3 res 3","8328f3fffffffff",46.5452140271712,11149.1183891184
"H3 res 3","832b21fffffffff",46.8877718071124,13096.6475984489
"H3 res 3","832463fffffffff",47.1846037178668,10530.0326469663
"H3 res 3","831ab0fffffffff",46.5189559616222,12781.8423892805
"H3 res 3","831e0bfffffffff",46.9259185234608,12694.2081059088
"H3 res 3","831aadfffffffff",47.0088127913913,12167.3134167341
"H3 res 3","831c80fffffffff",47.0346579534673,9064.88299179432
"H3 res 3","832e86fffffffff",47.2329456484833,12374.3289180597
"H3 res 3","8328d4fffffffff",47.1533553327846,11131.5948785926
"H3 res 3","8314b6fffffffff",47.1685067203497,9913.05810762519
"H3 res 3","831a68fffffffff",47.4176762499204,13766.4478582008
"H3 res 3","831d6bfffffffff",47.0703114902143,9709.82384493426
"H3 res 3","832782fffffffff",47.446747075554,11948.5224102805
"H3 res 3","831ab5fffffffff",47.3325405106137,12833.4290869397
"H3 res 3","8328c1fffffffff",47.5823894379768,10466.541392699
"H3 res 3","832edbfffffffff",47.5013938525926,10331.1450905121
"H3 res 3","831845fffffffff",47.0710979115612,11948.5224102803
"H3 res 3","831840fffffffff",46.9280458937373,12188.7920528826
"H3 res 3","8314b3fffffffff",47.3406847527302,10059.0860615734
"H3 res 3","83242cfffffffff",47.9771057655597,11988.0165990208
"H3 res 3","8327a9fffffffff",47.5600809712841,12694.2081059089
"H3 res 3","832d44fffffffff",47.2111325081299,11948.5224102802
"H3 res 3","832b95fffffffff",47.263860276437,13799.7617445429
"H3 res 3","831483fffffffff",47.9512856345638,10356.9553786363
"H3 res 3","832246fffffffff",47.5845786602542,13142.6745591843
"H3 res 3","832ed3fffffffff",47.7883215805815,10650.1978093222
"H3 res 3","83205dfffffffff",47.6885123614923,14333.817385352
"H3 res 3","831889fffffffff",47.2176490327805,13716.727684586
"H3 res 3","8316b2fffffffff",47.9261633816794,12870.4895388716
"H3 res 3","832428fffffffff",47.068512357618,11818.4284451548
"H3 res 3","83221dfffffffff",47.9367802077131,12067.6607615742
"H3 res 3","831a08fffffffff",48.2648104511974,12833.4290869397
"H3 res 3","832020fffffffff",48.4675993297511,14884.2736768821
"H3 res 3","831c2bfffffffff",48.3308920502952,8066.19399132779
"H3 res 3","8328d0fffffffff",48.1346085431159,10891.0049449742
"H3 res 3","832026fffffffff",47.8809612979855,14865.3605306345
"H3 res 3","8314d2fffffffff",48.3639837565018,10626.4807702416
"H3 res 3","831a13fffffffff",48.0535781695828,12270.6765790143
"H3 res 3","831a6dfffffffff",47.9243950173623,13716.7276845861
"H3 res 3","832119fffffffff",48.4522909605484,14799.4788661769
"H3 res 3","831e03fffffffff",47.8692897886836,12423.2004262336
"H3 res 3","831686fffffffff",48.2843206142699,13142.6745591844
"H3 res 3","83270afffffffff",47.9839419925034,13258.9289694324
"H3 res 3","831e4cfffffffff",48.0534633281194,12067.6607615742
"H3 res 3","831fb3fffffffff",47.574136076602,11273.0810882398
"H3 res 3","832b33fffffffff",48.2876231547427,13675.5223643175
"H3 res 3","83242dfffffffff",48.041806719475,11735.1277957951
"H3 res 3","832241fffffffff",48.0192819610459,13361.0759361561
"H3 res 3","83202bfffffffff",48.2520686011871,14884.2736768821
"H3 res 3","8322acfffffffff",48.5392472215716,11201.965724181
"H3 res 3","83221efffffffff",48.2705735793009,11640.2208135262
"H3 res 3","83159efffffffff",48.7334932757728,10218.8428647518
"H3 res 3","832072fffffffff",48.0230772680415,14799.478866177
"H3 res 3","832021fffffffff",49.0336056282877,14884.2736768821
"H3 res 3","831a6efffffffff",48.0087003585881,13618.1804532108
"H3 res 3","832bb3fffffffff",48.2828405166398,13968.3649782324
"H3 res 3","832d48fffffffff",48.4318635333562,12781.8423892805
"H3 res 3","832785fffffffff",48.3957038093996,12423.2004262333
"H3 res 3","8328d1fffffffff",48.5018883053374,10675.2583243556
"H3 res 3","83270dfffffffff",48.6228185769424,13577.4668068597
"H3 res 3","831d6efffffffff",48.6821817681321,9531.42785283932
"H3 res 3","8316c6fffffffff",48.7797639136199,13642.7064027974
"H3 res 3","831a6cfffffffff",48.5319103397208,13577.4668068596
"H3 res 3","831a63fffffffff",48.5773252803447,13456.534905261
"H3 res 3","832243fffffffff",48.8594298367113,13142.6745591844
"H3 res 3","832ba5fffffffff",48.441499467461,13900.5138479734
"H3 res 3","8312cbfffffffff",48.5223228715942,11481.0730781577
"H3 res 3","83255afffffffff",48.0860566860516,11478.7155109318
"H3 res 3","831893fffffffff",49.033318261525,13520.8074885748
"H3 res 3","83251dfffffffff",49.4322640832857,13012.9593183187
"H3 res 3","8327aefffffffff",48.8531999194035,12650.7657365236
"H3 res 3","830e4bfffffffff",49.4107764351331,14019.6163675265
"H3 res 3","8328c9fffffffff",49.1039928783834,9779.92461852628
"H3 res 3","8322e4fffffffff",49.3316241519953,12148.1906468133
"H3 res 3","8312c9fffffffff",49.0667176114672,11735.1277957951
"H3 res 3","832134fffffffff",49.4903639325272,14019.6163675263
"H3 res 3","832e9dfffffffff",48.4721498460231,11703.3492799633
"H3 res 3","831e72fffffffff",48.6843041285758,12270.6765790143
"H3 res 3","832d49fffffffff",49.2493619623739,12945.1477482073
"H3 res 3","831a62fffffffff",49.1228357668218,13282.3855791309
"H3 res 3","832766fffffffff",48.570060834297,13866.7939745305
"H3 res 3","8328dcfffffffff",48.8478197969116,10456.0215370785
"H3 res 3","832d64fffffffff",48.6294016986407,11735.1277957951
"H3 res 3","832070fffffffff",49.188559856072,14752.7178534037
"H3 res 3","832024fffffffff",49.0588931316744,14827.6541667338
"H3 res 3","83211dfffffffff",49.0007826589756,14715.4860343672
"H3 res 3","831a03fffffffff",49.0958640950201,12374.3289180597
"H3 res 3","8316cdfffffffff",48.4963253628691,13577.4668068596
"H3 res 3","832284fffffffff",49.3441439564517,10503.5001589827
"H3 res 3","831d53fffffffff",49.636023608893,8378.12035696949
"H3 res 3","831b8bfffffffff",49.7105259986048,12900.2665058244
"H3 res 3","831872fffffffff",49.4578793949034,12270.6765790143
"H3 res 3","832514fffffffff",49.6898103101662,13766.4478582008
"H3 res 3","832252fffffffff",49.9486021609392,12437.2228208272
"H3 res 3","831e36fffffffff",49.3923687140442,11735.1277957951
"H3 res 3","8327b1fffffffff",49.5745338077298,12311.9632671295
"H3 res 3","83210afffffffff",49.627451681246,14752.7178534037
"H3 res 3","83202cfffffffff",49.5775957209143,14865.3605306345
"H3 res 3","831a01fffffffff",49.7667017481535,12423.2004262334
"H3 res 3","831e05fffffffff",49.6608936833167,11994.6201159795
"H3 res 3","8322a9fffffffff",49.9859542842918,11308.9214169731
"H3 res 3","831e76fffffffff",49.6055460070942,12054.3255959832
"H3 res 3","8316f6fffffffff",49.7019445407789,13376.9072615308
"H3 res 3","831883fffffffff",49.3089490625645,13472.5552480176
"H3 res 3","831d51fffffffff",49.4800502943705,8604.7174855609
"H3 res 3","8316f0fffffffff",49.7365295302963,13424.5892963928
"H3 res 3","831892fffffffff",49.6354447395573,13376.9072615307
"H3 res 3","831e63fffffffff",50.1356739990866,11754.2639975364
"H3 res 3","831582fffffffff",49.9488676309625,10466.5413926991
"H3 res 3","831e35fffffffff",50.4143912525373,11640.2208135263
"H3 res 3","831c02fffffffff",49.7165031828995,7725.51260446708
"H3 res 3","8314aafffffffff",49.8365744267189,10874.151954615
"H3 res 3","832508fffffffff",50.6063214454858,12679.6997279125
"H3 res 3","832b34fffffffff",50.120545754959,13841.5934237772
"H3 res 3","830ed8fffffffff",50.4978909607821,14123.0642841478
"H3 res 3","8316aafffffffff",49.5540963588527,13235.5413119974
"H3 res 3","831d50fffffffff",50.3446516890169,8441.26202852418
"H3 res 3","83204dfffffffff",50.2548074103307,14045.3596984806
"H3 res 3","831d60fffffffff",50.2648598439229,9368.35424870349
"H3 res 3","831a14fffffffff",50.1604343555297,12679.6997279126
"H3 res 3","8314d4fffffffff",49.8358270946976,11010.2048283964
"H3 res 3","831b8afffffffff",49.9863492162474,13096.6475984489
"H3 res 3","8312c8fffffffff",49.5661347367887,11640.2208135264
"H3 res 3","83255dfffffffff",49.9697015551036,11273.0810882397
"H3 res 3","831818fffffffff",50.3635477506682,12833.4290869399
"H3 res 3","830ecefffffffff",50.8957735556795,14280.6399874516
"H3 res 3","831a64fffffffff",50.7701216891573,13050.8886371951
"H3 res 3","8310b6fffffffff",50.5656656264398,12636.3399763594
"H3 res 3","831c14fffffffff",50.8082519157474,8066.1939913279
"H3 res 3","831c15fffffffff",50.2629366231334,7890.78565169867
"H3 res 3","830e59fffffffff",50.4100599025395,14227.790549006
"H3 res 3","8314c2fffffffff",50.6992554269928,11290.9775533282
"H3 res 3","832296fffffffff",50.5282233211754,9558.51633543748
"H3 res 3","8314ddfffffffff",50.517508278139,11273.0810882397
"H3 res 3","8312d1fffffffff",50.3187006010127,11027.4108688077
"H3 res 3","83109bfffffffff",50.6269562239821,13951.350529104
"H3 res 3","832259fffffffff",50.9219237045628,12870.4895388716
"H3 res 3","831586fffffffff",50.2274842546777,10466.5413926988
"H3 res 3","831a06fffffffff",50.5330009130991,12423.2004262333
"H3 res 3","83210efffffffff",50.1721011157223,14659.9311260003
"H3 res 3","8312ccfffffffff",50.619051555904,11792.6927806788
"H3 res 3","832b36fffffffff",50.2332550508028,13951.350529104
"H3 res 3","832d6dfffffffff",50.9671251762502,12148.1906468133
"H3 res 3","831fadfffffffff",50.9968468438218,11219.6743376111
"H3 res 3","8327b4fffffffff",51.2123436399059,12395.2345492672
"H3 res 3","832104fffffffff",50.4989047549627,14360.5299603514
"H3 res 3","831b89fffffffff",50.4776263645046,12892.81150843
"H3 res 3","830e5dfffffffff",51.4059380573391,14333.8173853521
"H3 res 3","831190fffffffff",51.2702964408399,11640.2208135262
"H3 res 3","832d69fffffffff",50.7789401266802,12395.2345492669
"H3 res 3","8314acfffffffff",51.2409842541438,11201.9657241809
"H3 res 3","8316e2fffffffff",50.6884746118426,13282.3855791308
"H3 res 3","8316a6fffffffff",50.9995245135344,12564.620617899
"H3 res 3","831874fffffffff",50.6176550289904,11831.3313981276
"H3 res 3","831f1bfffffffff",51.2354874463083,11387.230184798
"H3 res 3","8314cefffffffff",51.4958012971264,11534.1963383547
"H3 res 3","8314f3fffffffff",50.8074629828963,11273.0810882397
"H3 res 3","83180cfffffffff",51.0934232162086,12256.9655973027
"H3 res 3","832702fffffffff",50.5349516448579,13472.5552480176
"H3 res 3","831f5afffffffff",51.354348622272,11608.8690679229
"H3 res 3","831d09fffffffff",51.9122531619185,8704.42299080743
"H3 res 3","832700fffffffff",50.9105671371624,13650.8980814343
"H3 res 3","8316acfffffffff",51.4324680215154,12870.4895388716
"H3 res 3","83225afffffffff",51.5116858285935,12543.236998764
"H3 res 3","832536fffffffff",51.3657607228195,13951.3505291038
"H3 res 3","83125bfffffffff",51.7423312258705,12636.3399763593
"H3 res 3","8322ecfffffffff",50.9901913727215,12318.8668906691
"H3 res 3","8322f1fffffffff",51.7782248355633,11534.1963383547
"H3 res 3","83182bfffffffff",51.2852084541928,12047.6672194215
"H3 res 3","83194efffffffff",51.8758479633605,10913.543407062
"H3 res 3","831b83fffffffff",51.3069943574829,13472.5552480174
"H3 res 3","8322f0fffffffff",51.4113644212119,11381.1743881529
"H3 res 3","832705fffffffff",51.2651358062019,13816.4691021089
"H3 res 3","832541fffffffff",51.8326828176613,11290.977553328
"H3 res 3","831f12fffffffff",51.6012809706082,10857.3423806193
"H3 res 3","831c25fffffffff",51.322903771421,8291.6795700002
"H3 res 3","8310b0fffffffff",51.3979009924988,12781.8423892805
"H3 res 3","832504fffffffff",52.0752835481605,13361.0759361564
"H3 res 3","830e5cfffffffff",52.4034294580195,14468.2145242166
"H3 res 3","832530fffffffff",51.6307381811449,13766.4478582007
"H3 res 3","8312d4fffffffff",51.7279065850395,11010.2048283962
"H3 res 3","832069fffffffff",52.1882676743347,14019.6163675264
"H3 res 3","832505fffffffff",52.2552135377913,13142.6745591845
"H3 res 3","831e25fffffffff",52.2537266579086,11308.9214169727
"H3 res 3","830e5efffffffff",52.3772982332071,14495.3460565039
"H3 res 3","8322f2fffffffff",52.0613772124709,11119.9380221118
"H3 res 3","831b94fffffffff",51.9242736086478,13942.856251761
"H3 res 3","832068fffffffff",51.8778351280363,14183.9978362935
"H3 res 3","832120fffffffff",52.0914106008203,14123.0642841479
"H3 res 3","831790fffffffff",51.8647168880408,11692.3622456863
"H3 res 3","8316a4fffffffff",52.0040635636744,12437.2228208273
"H3 res 3","831585fffffffff",51.8105025617199,10924.841804086
"H3 res 3","831c26fffffffff",52.2514258215723,8154.34608300739
"H3 res 3","83210dfffffffff",51.9678472749712,14604.7248578978
"H3 res 3","832151fffffffff",51.9210565538551,14715.486034367
"H3 res 3","831b58fffffffff",51.8072949990337,12679.6997279125
"H3 res 3","832723fffffffff",52.3758120549875,13976.8851745831
"H3 res 3","831f4bfffffffff",52.764479538854,11102.4908388158
"H3 res 3","832142fffffffff",53.0857527036021,14613.9018215318
"H3 res 3","832061fffffffff",52.3114669515828,14369.4525927061
"H3 res 3","830ec2fffffffff",52.6710552190883,14423.1829521786
"H3 res 3","831083fffffffff",52.4585698129923,13472.5552480175
"H3 res 3","831b5dfffffffff",52.3726388322604,12650.7657365236
"H3 res 3","832124fffffffff",52.5023280156943,13951.350529104
"H3 res 3","8312c6fffffffff",51.9696457573727,11417.5898791532
"H3 res 3","832298fffffffff",52.9755226517172,10010.013908146
"H3 res 3","831288fffffffff",52.427504870508,10697.0571382798
"H3 res 3","831811fffffffff",52.1591837152282,12550.358128819
"H3 res 3","831b53fffffffff",52.7425874970785,12270.6765790143
"H3 res 3","832172fffffffff",52.5738616237082,14604.7248578977
"H3 res 3","831b5cfffffffff",52.8705840463751,12458.3059278965
"H3 res 3","831613fffffffff",52.4087644949234,12716.0226081528
"H3 res 3","8318a0fffffffff",52.9230743715494,12679.6997279125
"H3 res 3","8322e9fffffffff",52.288627876855,12298.1753469625
"H3 res 3","8318a5fffffffff",53.2827666068641,12543.236998764
"H3 res 3","8315a8fffffffff",53.4341818115025,11381.1743881532
"H3 res 3","831bb3fffffffff",52.8112598476327,13968.3649782324
"H3 res 3","831b86fffffffff",52.6091040489796,13816.4691021091
"H3 res 3","8318b0fffffffff",52.7488061647655,12781.8423892804
"H3 res 3","831616fffffffff",53.1491354773316,12395.2345492672
"H3 res 3","831186fffffffff",53.248412133407,11417.5898791533
"H3 res 3","831283fffffffff",53.0299540618058,10356.9553786367
"H3 res 3","831d19fffffffff",52.9887483513523,8378.12035696932
"H3 res 3","832289fffffffff",52.6893700229299,10857.3423806195
"H3 res 3","831290fffffffff",52.8165914271917,9742.43297475771
"H3 res 3","83108afffffffff",52.8844785068998,13766.4478582008
"H3 res 3","8315aefffffffff",52.758111075775,11149.1183891183
"H3 res 3","832570fffffffff",52.7028747180548,12188.7920528826
"H3 res 3","83178bfffffffff",52.9971007658065,12298.1753469626
"H3 res 3","832064fffffffff",52.6604596810535,14504.4087475604
"H3 res 3","831610fffffffff",53.274062607264,12479.448662282
"H3 res 3","831783fffffffff",53.3797290578591,11997.156543664
"H3 res 3","832170fffffffff",53.7360454472071,14495.3460565037
"H3 res 3","8317b6fffffffff",53.8691171187659,12148.1906468133
"H3 res 3","830e6efffffffff",53.2473672453933,14333.817385352
"H3 res 3","831f49fffffffff",53.522375160195,10857.3423806195
"H3 res 3","831953fffffffff",53.3871987483837,11369.0788837274
"H3 res 3","83212cfffffffff",53.4916361693111,14227.7905490063
"H3 res 3","831b1bfffffffff",53.7713676515614,12945.1477482074
"H3 res 3","831b42fffffffff",53.9211369502698,12229.6201052595
"H3 res 3","831649fffffffff",53.3037188585382,12148.1906468132
"H3 res 3","83214bfffffffff",53.8063082648169,14387.3255987087
"H3 res 3","83128cfffffffff",53.4288317536856,10790.5351308164
"H3 res 3","83108bfffffffff",53.6321443762317,13841.5934237772
"H3 res 3","831415fffffffff",53.6450775369428,11754.2639975362
"H3 res 3","831611fffffffff",53.3711228930909,12550.3581288192
"H3 res 3","830ed0fffffffff",53.2921456035343,14369.4525927062
"H3 res 3","831648fffffffff",53.537992918485,12236.4469400908
"H3 res 3","830e51fffffffff",53.3989051198386,14586.3997151128
"H3 res 3","831295fffffffff",53.535464914519,9995.37001319223
"H3 res 3","8312ecfffffffff",53.3422945719085,12318.8668906691
"H3 res 3","83229afffffffff",53.5086472886997,9751.78340376631
"H3 res 3","832174fffffffff",54.2886590618479,14387.3255987087
"H3 res 3","831d94fffffffff",54.4216949758635,9549.47260049619
"H3 res 3","831d28fffffffff",54.1160021402937,9424.34251408248
"H3 res 3","830ec4fffffffff",53.9536868444024,14613.9018215317
"H3 res 3","8311a2fffffffff",54.2864446874848,11027.4108688079
"H3 res 3","831516fffffffff",54.2010195630322,11308.9214169731
"H3 res 3","831251fffffffff",54.4980606449883,12803.9085831814
"H3 res 3","831512fffffffff",53.9720188286075,11344.9520444523
"H3 res 3","830cdafffffffff",54.3082549298157,10482.3542841013
"H3 res 3","832140fffffffff",54.2445029467478,14495.3460565037
"H3 res 3","831184fffffffff",54.2215960410792,11290.9775533282
"H3 res 3","831603fffffffff",54.3742984909981,12423.2004262334
"H3 res 3","831d18fffffffff",53.8169229717107,8441.26202852432
"H3 res 3","831d1afffffffff",53.5770647924379,8469.77155716618
"H3 res 3","83198bfffffffff",54.3126272923894,12298.1753469625
"H3 res 3","831f4dfffffffff",54.4139715519046,10650.197809322
"H3 res 3","8310d6fffffffff",54.3639454795582,13900.5138479734
"H3 res 3","831085fffffffff",53.8553582081432,13142.6745591843
"H3 res 3","832148fffffffff",54.5244715935987,14369.4525927062
"H3 res 3","831d86fffffffff",54.3011567647893,9297.59817310643
"H3 res 3","830cd9fffffffff",54.4399416728574,10082.94794953
"H3 res 3","830b93fffffffff",54.6508942930229,13577.4668068599
"H3 res 3","830e52fffffffff",54.3311950188683,14696.9288037587
"H3 res 3","831832fffffffff",54.9259345844808,11988.0165990208
"H3 res 3","830ccafffffffff",54.9370618709196,10010.0139081461
"H3 res 3","831655fffffffff",54.2028396668775,12458.3059278965
"H3 res 3","8311a6fffffffff",54.3279298596657,10765.0190438552
"H3 res 3","831641fffffffff",54.7310219542038,12134.7069063868
"H3 res 3","831252fffffffff",54.4304258009065,12437.2228208271
"H3 res 3","831602fffffffff",54.3186413801879,12374.3289180598
"H3 res 3","831f4cfffffffff",54.5416793285514,10675.2583243559
"H3 res 3","83164cfffffffff",54.532682097712,12067.6607615744
"H3 res 3","830ed4fffffffff",54.4011643112372,14495.3460565037
"H3 res 3","831a24fffffffff",54.0582793559564,12636.3399763594
"H3 res 3","831da3fffffffff",54.990389067262,9228.88108629864
"H3 res 3","831b0afffffffff",55.1529000341178,12781.8423892806
"H3 res 3","8322cefffffffff",54.4892888657511,11534.1963383546
"H3 res 3","831284fffffffff",54.9867157468621,10503.5001589824
"H3 res 3","831d13fffffffff",54.9945790196909,8885.61184844674
"H3 res 3","831606fffffffff",55.1779777722576,12248.957517912
"H3 res 3","830ab6fffffffff",55.2279808648653,12945.1477482072
"H3 res 3","831673fffffffff",55.1531672235657,12256.9655973026
"H3 res 3","8312a8fffffffff",55.1367827954779,11131.5948785927
"H3 res 3","83214cfffffffff",55.2207421924491,14333.8173853518
"H3 res 3","831820fffffffff",54.8514882782627,11509.4831421643
"H3 res 3","831b45fffffffff",55.0096648005404,12134.7069063865
"H3 res 3","830bb3fffffffff",54.9093626112829,13968.3649782325
"H3 res 3","831632fffffffff",54.9416695506691,12270.6765790143
"H3 res 3","83118afffffffff",54.740873269866,12188.7920528827
"H3 res 3","830e62fffffffff",55.3420876867239,14586.3997151127
"H3 res 3","83199afffffffff",54.8414693845953,12298.1753469624
"H3 res 3","830cddfffffffff",55.3902403246356,10234.0367238618
"H3 res 3","8310d4fffffffff",55.4894783937024,13766.4478582009
"H3 res 3","8314edfffffffff",55.1486919670636,12437.222820827
"H3 res 3","831f6afffffffff",55.4052578178232,10456.0215370782
"H3 res 3","830cc8fffffffff",55.3991297906229,10010.0139081461
"H3 res 3","831998fffffffff",55.2562649931539,12188.7920528825
"H3 res 3","831f04fffffffff",55.2045253970452,10178.5091611142
"H3 res 3","83199efffffffff",55.8667748947278,12047.6672194217
"H3 res 3","83198afffffffff",54.9890413243311,12188.7920528826
"H3 res 3","83145bfffffffff",55.9252030691488,12636.3399763594
"H3 res 3","83140efffffffff",55.3689439408669,12311.9632671295
"H3 res 3","831404fffffffff",55.682281698168,12229.6201052597
"H3 res 3","8310a5fffffffff",55.4074135579009,12543.2369987641
"H3 res 3","831672fffffffff",55.2340476541352,12270.6765790143
"H3 res 3","831826fffffffff",55.6298042961975,11454.1999622937
"H3 res 3","8322cbfffffffff",55.7784684342639,11481.0730781577
"H3 res 3","831f2afffffffff",55.4403417502264,10310.5739416206
"H3 res 3","830e65fffffffff",55.1193389434773,14387.3255987088
"H3 res 3","831d10fffffffff",55.84728249162,9064.8829917941
"H3 res 3","831f6bfffffffff",55.2892640489102,10449.8845460053
"H3 res 3","831633fffffffff",55.0749815453764,12259.5952808399
"H3 res 3","831b13fffffffff",55.5945726872707,13520.8074885749
"H3 res 3","8311a5fffffffff",56.1606558782933,10746.3766109332
"H3 res 3","831db0fffffffff",55.7280839173418,9742.43297475758
"H3 res 3","8311aafffffffff",55.9996376167097,11534.1963383546
"H3 res 3","830ba2fffffffff",56.4542207739183,13968.3649782326
"H3 res 3","83145efffffffff",56.1935053731561,12679.6997279125
"H3 res 3","8310d1fffffffff",55.7722803539769,13968.3649782325
"H3 res 3","831b1cfffffffff",55.973439493267,13235.5413119973
"H3 res 3","830e88fffffffff",56.0713959094849,14495.3460565037
"H3 res 3","831972fffffffff",56.1733309188909,10648.1137316053
"H3 res 3","8317a6fffffffff",56.2741893787043,12716.022608153
"H3 res 3","831b1dfffffffff",55.5734293276097,13012.9593183187
"H3 res 3","83216afffffffff",55.8933506800174,14280.6399874516
"H3 res 3","830ef5fffffffff",55.954275876351,14752.7178534036
"H3 res 3","8322d8fffffffff",55.8435359892905,11057.7282733564
"H3 res 3","831219fffffffff",55.7813074594335,11988.0165990208
"H3 res 3","8310f2fffffffff",55.8695568774241,13577.4668068598
"H3 res 3","831f6efffffffff",56.2515789028087,10234.0367238618
"H3 res 3","831ba4fffffffff",56.4922354528574,14071.1819021305
"H3 res 3","830ab4fffffffff",56.1112698041703,13005.3954960554
"H3 res 3","831b62fffffffff",56.5430057604117,11810.8933093807
"H3 res 3","831909fffffffff",56.0784002785528,10857.3423806194
"H3 res 3","8310d5fffffffff",56.2054691248598,13799.7617445428
"H3 res 3","830e70fffffffff",56.4349560355908,14752.7178534036
"H3 res 3","830e9efffffffff",56.8782682914189,14123.0642841478
"H3 res 3","830e8efffffffff",56.8792629903439,14468.2145242166
"H3 res 3","83166efffffffff",56.4817367666104,11810.8933093806
"H3 res 3","83140cfffffffff",56.4157269173133,12550.358128819
"H3 res 3","831f75fffffffff",56.3937072375002,10218.8428647517
"H3 res 3","831f74fffffffff",56.3842805943072,10193.6031595263
"H3 res 3","830ef4fffffffff",56.856473111266,14771.3926728847
"H3 res 3","830ba6fffffffff",56.075175871332,14105.7347835159
"H3 res 3","831b71fffffffff",56.0103161404188,11937.9232594466
"H3 res 3","8310adfffffffff",56.8179349559262,12945.1477482071
"H3 res 3","831d16fffffffff",56.4557289498563,9310.57758225253
"H3 res 3","831459fffffffff",56.9716947074597,12870.4895388714
"H3 res 3","830a82fffffffff",57.4322022262835,12134.7069063866
"H3 res 3","830e19fffffffff",57.2072930654756,14865.3605306345
"H3 res 3","831010fffffffff",57.28988011292,12479.4486622822
"H3 res 3","83139afffffffff",57.3327097560531,10193.6031595263
"H3 res 3","831506fffffffff",56.8755343047213,11948.5224102806
"H3 res 3","831f2dfffffffff",57.1044527293444,9913.05810762505
"H3 res 3","831976fffffffff",57.0694178126821,10403.685575792
"H3 res 3","831f20fffffffff",56.7802229223756,9742.43297475773
"H3 res 3","831d24fffffffff",57.4856177785061,9980.76178584594
"H3 res 3","8310a9fffffffff",56.5339506628958,13165.7892266986
"H3 res 3","83142efffffffff",57.3451440142826,12650.7657365239
"H3 res 3","830eabfffffffff",57.4890399729138,14687.6648078541
"H3 res 3","831629fffffffff",57.081949354885,12395.2345492668
"H3 res 3","83121dfffffffff",56.8529561657364,12067.6607615742
"H3 res 3","830b9cfffffffff",56.5662743891247,13456.5349052611
"H3 res 3","83171afffffffff",57.5692228562263,12900.2665058244
"H3 res 3","8311acfffffffff",57.0330314530454,11119.9380221117
"H3 res 3","8310f1fffffffff",57.7147613935434,13456.5349052612
"H3 res 3","83190efffffffff",57.6702846578019,10757.387971504
"H3 res 3","8310cafffffffff",57.7173780049114,13942.8562517611
"H3 res 3","832169fffffffff",57.4899957303458,14019.6163675264
"H3 res 3","831f24fffffffff",57.4720056612617,9491.03429718981
"H3 res 3","83145cfffffffff",57.2511174130383,12915.1980700101
"H3 res 3","8308b2fffffffff",57.8424288152398,9668.16430854012
"H3 res 3","831420fffffffff",57.1165825082368,12479.4486622818
"H3 res 3","831d35fffffffff",57.7139606983521,9549.4726004966
"H3 res 3","8310c3fffffffff",57.5735256907177,13816.4691021091
"H3 res 3","830cc0fffffffff",57.3048161212082,10697.0571382799
"H3 res 3","83166dfffffffff",57.0161031752445,11735.1277957948
"H3 res 3","830e81fffffffff",58.015258675531,14549.8641749815
"H3 res 3","830f5bfffffffff",57.3635701385112,14696.9288037587
"H3 res 3","831f60fffffffff",57.1426830430525,10010.013908146
"H3 res 3","831399fffffffff",57.9245962897774,10648.1137316051
"H3 res 3","830c99fffffffff",57.1505098043405,11454.1999622936
"H3 res 3","830f48fffffffff",56.9421473400377,14369.4525927063
"H3 res 3","830994fffffffff",57.135472825955,9549.47260049629
"H3 res 3","830e18fffffffff",58.1438909497507,14884.2736768821
"H3 res 3","831b00fffffffff",57.795500983088,13258.9289694325
"H3 res 3","831260fffffffff",58.4025448149052,13650.8980814344
"H3 res 3","830a84fffffffff",58.2725330131219,12423.2004262335
"H3 res 3","830f5afffffffff",58.4181394938351,14771.3926728848
"H3 res 3","830b9dfffffffff",57.6346739745143,13282.3855791307
"H3 res 3","830c9dfffffffff",58.144855971548,11703.3492799635
"H3 res 3","831261fffffffff",57.7769038389184,13766.4478582009
"H3 res 3","83191efffffffff",58.0817514435673,11050.4220624273
"H3 res 3","831980fffffffff",57.6408960212122,11552.789328556
"H3 res 3","830e92fffffffff",58.2675426857747,13951.3505291039
"H3 res 3","831b65fffffffff",57.5424757259337,11582.8368395136
"H3 res 3","830a9dfffffffff",58.3948113666023,11810.8933093811
"H3 res 3","830ba3fffffffff",57.5647273129656,13799.7617445427
"H3 res 3","8312a4fffffffff",57.7059550065193,10857.3423806196
"H3 res 3","830e90fffffffff",58.7327699689121,14123.064284148
"H3 res 3","831134fffffffff",58.740255287806,9751.78340376654
"H3 res 3","831214fffffffff",58.9508148865786,11552.789328556
"H3 res 3","8310f5fffffffff",58.0716035852599,13258.9289694327
"H3 res 3","830c5cfffffffff",58.8817353769985,10310.5739416206
"H3 res 3","8310c8fffffffff",58.8429360242239,13766.4478582008
"H3 res 3","831443fffffffff",58.3209760554452,13142.6745591845
"H3 res 3","83101bfffffffff",58.3945215793476,13050.8886371953
"H3 res 3","831505fffffffff",58.6392623737252,12374.32891806
"H3 res 3","831624fffffffff",58.8363705785499,13050.8886371951
"H3 res 3","830ea8fffffffff",58.6130554697559,14752.7178534037
"H3 res 3","831901fffffffff",58.5770390795172,10503.5001589825
"H3 res 3","831994fffffffff",58.4462424213482,11381.1743881533
"H3 res 3","831928fffffffff",58.7608772592258,10113.5301845739
"H3 res 3","830f58fffffffff",58.3267803540005,14687.6648078543
"H3 res 3","831b04fffffffff",58.9155128976893,13361.0759361565
"H3 res 3","831133fffffffff",58.8678393079829,10269.6358458854
"H3 res 3","8310c4fffffffff",58.4337463965508,13472.5552480176
"H3 res 3","8309b5fffffffff",58.8343696474473,9709.82384493413
"H3 res 3","831758fffffffff",58.847211395814,12679.6997279124
"H3 res 3","831520fffffffff",59.0144677238873,12236.4469400909
"H3 res 3","831111fffffffff",58.8998269952895,10790.5351308166
"H3 res 3","830c8efffffffff",58.8122391050926,11754.2639975363
"H3 res 3","831b2efffffffff",59.1386861861047,13012.9593183186
"H3 res 3","830891fffffffff",58.7225565648342,9531.42785283908
"H3 res 3","831265fffffffff",58.9214424742444,13841.593423777
"H3 res 3","831471fffffffff",59.1005143723854,13235.5413119974
"H3 res 3","83101cfffffffff",58.9381499653338,12607.5705620408
"H3 res 3","831474fffffffff",59.1204749020426,13165.7892266983
"H3 res 3","831130fffffffff",58.8153206183351,10010.013908146
"H3 res 3","831752fffffffff",58.949629307584,12945.1477482074
"H3 res 3","831018fffffffff",58.6833608767935,12833.4290869398
"H3 res 3","831388fffffffff",59.474517419107,11131.5948785928
"H3 res 3","830e95fffffffff",59.1701665470509,14280.6399874515
"H3 res 3","830b8afffffffff",58.6908657974152,13096.647598449
"H3 res 3","830998fffffffff",58.9756634710395,9064.88299179418
"H3 res 3","831448fffffffff",59.0984819845803,13313.7688104588
"H3 res 3","83111bfffffffff",59.7147547410296,11387.2301847981
"H3 res 3","831550fffffffff",59.9002304870033,13096.6475984489
"H3 res 3","830bacfffffffff",59.4082384278114,13577.4668068597
"H3 res 3","830c81fffffffff",59.8293612722068,11994.6201159795
"H3 res 3","83089cfffffffff",59.4768925498665,9319.24730721297
"H3 res 3","831521fffffffff",59.8353726951356,12479.4486622817
"H3 res 3","830e96fffffffff",59.4157569748937,14019.6163675264
"H3 res 3","830e13fffffffff",59.9716238889449,14865.3605306345
"H3 res 3","8319b1fffffffff",59.2313533126192,11154.9697778054
"H3 res 3","830b8bfffffffff",59.7340132813581,12900.2665058247
"H3 res 3","83064afffffffff",59.8294511826469,12479.4486622822
"H3 res 3","830f6efffffffff",59.5514765077647,14210.2464603362
"H3 res 3","831753fffffffff",58.9513871389761,12870.4895388713
"H3 res 3","831389fffffffff",59.2284564408393,11344.9520444523
"H3 res 3","831b2dfffffffff",59.2564577814674,12636.3399763594
"H3 res 3","831750fffffffff",59.8920609723403,13096.6475984487
"H3 res 3","831396fffffffff",59.4203293133024,9786.43949815806
"H3 res 3","830a85fffffffff",59.2592392234583,12229.6201052596
"H3 res 3","83152bfffffffff",60.1890939693421,12833.4290869399
"H3 res 3","830caafffffffff",60.4847205206046,12027.7288198796
"H3 res 3","83175dfffffffff",59.7205909838457,12803.908583181
"H3 res 3","831000fffffffff",60.1852201298856,12188.7920528825
"H3 res 3","830badfffffffff",60.4972533592135,13376.9072615308
"H3 res 3","830668fffffffff",59.6578063603502,11640.220813526
"H3 res 3","830b26fffffffff",60.5476971634887,13520.8074885745
"H3 res 3","830ea3fffffffff",60.2916716441369,14659.9311260003
"H3 res 3","830b15fffffffff",60.3869875704775,13569.3484157758
"H3 res 3","831703fffffffff",60.4480352412875,13472.5552480174
"H3 res 3","83150dfffffffff",59.9012959099403,12870.4895388715
"H3 res 3","830e28fffffffff",59.5036790126699,14884.273676882
"H3 res 3","830ba8fffffffff",59.753314706205,13424.5892963931
"H3 res 3","83174afffffffff",59.5908416365399,12679.6997279128
"H3 res 3","8319b6fffffffff",60.4880127617851,11261.1763575495
"H3 res 3","830c94fffffffff",60.0112753993296,12479.4486622821
"H3 res 3","830c42fffffffff",59.8294604818906,10503.5001589824
"H3 res 3","830b8dfffffffff",60.3328574190909,13081.364941738
"H3 res 3","83174bfffffffff",59.4267049337533,12543.236998764
"H3 res 3","830ce5fffffffff",60.2222142708648,11102.4908388157
"H3 res 3","830f61fffffffff",60.3801029614256,14123.0642841481
"H3 res 3","830cb3fffffffff",60.7772606821907,12550.3581288193
"H3 res 3","8319b5fffffffff",60.1865872299515,10906.9550875751
"H3 res 3","831386fffffffff",60.9751372858841,10466.5413926992
"H3 res 3","830b89fffffffff",60.5667260702625,12892.8115084299
"H3 res 3","830e2cfffffffff",60.5118100439395,14865.3605306345
"H3 res 3","831223fffffffff",60.7921881798031,12458.3059278963
"H3 res 3","830cabfffffffff",60.0849592718151,11818.4284451547
"H3 res 3","830e02fffffffff",60.3208024556414,14941.2544005889
"H3 res 3","83122dfffffffff",60.596102609579,13050.8886371954
"H3 res 3","831551fffffffff",60.5644048382914,13282.3855791309
"H3 res 3","830c46fffffffff",60.786418986044,10691.6004844962
"H3 res 3","830f53fffffffff",60.452579995971,14799.4788661768
"H3 res 3","8310e8fffffffff",60.9006593088562,13258.9289694326
"H3 res 3","830f42fffffffff",60.2093548016049,14613.9018215318
"H3 res 3","831236fffffffff",61.024081227083,11602.6156039058
"H3 res 3","830b02fffffffff",61.4838707513455,13361.0759361565
"H3 res 3","8313b2fffffffff",61.1062902140742,10082.9479495303
"H3 res 3","831022fffffffff",60.492467866286,11703.3492799632
"H3 res 3","831119fffffffff",60.6687212390412,11201.9657241808
"H3 res 3","831124fffffffff",61.3203409519477,9491.03429719
"H3 res 3","830cb2fffffffff",61.0322760051957,12716.0226081527
"H3 res 3","830f65fffffffff",61.1847803923833,14019.6163675263
"H3 res 3","831925fffffffff",61.2568971381541,9558.51633543769
"H3 res 3","83146efffffffff",61.1620718337654,13675.5223643173
"H3 res 3","8308a4fffffffff",60.5920533470136,8704.4229908074
"H3 res 3","831572fffffffff",60.6378963845097,13081.3649417381
"H3 res 3","830c84fffffffff",61.2072151652895,12423.2004262335
"H3 res 3","831931fffffffff",60.9814340355209,10098.6331691848
"H3 res 3","831922fffffffff",61.1037818832194,9922.68313055161
"H3 res 3","831706fffffffff",61.0764135502593,13642.7064027975
"H3 res 3","830f46fffffffff",61.1246292994841,14549.8641749817
"H3 res 3","83170cfffffffff",61.622382278786,13618.1804532106
"H3 res 3","831464fffffffff",61.8837663204079,13716.7276845861
"H3 res 3","830e10fffffffff",61.0815991479367,14884.2736768823
"H3 res 3","831b25fffffffff",61.3847998604466,13165.7892266985
"H3 res 3","830b1afffffffff",61.5740055899945,13165.7892266984
"H3 res 3","831730fffffffff",61.5964031961196,13766.4478582008
"H3 res 3","830eb5fffffffff",61.8745236579478,14495.3460565037
"H3 res 3","83074bfffffffff",61.8918666542708,11102.4908388156
"H3 res 3","831468fffffffff",61.5976544489758,13766.4478582009
"H3 res 3","830c1afffffffff",61.2613130194171,11831.3313981276
"H3 res 3","830c61fffffffff",61.6157273552819,10435.0346125384
"H3 res 3","830aabfffffffff",61.1478722583877,12188.7920528824
"H3 res 3","830c18fffffffff",61.8082242501261,11818.4284451544
"H3 res 3","83134dfffffffff",61.7202767005184,14105.734783516
"H3 res 3","830c63fffffffff",61.3728946687579,10530.032646966
"H3 res 3","830665fffffffff",61.5377697211154,11308.9214169728
"H3 res 3","831101fffffffff",61.6209905242805,10503.5001589822
"H3 res 3","8313b0fffffffff",61.9986330044533,10260.8110382617
"H3 res 3","830c70fffffffff",62.4017133405573,11131.5948785924
"H3 res 3","830b04fffffffff",61.6288931236247,13361.0759361565
"H3 res 3","83155dfffffffff",61.8340299076833,13618.1804532108
"H3 res 3","8313b6fffffffff",61.8243715736549,10331.1450905113
"H3 res 3","830c1efffffffff",62.3013110952194,12047.6672194215
"H3 res 3","831542fffffffff",61.658277439483,13472.5552480174
"H3 res 3","8306e9fffffffff",62.5133476847478,13219.9877071724
"H3 res 3","831226fffffffff",62.2398884569394,12270.6765790143
"H3 res 3","830adafffffffff",62.2752095142935,13165.7892266982
"H3 res 3","831009fffffffff",62.3443031970085,12486.5095317395
"H3 res 3","830e23fffffffff",61.543159462358,14922.2204923097
"H3 res 3","8306cbfffffffff",61.9634508933262,13900.5138479732
"H3 res 3","830ad4fffffffff",61.9429756937312,12679.6997279124
"H3 res 3","831352fffffffff",62.1748784867353,12892.8115084298
"H3 res 3","831935fffffffff",61.8490054976655,9841.36365441839
"H3 res 3","83110afffffffff",61.6073186489578,11010.2048283966
"H3 res 3","83110bfffffffff",62.4968463652588,11061.9576855648
"H3 res 3","831744fffffffff",62.6902862132297,13472.5552480177
"H3 res 3","831050fffffffff",62.7620654575325,12679.6997279129
"H3 res 3","8308abfffffffff",62.531443011312,8646.66711637823
"H3 res 3","830af0fffffffff",62.9726772233441,12679.6997279127
"H3 res 3","8313a8fffffffff",62.2845656605884,11381.1743881533
"H3 res 3","830f89fffffffff",63.0907192650232,14827.6541667337
"H3 res 3","830cb4fffffffff",62.8558006953789,13005.3954960558
"H3 res 3","831769fffffffff",63.1036163292152,13165.7892266986
"H3 res 3","831351fffffffff",62.3595687905278,13282.3855791309
"H3 res 3","830910fffffffff",62.8853788317413,9064.88299179415
"H3 res 3","830b25fffffffff",62.1570733656382,13165.7892266986
"H3 res 3","831469fffffffff",61.9983584734901,13841.5934237773
"H3 res 3","8308a8fffffffff",62.3184803351396,8441.2620285245
"H3 res 3","831722fffffffff",62.9687751110607,13968.3649782324
"H3 res 3","830932fffffffff",62.792469282035,9415.50928851558
"H3 res 3","830a1efffffffff",62.8915242316866,12239.0699348064
"H3 res 3","830b05fffffffff",62.7182347763306,13142.6745591845
"H3 res 3","830a30fffffffff",62.1736782784851,12833.4290869401
"H3 res 3","83105efffffffff",63.0627806048049,12833.4290869398
"H3 res 3","830830fffffffff",63.4527965484218,8112.85066883184
"H3 res 3","8308a9fffffffff",63.2528622331938,8469.77155716588
"H3 res 3","831369fffffffff",63.3432765796475,14262.9872081526
"H3 res 3","830b1dfffffffff",62.9817752814191,13012.9593183186
"H3 res 3","8308adfffffffff",63.0204012079537,8248.43374855443
"H3 res 3","830ad8fffffffff",63.3244182001272,13313.7688104587
"H3 res 3","830c0cfffffffff",63.2601505624102,11703.3492799636
"H3 res 3","8306d9fffffffff",63.4366202355682,14105.7347835159
"H3 res 3","8313b4fffffffff",62.7361271302388,10482.3542841016
"H3 res 3","831152fffffffff",63.2966382834243,11344.9520444522
"H3 res 3","830ca0fffffffff",62.9573889282132,12679.6997279125
"H3 res 3","830913fffffffff",62.8870880731436,8885.6118484467
"H3 res 3","8308d6fffffffff",63.0544434258679,9371.54939683969
"H3 res 3","83112cfffffffff",63.2891697230927,9865.16553220365
"H3 res 3","8313adfffffffff",63.0866225405486,11602.6156039057
"H3 res 3","831776fffffffff",62.7191162786799,13716.7276845862
"H3 res 3","83154efffffffff",62.950288464347,13799.7617445428
"H3 res 3","8306ebfffffffff",62.9888862733829,13424.5892963931
"H3 res 3","830671fffffffff",63.5339628080748,12027.7288198795
"H3 res 3","830e32fffffffff",63.2857413837609,14865.3605306343
"H3 res 3","831076fffffffff",63.6313662241001,12054.3255959833
"H3 res 3","831768fffffffff",63.3126210668643,13313.7688104586
"H3 res 3","830a06fffffffff",63.4332422680621,12423.2004262335
"H3 res 3","830915fffffffff",63.6572023492838,8996.48281068919
"H3 res 3","830f8afffffffff",63.6990229835987,14687.6648078542
"H3 res 3","8313a0fffffffff",63.6035113220864,10891.0049449741
"H3 res 3","8313a1fffffffff",63.4670213207103,11131.5948785923
"H3 res 3","830a26fffffffff",63.6879579452037,12716.0226081528
"H3 res 3","830930fffffffff",63.5323203806961,9368.35424870328
"H3 res 3","830c74fffffffff",63.3931427894396,11308.9214169731
"H3 res 3","831763fffffffff",63.606294532894,13569.3484157758
"H3 res 3","8306cefffffffff",63.8471701335067,13799.7617445429
"H3 res 3","830c2bfffffffff",63.6750868695844,11640.2208135261
"H3 res 3","830d59fffffffff",63.9789254816089,11119.9380221118
"H3 res 3","83105bfffffffff",63.238731822522,12945.1477482073
"H3 res 3","831562fffffffff",63.5352341038859,13618.1804532108
"H3 res 3","83081cfffffffff",64.363985675541,7890.78565169881
"H3 res 3","831368fffffffff",64.0291091868875,14123.0642841477
"H3 res 3","831774fffffffff",63.7135583250733,13841.5934237771
"H3 res 3","830806fffffffff",64.0257694894376,7725.51260446711
"H3 res 3","830650fffffffff",64.279978490636,12679.6997279126
"H3 res 3","831354fffffffff",63.9672014822817,13096.647598449
"H3 res 3","8308d0fffffffff",63.9878873231087,9424.34251408255
"H3 res 3","830763fffffffff",63.9399620566747,10239.1097118298
"H3 res 3","830831fffffffff",64.1603616278691,7890.78565169871
"H3 res 3","830835fffffffff",64.2708535664147,8066.19399132786
"H3 res 3","8306e8fffffffff",63.6443801571146,13258.9289694325
"H3 res 3","830745fffffffff",63.739045319027,10466.541392699
"H3 res 3","830a18fffffffff",63.8507805014418,12479.448662282
"H3 res 3","83049efffffffff",63.8306116780792,14123.064284148
"H3 res 3","83156afffffffff",64.5541178888989,13976.8851745832
"H3 res 3","830f0afffffffff",64.5881180526241,14752.7178534036
"H3 res 3","830652fffffffff",64.8504801613383,12892.81150843
"H3 res 3","831150fffffffff",64.245906066963,11131.5948785927
"H3 res 3","831564fffffffff",64.9439401525802,13716.7276845862
"H3 res 3","830494fffffffff",64.684586561307,14183.9978362933
"H3 res 3","83131dfffffffff",64.3897930576905,12256.9655973027
"H3 res 3","830d58fffffffff",64.6912158256334,11381.174388153
"H3 res 3","830d99fffffffff",64.3775131363106,13081.3649417384
"H3 res 3","830931fffffffff",64.4144671992827,9319.24730721307
"H3 res 3","83091cfffffffff",64.4538457226789,8646.03074712597
"H3 res 3","830d4afffffffff",64.2135262985241,11010.2048283963
"H3 res 3","830d9efffffffff",64.9721741725714,13424.5892963931
"H3 res 3","831070fffffffff",64.4036509545369,12047.6672194216
"H3 res 3","8308f0fffffffff",64.4048271022519,8755.00010780626
"H3 res 3","83176cfffffffff",64.3528603226721,13520.8074885744
"H3 res 3","830760fffffffff",64.1071234701996,10010.013908146
"H3 res 3","830ad9fffffffff",64.1403916682318,13520.8074885748
"H3 res 3","830b2bfffffffff",64.8593120753333,12679.6997279126
"H3 res 3","8308d3fffffffff",64.1138620245866,9668.16430853986
"H3 res 3","8313a5fffffffff",64.449852466451,11102.490838816
"H3 res 3","831155fffffffff",65.1785115441874,10913.5434070622
"H3 res 3","83075cfffffffff",64.9982108396753,11154.9697778054
"H3 res 3","830d8afffffffff",65.1010825260414,13096.6475984484
"H3 res 3","830c14fffffffff",64.9069993599749,12679.6997279128
"H3 res 3","830c2dfffffffff",65.0697587906759,11735.1277957953
"H3 res 3","83115afffffffff",64.8320727426767,11608.8690679228
"H3 res 3","830926fffffffff",65.1600595846953,9765.83711820598
"H3 res 3","831725fffffffff",65.1411368718064,14262.9872081525
"H3 res 3","830744fffffffff",64.7216208851062,10466.5413926991
"H3 res 3","8306c1fffffffff",64.5692365646487,13642.7064027977
"H3 res 3","830b2dfffffffff",64.8795650181675,12636.3399763594
"H3 res 3","830d8bfffffffff",64.7106829517635,12900.2665058244
"H3 res 3","831724fffffffff",64.8819591095987,14254.1744505566
"H3 res 3","830f8efffffffff",64.8276438938185,14659.9311260001
"H3 res 3","830762fffffffff",64.9022914271053,10234.0367238616
"H3 res 3","831560fffffffff",64.6312104558997,13766.4478582005
"H3 res 3","8308d5fffffffff",64.7718616456194,9228.88108629852
"H3 res 3","830ac1fffffffff",65.597730179052,13472.5552480175
"H3 res 3","830b09fffffffff",65.7452878061267,12437.2228208272
"H3 res 3","8304b3fffffffff",65.8295932008623,14333.817385352
"H3 res 3","831361fffffffff",65.8316489104476,13942.8562517611
"H3 res 3","830c06fffffffff",64.9675420200355,12423.2004262332
"H3 res 3","830a05fffffffff",65.2357333623369,12248.9575179121
"H3 res 3","830f2dfffffffff",65.9692094873838,14254.1744505569
"H3 res 3","830ae3fffffffff",65.7891366228,13235.5413119973
"H3 res 3","8304d2fffffffff",65.351452329012,14254.1744505571
"H3 res 3","831561fffffffff",65.3845731550006,13942.856251761
"H3 res 3","83156efffffffff",64.9912272205986,13968.3649782323
"H3 res 3","830f18fffffffff",65.6200073209706,14752.7178534038
"H3 res 3","831310fffffffff",65.1290991171892,11552.789328556
"H3 res 3","830d4cfffffffff",65.3431245929479,11027.4108688078
"H3 res 3","830904fffffffff",65.2864803501738,9297.59817310632
"H3 res 3","830c2efffffffff",65.3366537330254,12067.6607615741
"H3 res 3","830820fffffffff",65.8299308589707,8112.85066883205
"H3 res 3","830acefffffffff",65.428254873022,13569.3484157757
"H3 res 3","830905fffffffff",66.1468737301853,9267.42987545025
"H3 res 3","830d6afffffffff",66.2769274213024,11154.9697778058
"H3 res 3","830c23fffffffff",65.955046218052,12311.9632671297
"H3 res 3","830483fffffffff",66.0942958402131,14423.1829521788
"H3 res 3","830faafffffffff",66.1953488874575,14659.9311260002
"H3 res 3","830676fffffffff",65.7118309851504,12054.3255959834
"H3 res 3","830d9dfffffffff",65.4551965931724,13282.385579131
"H3 res 3","830d5cfffffffff",65.6819746288448,11534.1963383546
"H3 res 3","830a08fffffffff",66.596689763447,12833.4290869397
"H3 res 3","830771fffffffff",65.698674438525,10456.0215370782
"H3 res 3","830d91fffffffff",66.0421046714961,13618.1804532106
"H3 res 3","830d43fffffffff",65.9239608592004,11417.5898791532
"H3 res 3","830a2afffffffff",66.2502157906539,12458.3059278964
"H3 res 3","83062dfffffffff",66.4661726642642,11602.6156039058
"H3 res 3","831764fffffffff",65.638027982567,13951.350529104
"H3 res 3","831041fffffffff",66.2098168459179,12134.7069063866
"H3 res 3","83060bfffffffff",66.5159298464414,12694.2081059089
"H3 res 3","830925fffffffff",66.9047332173969,9951.65184852016
"H3 res 3","8306c6fffffffff",66.8375674208882,13642.7064027974
"H3 res 3","830d51fffffffff",66.4072988789096,11792.692780679
"H3 res 3","830488fffffffff",66.8098836605322,14495.3460565037
"H3 res 3","830c22fffffffff",66.5533884496724,12550.3581288188
"H3 res 3","830825fffffffff",66.6856666433222,8291.67957000019
"H3 res 3","831314fffffffff",66.1396542955259,11509.4831421642
"H3 res 3","8306c4fffffffff",66.3923554763545,13472.5552480173
"H3 res 3","830f91fffffffff",66.0723638855898,14333.8173853518
"H3 res 3","830a0cfffffffff",66.4453771551858,12650.7657365238
"H3 res 3","83132bfffffffff",66.6219254771376,12833.4290869396
"H3 res 3","831300fffffffff",66.5241770414942,12188.7920528825
"H3 res 3","8304cbfffffffff",66.5769888483671,14019.6163675263
"H3 res 3","831062fffffffff",66.1615400875477,11792.6927806787
"H3 res 3","830ae1fffffffff",66.7660478165491,13313.7688104586
"H3 res 3","830b53fffffffff",67.4946001324763,12270.6765790146
"H3 res 3","830750fffffffff",67.0553089382449,11131.5948785928
"H3 res 3","83059afffffffff",67.4990432645075,14387.3255987086
"H3 res 3","830d83fffffffff",66.5419958328279,13472.5552480175
"H3 res 3","830ac9fffffffff",67.1200312242532,13951.350529104
"H3 res 3","830754fffffffff",67.2878332635564,10891.0049449743
"H3 res 3","830aebfffffffff",67.5284246806145,13766.4478582007
"H3 res 3","83062cfffffffff",67.5244745142311,11583.8888548994
"H3 res 3","83090cfffffffff",66.9592913348984,8990.82248196931
"H3 res 3","830faefffffffff",67.2939425184521,14586.3997151128
"H3 res 3","830aeefffffffff",66.7223239560999,13448.5366349441
"H3 res 3","830d81fffffffff",67.2851284374379,13472.5552480174
"H3 res 3","830aeafffffffff",66.6269473533119,13569.3484157759
"H3 res 3","830f86fffffffff",67.5859708029516,14360.5299603514
"H3 res 3","830952fffffffff",67.4074241534091,8248.43374855443
"H3 res 3","8306e2fffffffff",67.0433030878201,13282.385579131
"H3 res 3","830d6cfffffffff",67.2612221348556,11218.6749396683
"H3 res 3","830a2bfffffffff",67.2738604346605,12679.6997279125
"H3 res 3","831162fffffffff",66.9887987169707,10234.0367238617
"H3 res 3","831365fffffffff",66.981653679761,13900.5138479734
"H3 res 3","830f96fffffffff",67.4830392091382,14019.6163675266
"H3 res 3","830b73fffffffff",67.3919714370811,12067.6607615744
"H3 res 3","8308c1fffffffff",67.4005539810255,9089.79603980692
"H3 res 3","83048cfffffffff",67.6095264708269,14586.3997151129
"H3 res 3","8304c3fffffffff",67.6661225043448,14360.5299603511
"H3 res 3","830c35fffffffff",67.1280635433617,12781.8423892803
"H3 res 3","830facfffffffff",67.4669819610616,14604.7248578978
"H3 res 3","830909fffffffff",67.6720086137199,8704.42299080729
"H3 res 3","831141fffffffff",67.800875642771,10691.6004844964
"H3 res 3","830d6efffffffff",67.2082703972772,11273.0810882395
"H3 res 3","830956fffffffff",67.5524864966694,8469.77155716581
"H3 res 3","8306e6fffffffff",67.6545786599476,13081.3649417382
"H3 res 3","830daafffffffff",67.9957151819452,13456.5349052613
"H3 res 3","830d44fffffffff",67.8755053398657,11678.0295825856
"H3 res 3","830a0dfffffffff",67.4616601063788,12870.4895388714
"H3 res 3","83095afffffffff",67.7909952155952,8521.82868475028
"H3 res 3","8304b5fffffffff",67.5834331957283,14495.3460565037
"H3 res 3","83060afffffffff",67.633583108514,12679.6997279125
"H3 res 3","830a56fffffffff",67.6932727082369,13219.9877071724
"H3 res 3","83106bfffffffff",67.8589597228123,11818.4284451546
"H3 res 3","830756fffffffff",68.0763002346402,11102.4908388157
"H3 res 3","8304aafffffffff",68.380581354693,14659.9311260002
"H3 res 3","8308eefffffffff",67.8578005425181,8821.88232530256
"H3 res 3","831065fffffffff",68.1341069909676,11308.9214169728
"H3 res 3","83062afffffffff",67.8858733477506,12027.7288198794
"H3 res 3","831328fffffffff",67.7265764524231,12781.8423892803
"H3 res 3","830b66fffffffff",67.9912648859708,11896.1997654098
"H3 res 3","8302dbfffffffff",67.5333612556513,13376.9072615308
"H3 res 3","830709fffffffff",68.2875014572336,10857.3423806195
"H3 res 3","830b51fffffffff",68.1909497015781,12256.9655973026
"H3 res 3","8304d5fffffffff",67.4921187213507,14468.2145242166
"H3 res 3","830fb3fffffffff",68.352606910362,14210.2464603361
"H3 res 3","83106cfffffffff",68.5709311676271,11454.1999622937
"H3 res 3","83059efffffffff",67.9654854761543,14369.4525927064
"H3 res 3","830a76fffffffff",68.3056073582915,12892.81150843
"H3 res 3","830f94fffffffff",67.9413449769295,14123.064284148
"H3 res 3","830d1bfffffffff",68.2227101537556,12945.1477482074
"H3 res 3","8304a6fffffffff",68.7456128591114,14604.724857898
"H3 res 3","8304f6fffffffff",69.0537889039526,14696.928803759
"H3 res 3","830f25fffffffff",69.0205755357646,14019.6163675265
"H3 res 3","831322fffffffff",68.6336846148002,12067.6607615742
"H3 res 3","830b64fffffffff",68.4495267053249,11735.127795795
"H3 res 3","831334fffffffff",68.9992371508138,11565.2124228226
"H3 res 3","8304c1fffffffff",68.6748086356331,14423.1829521787
"H3 res 3","83116afffffffff",68.703849278052,10456.0215370784
"H3 res 3","830f21fffffffff",68.1754181319397,14183.9978362932
"H3 res 3","830f04fffffffff",68.5317602697147,14360.5299603514
"H3 res 3","830951fffffffff",68.7041161760641,8604.71748556102
"H3 res 3","830689fffffffff",69.4901928862162,13716.727684586
"H3 res 3","8304aefffffffff",69.1185716184499,14715.4860343671
"H3 res 3","831320fffffffff",69.4430159376508,12236.446940091
"H3 res 3","8304c0fffffffff",68.6461020944241,14495.3460565036
"H3 res 3","830d60fffffffff",68.9780629388135,11640.2208135267
"H3 res 3","8306f4fffffffff",69.3048634663406,13219.9877071724
"H3 res 3","830a70fffffffff",69.3442352037384,13096.6475984485
"H3 res 3","830d65fffffffff",69.0554327957091,11481.0730781574
"H3 res 3","83072cfffffffff",68.7173332357416,9865.16553220358
"H3 res 3","830a5afffffffff",69.6092146323929,13900.5138479735
"H3 res 3","831321fffffffff",69.1597540901847,12479.4486622821
"H3 res 3","831069fffffffff",68.8628131474851,11565.2124228229
"H3 res 3","8302c8fffffffff",69.2716084812584,13766.4478582008
"H3 res 3","830b60fffffffff",69.0000386375462,11692.362245686
"H3 res 3","830dadfffffffff",69.3043035871074,13376.907261531
"H3 res 3","830a74fffffffff",69.1250843363226,12900.2665058243
"H3 res 3","8304ccfffffffff",68.6431423971182,14333.8173853521
"H3 res 3","830fb0fffffffff",69.4836299854302,14123.064284148
"H3 res 3","830db6fffffffff",69.4731716463988,14254.174450557
"H3 res 3","830daefffffffff",69.1089742961727,13618.1804532111
"H3 res 3","8304ebfffffffff",69.6026081949961,14369.4525927061
"H3 res 3","830599fffffffff",69.3036628885669,14604.7248578975
"H3 res 3","830a5efffffffff",69.6742269884429,13766.4478582008
"H3 res 3","830f20fffffffff",69.265934118191,14123.0642841478
"H3 res 3","830620fffffffff",69.6277786939533,11509.4831421642
"H3 res 3","8302dcfffffffff",69.7945709453997,13235.5413119973
"H3 res 3","830b43fffffffff",69.9181489049931,12423.2004262332
"H3 res 3","830fa5fffffffff",69.4560325149989,14387.3255987086
"H3 res 3","830134fffffffff",69.4564548303328,9751.78340376642
"H3 res 3","830a73fffffffff",69.5114575656697,13282.3855791307
"H3 res 3","830b44fffffffff",69.0039687459749,11948.5224102803
"H3 res 3","831168fffffffff",69.5882087011163,10260.8110382611
"H3 res 3","83116cfffffffff",69.5898071171366,10082.94794953
"H3 res 3","830600fffffffff",69.6634529498211,12188.7920528825
"H3 res 3","830582fffffffff",69.5187766935785,14423.1829521787
"H3 res 3","8308e9fffffffff",69.5616691856291,9310.57758225238
"H3 res 3","83058afffffffff",70.4703827662115,14687.6648078543
"H3 res 3","830d13fffffffff",70.4263488334786,13520.8074885748
"H3 res 3","83059dfffffffff",69.8111466642971,14586.399715113
"H3 res 3","8304f4fffffffff",70.1754688563529,14771.3926728847
"H3 res 3","830db4fffffffff",70.3704796059963,14262.9872081523
"H3 res 3","830196fffffffff",69.8651334514502,11481.0730781578
"H3 res 3","83068dfffffffff",70.221250804204,13520.8074885748
"H3 res 3","830586fffffffff",69.866840159239,14360.529960351
"H3 res 3","83068bfffffffff",69.8318175795091,13841.5934237772
"H3 res 3","830135fffffffff",70.1843566904799,9841.36365441848
"H3 res 3","83061afffffffff",69.9085009310702,13005.3954960555
"H3 res 3","8301b5fffffffff",70.0435307023647,10906.9550875747
"H3 res 3","830f16fffffffff",69.5823615178603,14387.3255987086
"H3 res 3","8306f6fffffffff",69.785974803243,13376.9072615307
"H3 res 3","8301a4fffffffff",70.3350825670861,10626.4807702416
"H3 res 3","830d0cfffffffff",70.6617742320452,12803.9085831812
"H3 res 3","830941fffffffff",70.833483334462,9267.42987545045
"H3 res 3","830130fffffffff",70.3094616090789,10010.0139081461
"H3 res 3","830d0efffffffff",70.2696661011351,12915.1980700101
"H3 res 3","83070efffffffff",70.2608195074523,10757.387971504
"H3 res 3","830122fffffffff",70.8915247206731,9922.68313055164
"H3 res 3","830fa4fffffffff",70.3508158666505,14254.174450557
"H3 res 3","830298fffffffff",70.8655624022647,11692.3622456865
"H3 res 3","830a46fffffffff",70.5417044027567,13472.5552480174
"H3 res 3","830604fffffffff",70.0484756832901,11948.5224102801
"H3 res 3","8304eefffffffff",70.6894546879231,14586.399715113
"H3 res 3","8302c1fffffffff",71.0036731907153,13472.5552480177
"H3 res 3","83071dfffffffff",71.0934818375381,10947.4971652547
"H3 res 3","830f24fffffffff",70.1181776310853,13951.3505291039
"H3 res 3","830da6fffffffff",70.9601207999246,14105.7347835162
"H3 res 3","830fa6fffffffff",70.122043880018,14227.7905490065
"H3 res 3","8301b3fffffffff",70.532151892599,11273.0810882399
"H3 res 3","8302e9fffffffff",71.3404102834448,13841.5934237772
"H3 res 3","830d11fffffffff",71.0165082119511,13448.5366349444
"H3 res 3","830116fffffffff",71.2583490454317,10594.1683679146
"H3 res 3","83068afffffffff",70.935484868006,13766.4478582006
"H3 res 3","8304a5fffffffff",70.4759801597777,14771.3926728849
"H3 res 3","830b59fffffffff",70.6753587664461,12870.4895388714
"H3 res 3","8305a2fffffffff",71.2569911450581,14333.8173853519
"H3 res 3","83041afffffffff",71.0201372156821,14837.0658036216
"H3 res 3","83061efffffffff",70.4659594174639,12781.8423892804
"H3 res 3","83024afffffffff",71.4196482587113,14123.0642841478
"H3 res 3","830412fffffffff",70.9868023150208,14827.6541667335
"H3 res 3","830704fffffffff",71.3655933831515,10178.5091611139
"H3 res 3","830a62fffffffff",71.2385191389806,13282.3855791311
"H3 res 3","8302d5fffffffff",71.3632700087953,12915.1980700101
"H3 res 3","830a66fffffffff",70.9834758853861,13081.364941738
"H3 res 3","830190fffffffff",70.8878959241256,11640.2208135264
"H3 res 3","830d10fffffffff",71.5559811287608,13650.8980814344
"H3 res 3","8302d6fffffffff",71.0071469862782,12543.2369987642
"H3 res 3","830186fffffffff",71.5213428408371,11417.5898791534
"H3 res 3","830291fffffffff",71.7402315901927,12067.6607615744
"H3 res 3","83071bfffffffff",71.7055079960027,11387.230184798
"H3 res 3","830413fffffffff",71.4403313060414,14865.3605306347
"H3 res 3","8302e8fffffffff",72.0285226660569,13650.8980814347
"H3 res 3","83025afffffffff",71.7211850617826,13900.5138479733
"H3 res 3","830248fffffffff",71.5580129815091,14123.0642841479
"H3 res 3","83024dfffffffff",71.6266277890922,14105.7347835158
"H3 res 3","8306a8fffffffff",71.5542084999584,13096.6475984486
"H3 res 3","830b6afffffffff",71.1312131236108,12311.9632671294
"H3 res 3","83041bfffffffff",71.2945306661638,14827.6541667337
"H3 res 3","8301a0fffffffff",71.1319480815816,10891.0049449742
"H3 res 3","83025bfffffffff",70.9411791102698,14071.1819021307
"H3 res 3","83029dfffffffff",71.7285361823419,11810.893309381
"H3 res 3","830191fffffffff",71.9167244791958,11792.6927806791
"H3 res 3","830589fffffffff",72.2605443727354,14827.6541667334
"H3 res 3","830106fffffffff",71.9381531326673,10356.9553786362
"H3 res 3","830581fffffffff",71.4169285720718,14613.9018215317
"H3 res 3","8302c6fffffffff",72.0356275862952,13035.6948282128
"H3 res 3","8304e1fffffffff",71.6976423909771,14687.6648078542
"H3 res 3","830b48fffffffff",72.0789711360232,12781.8423892801
"H3 res 3","8304ecfffffffff",71.6880010226108,14604.7248578975
"H3 res 3","830459fffffffff",72.076301187176,14227.7905490058
"H3 res 3","8301a3fffffffff",71.9273159930299,11154.9697778056
"H3 res 3","830d00fffffffff",72.0385234485553,13258.9289694326
"H3 res 3","830735fffffffff",72.2289059404649,9841.36365441832
"H3 res 3","830296fffffffff",71.4903444785391,12395.234549267
"H3 res 3","8305a0fffffffff",72.3544259820547,14369.4525927062
"H3 res 3","830258fffffffff",72.0393054614275,13942.856251761
"H3 res 3","83096efffffffff",72.1641466237422,9531.4278528391
"H3 res 3","83041efffffffff",71.8315011483409,14884.2736768823
"H3 res 3","830702fffffffff",72.1888820975415,10615.6917407884
"H3 res 3","83058dfffffffff",72.813895323258,14799.478866177
"H3 res 3","83024efffffffff",72.4719833911721,13976.8851745829
"H3 res 3","83058cfffffffff",72.1377275041999,14715.4860343672
"H3 res 3","83045efffffffff",72.5403120200212,14495.3460565036
"H3 res 3","830698fffffffff",72.2808910227395,13766.4478582008
"H3 res 3","8302f2fffffffff",72.8420050389296,12564.6206178991
"H3 res 3","83024cfffffffff",72.5807607350021,13968.3649782325
"H3 res 3","83069afffffffff",72.464191709569,13841.5934237772
"H3 res 3","8301aefffffffff",72.8627995230904,11273.0810882398
"H3 res 3","830b4dfffffffff",72.7141085431508,12716.0226081531
"H3 res 3","8302c5fffffffff",72.1317001270009,13361.0759361564
"H3 res 3","830b6bfffffffff",72.2100534783041,12479.4486622821
"H3 res 3","830410fffffffff",72.1576671503609,14884.2736768823
"H3 res 3","8305a4fffffffff",72.5258601067865,14254.1744505568
"H3 res 3","830112fffffffff",72.1004640115754,10857.3423806195
"H3 res 3","83026bfffffffff",72.6156597689998,13942.8562517608
"H3 res 3","830453fffffffff",72.6660008950125,14604.7248578974
"H3 res 3","830458fffffffff",72.3424794769876,14369.4525927065
"H3 res 3","830a4efffffffff",72.6493061566771,13976.8851745829
"H3 res 3","83069efffffffff",73.3419932079205,13650.8980814346
"H3 res 3","83026dfffffffff",73.4983116361834,13716.7276845861
"H3 res 3","83096cfffffffff",73.0639692059968,9765.8371182062
"H3 res 3","830683fffffffff",72.8141236022649,13472.5552480177
"H3 res 3","830965fffffffff",72.9124284158214,9571.34984147258
"H3 res 3","830183fffffffff",73.2579603077995,11811.9857600193
"H3 res 3","830a61fffffffff",73.1373669161996,13424.5892963929
"H3 res 3","830969fffffffff",73.0449422942363,9951.65184852029
"H3 res 3","83019cfffffffff",72.9503615346213,11935.4058428067
"H3 res 3","83012afffffffff",73.1462251805544,10310.5739416208
"H3 res 3","8305a5fffffffff",73.4443209249576,14387.3255987088
"H3 res 3","830283fffffffff",72.6799893530426,11948.5224102802
"H3 res 3","83045cfffffffff",73.4438151344275,14468.2145242167
"H3 res 3","83044afffffffff",72.8748027255831,14183.9978362935
"H3 res 3","830d04fffffffff",73.153710093532,13361.0759361567
"H3 res 3","830a4bfffffffff",73.5834823246092,14262.9872081524
"H3 res 3","830d31fffffffff",73.8091169367941,13569.3484157757
"H3 res 3","8305acfffffffff",74.0703839743662,14604.7248578981
"H3 res 3","8301aafffffffff",73.6789400208988,11534.1963383545
"H3 res 3","830a4cfffffffff",73.627775780487,13968.3649782325
"H3 res 3","83040afffffffff",73.5160361735465,14884.2736768822
"H3 res 3","830448fffffffff",73.6295126169472,14123.0642841479
"H3 res 3","830b49fffffffff",73.1736868577004,12945.1477482074
"H3 res 3","830636fffffffff",73.2532376994297,11735.1277957953
"H3 res 3","830789fffffffff",73.6178039758804,12148.1906468134
"H3 res 3","830415fffffffff",73.3301870160632,14922.2204923099
"H3 res 3","830101fffffffff",73.3955020779739,10503.5001589824
"H3 res 3","830616fffffffff",73.1843168869962,12395.2345492671
"H3 res 3","830164fffffffff",73.4579171002639,9779.9246185259
"H3 res 3","8305a8fffffffff",73.7241899479756,14687.6648078539
"H3 res 3","83096dfffffffff",73.5356889540741,9980.76178584608
"H3 res 3","830449fffffffff",73.1893648534144,13951.3505291041
"H3 res 3","830432fffffffff",73.4384537011675,14865.3605306345
"H3 res 3","8300b2fffffffff",73.8118894683712,12870.4895388714
"H3 res 3","83078dfffffffff",73.9924663797934,11896.1997654095
"H3 res 3","830092fffffffff",73.9337041555652,13376.9072615307
"H3 res 3","83011efffffffff",73.8162233423595,11050.4220624268
"H3 res 3","8307abfffffffff",74.3066860905372,11640.2208135262
"H3 res 3","830d32fffffffff",73.8347164186044,13866.7939745304
"H3 res 3","8305a9fffffffff",74.4697429431915,14771.3926728847
"H3 res 3","83018efffffffff",74.2722220091471,11935.4058428064
"H3 res 3","830714fffffffff",74.0566904048529,10435.0346125381
"H3 res 3","830713fffffffff",73.9068834121603,10958.8542239028
"H3 res 3","830268fffffffff",73.5786033694332,13766.447858201
"H3 res 3","830166fffffffff",73.9772160597859,10000.2473424274
"H3 res 3","830240fffffffff",74.3965763653044,13650.8980814346
"H3 res 3","830165fffffffff",73.7982675266777,9786.43949815804
"H3 res 3","8302e6fffffffff",74.8878717128036,12870.4895388711
"H3 res 3","8307a8fffffffff",74.5594726003899,11381.1743881529
"H3 res 3","83026efffffffff",74.5560023789544,13618.1804532107
"H3 res 3","8302aafffffffff",74.4288858072085,12046.5394904386
"H3 res 3","8300b0fffffffff",74.3948972811348,12781.8423892803
"H3 res 3","83011dfffffffff",74.5161669354655,10947.4971652547
"H3 res 3","8300b3fffffffff",74.9181354757592,13012.959318319
"H3 res 3","830160fffffffff",74.3647940271097,10010.0139081465
"H3 res 3","830a4dfffffffff",74.6451116191275,14105.7347835159
"H3 res 3","830433fffffffff",74.004054675733,14912.7186857806
"H3 res 3","8305adfffffffff",74.875459049675,14696.9288037589
"H3 res 3","830442fffffffff",74.5413390795529,14549.8641749814
"H3 res 3","830436fffffffff",73.9886299531874,14827.6541667338
"H3 res 3","83040efffffffff",74.4133407710759,14922.2204923099
"H3 res 3","8302abfffffffff",74.2147382361166,12188.7920528824
"H3 res 3","830285fffffffff",74.5223102985893,12229.6201052598
"H3 res 3","830684fffffffff",74.2480577641793,13035.6948282125
"H3 res 3","830454fffffffff",74.751634668865,14752.7178534036
"H3 res 3","8302a9fffffffff",74.9921951713257,12298.1753469624
"H3 res 3","830162fffffffff",74.90349652314,10234.0367238617
"H3 res 3","8307acfffffffff",74.7505489962311,11119.9380221116
"H3 res 3","83018afffffffff",75.0259398763148,12188.7920528828
"H3 res 3","830d25fffffffff",74.9856147156187,13165.7892266985
"H3 res 3","830163fffffffff",75.282895498519,10239.1097118298
"H3 res 3","83046bfffffffff",75.4830227335701,14123.0642841477
"H3 res 3","830244fffffffff",75.4202125830318,13472.5552480176
"H3 res 3","830171fffffffff",75.4084867692256,10456.0215370784
"H3 res 3","830284fffffffff",74.5457174317336,12423.2004262334
"H3 res 3","830095fffffffff",75.3879361863981,13235.5413119973
"H3 res 3","830d20fffffffff",74.6660475438508,13313.7688104587
"H3 res 3","8306a2fffffffff",74.8889632840808,12803.9085831815
"H3 res 3","8302b5fffffffff",75.391268505702,12833.4290869393
"H3 res 3","830513fffffffff",75.2001466887312,14604.7248578974
"H3 res 3","830a6bfffffffff",74.581700057051,13942.856251761
"H3 res 3","830161fffffffff",74.6939280664676,10010.013908146
"H3 res 3","8307aafffffffff",75.3507158760275,11534.1963383545
"H3 res 3","830430fffffffff",74.6178550932741,14884.2736768823
"H3 res 3","83021bfffffffff",75.3446015754377,12636.3399763592
"H3 res 3","83010afffffffff",75.2676509049545,11010.2048283959
"H3 res 3","83046afffffffff",75.9150920120483,14280.6399874514
"H3 res 3","830119fffffffff",75.4491717785692,11201.9657241814
"H3 res 3","830692fffffffff",75.4117392537745,13376.9072615306
"H3 res 3","8306b1fffffffff",75.3452187085622,12915.1980700105
"H3 res 3","830168fffffffff",75.8453247971041,10260.8110382612
"H3 res 3","83021afffffffff",75.7333522132653,12395.2345492672
"H3 res 3","83011bfffffffff",75.5634215217549,11387.2301847984
"H3 res 3","830172fffffffff",75.3233799152592,10648.1137316054
"H3 res 3","830219fffffffff",75.9856164621224,12716.0226081529
"H3 res 3","830263fffffffff",75.5048113596404,13456.5349052609
"H3 res 3","8302a2fffffffff",75.4747422090895,12650.7657365242
"H3 res 3","830401fffffffff",75.2729187839261,14941.2544005886
"H3 res 3","830254fffffffff",75.7475326362139,13258.9289694332
"H3 res 3","830256fffffffff",75.3571424069596,13219.9877071725
"H3 res 3","830781fffffffff",76.114655852681,11678.0295825858
"H3 res 3","8300a0fffffffff",76.4563343280747,12679.6997279131
"H3 res 3","830273fffffffff",76.0586381161737,13282.3855791308
"H3 res 3","830392fffffffff",76.0797897003023,13716.7276845861
"H3 res 3","830189fffffffff",76.2921620169042,12148.1906468138
"H3 res 3","830271fffffffff",76.2844846348208,13290.2198209554
"H3 res 3","830515fffffffff",76.5283874289653,14468.2145242168
"H3 res 3","83039bfffffffff",76.2718684466669,13050.8886371954
"H3 res 3","83040dfffffffff",75.6971690236255,14865.3605306344
"H3 res 3","830785fffffffff",76.3839512902455,11417.5898791536
"H3 res 3","830472fffffffff",75.7696467243081,14799.4788661769
"H3 res 3","830511fffffffff",76.3224162440592,14586.3997151129
"H3 res 3","8302a1fffffffff",76.3882890489903,12479.4486622822
"H3 res 3","83051afffffffff",75.6346699080696,14771.3926728849
"H3 res 3","830154fffffffff",76.2907155043152,10891.0049449741
"H3 res 3","830034fffffffff",75.6063798900819,11565.2124228225
"H3 res 3","830404fffffffff",75.6753990735045,14941.254400589
"H3 res 3","83051efffffffff",76.0229116255784,14687.6648078544
"H3 res 3","830146fffffffff",76.3654786391269,10691.6004844961
"H3 res 3","830145fffffffff",76.2113442410247,10466.541392699
"H3 res 3","830426fffffffff",76.9771341476804,14865.3605306345
"H3 res 3","83051bfffffffff",76.3386896114648,14827.654166734
"H3 res 3","8300a2fffffffff",76.0143294691577,12803.9085831815
"H3 res 3","830082fffffffff",76.5057686217434,13361.0759361562
"H3 res 3","830396fffffffff",76.7149228785215,13900.5138479733
"H3 res 3","830469fffffffff",76.133619317324,14019.6163675264
"H3 res 3","830534fffffffff",76.5676459836715,14019.6163675261
"H3 res 3","830799fffffffff",75.9965552112842,12318.8668906692
"H3 res 3","830209fffffffff",76.4457035154656,13050.888637195
"H3 res 3","8307a0fffffffff",76.7133019833486,10891.0049449741
"H3 res 3","830422fffffffff",76.3615775092123,14912.7186857806
"H3 res 3","83016bfffffffff",76.7335195179321,10449.8845460054
"H3 res 3","830468fffffffff",76.6348391056065,14183.9978362932
"H3 res 3","830155fffffffff",76.844913847589,10913.543407062
"H3 res 3","830390fffffffff",77.2187315119584,13766.447858201
"H3 res 3","830393fffffffff",76.5157515852463,13577.4668068597
"H3 res 3","83021cfffffffff",77.50609993715,12311.9632671293
"H3 res 3","830798fffffffff",77.083666120347,12188.7920528824
"H3 res 3","83014cfffffffff",77.4272172851221,10675.2583243557
"H3 res 3","830025fffffffff",76.9537533815182,11308.9214169727
"H3 res 3","830212fffffffff",77.2663508519677,12486.5095317398
"H3 res 3","830080fffffffff",77.1530287165691,13258.9289694325
"H3 res 3","8307a4fffffffff",76.7746996695715,10626.4807702416
"H3 res 3","83046efffffffff",77.0596260118564,14333.8173853521
"H3 res 3","830264fffffffff",77.390932034646,13050.8886371949
"H3 res 3","83034bfffffffff",77.2891053888446,13005.3954960555
"H3 res 3","830141fffffffff",77.1490094632522,10691.6004844965
"H3 res 3","8306b4fffffffff",77.0749406153176,12543.2369987641
"H3 res 3","830420fffffffff",77.538783922053,14884.2736768821
"H3 res 3","830020fffffffff",77.1842902821492,11509.4831421645
"H3 res 3","830475fffffffff",77.7783930497207,14687.6648078535
"H3 res 3","830208fffffffff",77.0836853085351,12833.4290869398
"H3 res 3","830428fffffffff",77.5359531972048,14884.2736768822
"H3 res 3","8302a5fffffffff",77.3690399214536,12694.2081059089
"H3 res 3","830270fffffffff",77.1044762683238,13096.6475984488
"H3 res 3","8302a4fffffffff",77.3825659588035,12892.8115084301
"H3 res 3","830462fffffffff",77.6399129009984,14586.3997151125
"H3 res 3","830033fffffffff",77.3951312933544,12067.660761574
"H3 res 3","83009cfffffffff",76.9108189314302,13569.3484157758
"H3 res 3","830014fffffffff",77.2916448675196,12236.4469400907
"H3 res 3","830150fffffffff",77.2724255001395,11131.5948785926
"H3 res 3","830143fffffffff",77.754788316104,10924.8418040863
"H3 res 3","830535fffffffff",77.6208611775502,14123.0642841481
"H3 res 3","830022fffffffff",77.33823940738,11703.3492799636
"H3 res 3","830506fffffffff",77.6015288590993,14423.1829521787
"H3 res 3","8307a6fffffffff",77.6679350087254,10765.0190438554
"H3 res 3","83014efffffffff",78.0944152122182,10913.5434070618
"H3 res 3","83079afffffffff",77.6536147340543,12298.1753469624
"H3 res 3","830081fffffffff",78.2800927913078,13361.0759361565
"H3 res 3","830503fffffffff",78.2980745432422,14613.9018215316
"H3 res 3","830015fffffffff",78.278650448369,12311.9632671294
"H3 res 3","8300a1fffffffff",77.5429806017376,12781.8423892805
"H3 res 3","83020dfffffffff",77.5218341327709,12870.4895388715
"H3 res 3","83079cfffffffff",77.5299869694399,11935.4058428068
"H3 res 3","830012fffffffff",77.8817671649003,12636.3399763596
"H3 res 3","8303b2fffffffff",78.4453671281432,14105.7347835158
"H3 res 3","830276fffffffff",77.8735621213052,12892.81150843
"H3 res 3","83051dfffffffff",77.9552228828825,14715.4860343673
"H3 res 3","83042cfffffffff",78.3856697835887,14865.360530634
"H3 res 3","8300aefffffffff",78.2243851371224,13012.9593183183
"H3 res 3","830004fffffffff",78.2899792590519,11948.5224102804
"H3 res 3","8307b1fffffffff",78.4115726795392,11154.9697778058
"H3 res 3","830522fffffffff",78.6603020274803,14210.2464603363
"H3 res 3","83008efffffffff",78.7580164627511,13569.3484157764
"H3 res 3","830395fffffffff",78.3584372135943,13799.7617445429
"H3 res 3","83055bfffffffff",78.8237085489521,14696.9288037588
"H3 res 3","8307b5fffffffff",78.5459354782453,10906.9550875752
"H3 res 3","830786fffffffff",78.1967487866894,11417.5898791532
"H3 res 3","83039dfffffffff",78.1917427104128,13282.3855791306
"H3 res 3","83079efffffffff",78.1627369360563,12047.6672194218
"H3 res 3","830148fffffffff",78.3475460411364,10891.0049449742
"H3 res 3","8303b3fffffffff",79.0189451477344,13968.3649782327
"H3 res 3","830526fffffffff",78.5540392992295,14045.3596984804
"H3 res 3","83050efffffffff",79.1074663198109,14659.9311260001
"H3 res 3","830158fffffffff",79.3133315277924,11381.1743881531
"H3 res 3","8300a8fffffffff",79.3346004007002,13096.6475984489
"H3 res 3","830466fffffffff",78.7299985152861,14604.7248578982
"H3 res 3","83035afffffffff",79.1338515848066,12694.208105909
"H3 res 3","83002cfffffffff",78.6382947727584,11583.8888548995
"H3 res 3","83002efffffffff",78.9303791968729,11792.6927806787
"H3 res 3","8300acfffffffff",78.6306792913212,12870.4895388716
"H3 res 3","8300aafffffffff",78.852093512733,13235.5413119973
"H3 res 3","83002dfffffffff",79.2777978819459,11602.6156039059
"H3 res 3","830505fffffffff",79.6127006997931,14423.1829521784
"H3 res 3","830383fffffffff",79.0508821545024,13472.5552480173
"H3 res 3","83015dfffffffff",78.7265484322182,11149.1183891184
"H3 res 3","830460fffffffff",78.5204541686052,14495.346056504
"H3 res 3","830000fffffffff",79.242398509759,12188.7920528828
"H3 res 3","830388fffffffff",79.3124827746171,13096.6475984491
"H3 res 3","830524fffffffff",79.4406597942905,13951.350529104
"H3 res 3","830205fffffffff",79.7957242562778,12248.9575179119
"H3 res 3","830520fffffffff",79.6203151027872,14123.064284148
"H3 res 3","830465fffffffff",79.3434593725223,14387.3255987087
"H3 res 3","830790fffffffff",79.6537044864731,11640.2208135264
"H3 res 3","8307b4fffffffff",79.3875441001673,11061.9576855652
"H3 res 3","83034efffffffff",79.1262750719639,12607.5705620409
"H3 res 3","830002fffffffff",79.247562106561,12374.3289180596
"H3 res 3","83038efffffffff",79.2372707998634,13290.2198209555
"H3 res 3","830013fffffffff",78.9400950735754,12716.0226081528
"H3 res 3","830159fffffffff",79.7068570703939,11369.078883727
"H3 res 3","83035dfffffffff",79.2427171507741,12650.7657365237
"H3 res 3","83035efffffffff",80.1106518775252,12479.4486622818
"H3 res 3","830064fffffffff",79.9999016010851,11344.952044452
"H3 res 3","830550fffffffff",80.3275373653962,14752.7178534036
"H3 res 3","830232fffffffff",80.1686556801926,12870.4895388713
"H3 res 3","83054bfffffffff",80.4781076495795,14387.3255987083
"H3 res 3","830003fffffffff",80.1909572143392,12423.2004262337
"H3 res 3","83050cfffffffff",80.2515823059205,14586.3997151128
"H3 res 3","830233fffffffff",79.9496102921113,12650.7657365238
"H3 res 3","830343fffffffff",80.1062119958236,12423.2004262335
"H3 res 3","83038cfffffffff",80.2627599923845,13282.3855791311
"H3 res 3","830206fffffffff",79.6294255627274,12423.2004262327
"H3 res 3","830028fffffffff",79.6496815777728,11818.4284451541
"H3 res 3","83035cfffffffff",80.1704028495994,12458.3059278961
"H3 res 3","830556fffffffff",79.8844830721824,14771.3926728845
"H3 res 3","830792fffffffff",80.2941211635346,11735.1277957945
"H3 res 3","83015afffffffff",79.8426620391752,11608.8690679229
"H3 res 3","83055dfffffffff",80.8504952263716,14586.3997151127
"H3 res 3","83001efffffffff",79.990925410917,12781.8423892805
"H3 res 3","8307b6fffffffff",80.2528240390167,11261.1763575496
"H3 res 3","8303b1fffffffff",80.1723437653546,13976.8851745831
"H3 res 3","83008bfffffffff",80.2690235178102,13841.5934237769
"H3 res 3","830074fffffffff",80.8681709900023,11831.3313981273
"H3 res 3","830223fffffffff",80.8610288761318,12311.9632671292
"H3 res 3","830001fffffffff",80.1167714102523,12229.6201052592
"H3 res 3","830029fffffffff",80.3007492620309,11831.3313981277
"H3 res 3","830340fffffffff",80.918788574153,12188.7920528823
"H3 res 3","830345fffffffff",80.6560875942989,12134.7069063869
"H3 res 3","830060fffffffff",80.9535937898129,11552.7893285561
"H3 res 3","83036efffffffff",80.2778337211674,12067.6607615744
"H3 res 3","8300a9fffffffff",80.4462239969304,13165.7892266986
"H3 res 3","83006dfffffffff",80.9747357244446,11389.5592428831
"H3 res 3","830353fffffffff",80.9230941616752,12270.6765790146
"H3 res 3","830381fffffffff",80.1269928197128,13472.5552480177
"H3 res 3","8303a2fffffffff",81.3252464171984,13968.3649782319
"H3 res 3","830548fffffffff",81.6036024497554,14369.4525927064
"H3 res 3","83050dfffffffff",81.0084236490529,14604.7248578977
"H3 res 3","830076fffffffff",81.3366412216663,12054.3255959834
"H3 res 3","830236fffffffff",81.1982128661462,13050.8886371958
"H3 res 3","830521fffffffff",80.6694390870024,14183.9978362932
"H3 res 3","83054afffffffff",80.7339798955791,14495.3460565039
"H3 res 3","830509fffffffff",80.5022637546356,14696.9288037588
"H3 res 3","830089fffffffff",81.0245679044181,13716.7276845862
"H3 res 3","8300d6fffffffff",81.3855258742848,13900.5138479732
"H3 res 3","83006cfffffffff",81.0960230028309,11454.1999622939
"H3 res 3","83000efffffffff",81.0988307976139,12458.3059278961
"H3 res 3","830384fffffffff",80.6342180321298,13816.4691021093
"H3 res 3","8303abfffffffff",81.2603807790257,13258.9289694321
"H3 res 3","8300f6fffffffff",81.1105337487808,13376.9072615312
"H3 res 3","830063fffffffff",81.9012983139469,11754.2639975363
"H3 res 3","830220fffffffff",81.9369326156413,12479.4486622821
"H3 res 3","830572fffffffff",81.6696910576982,14604.7248578977
"H3 res 3","83052bfffffffff",81.3848077609477,14495.3460565039
"H3 res 3","830352fffffffff",81.6762547574926,12167.3134167337
"H3 res 3","830234fffffffff",82.066152444419,13005.3954960549
"H3 res 3","830385fffffffff",80.9757926870549,13642.7064027978
"H3 res 3","8300f2fffffffff",81.6895910896055,13577.4668068602
"H3 res 3","83000cfffffffff",80.943198840564,12256.9655973027
"H3 res 3","83054efffffffff",81.813865757269,14468.2145242169
"H3 res 3","830018fffffffff",81.029276156855,12833.4290869393
"H3 res 3","8303aefffffffff",82.0694458684292,13618.180453211
"H3 res 3","830069fffffffff",81.6950444562092,11565.2124228231
"H3 res 3","830346fffffffff",81.888480456594,11997.1565436641
"H3 res 3","8303a3fffffffff",81.766560241241,13799.7617445427
"H3 res 3","8300f4fffffffff",81.5572236996868,13219.9877071721
"H3 res 3","830362fffffffff",82.3436595448864,11810.8933093812
"H3 res 3","830019fffffffff",82.0480552256994,12870.4895388718
"H3 res 3","8303a0fffffffff",82.476489320599,13942.8562517614
"H3 res 3","830355fffffffff",81.9633144629041,12046.5394904389
"H3 res 3","830235fffffffff",81.776149459648,12781.84238928
"H3 res 3","8300d0fffffffff",82.4947715900815,13942.856251761
"H3 res 3","8303a6fffffffff",81.9201563631677,14105.7347835161
"H3 res 3","83000dfffffffff",81.705980542196,12270.6765790143
"H3 res 3","83006efffffffff",81.9758732181451,11703.349279963
"H3 res 3","830072fffffffff",82.3849591055896,12270.6765790139
"H3 res 3","830543fffffffff",81.8635313479915,14549.8641749813
"H3 res 3","8300f3fffffffff",82.832521781483,13618.1804532106
"H3 res 3","8303a1fffffffff",82.8917381956074,13766.4478582007
"H3 res 3","83006bfffffffff",82.664453790029,11818.4284451549
"H3 res 3","8300d4fffffffff",82.1594797640371,13766.4478582013
"H3 res 3","830071fffffffff",82.359055969546,12027.7288198797
"H3 res 3","830364fffffffff",82.3479960249789,11735.1277957946
"H3 res 3","830373fffffffff",82.8330052266138,12067.6607615742
"H3 res 3","830356fffffffff",82.6938256674423,12298.1753469629
"H3 res 3","83054dfffffffff",82.3925384297464,14227.790549006
"H3 res 3","830366fffffffff",82.9100262039029,11896.1997654099
"H3 res 3","83000afffffffff",82.0750475074552,12679.6997279124
"H3 res 3","830224fffffffff",83.0210287344222,12636.3399763593
"H3 res 3","8300f5fffffffff",82.6648392666797,13258.928969433
"H3 res 3","830570fffffffff",82.8317091987951,14495.3460565037
"H3 res 3","83030bfffffffff",83.4439866997421,12543.2369987643
"H3 res 3","830375fffffffff",83.3530652673895,12047.6672194213
"H3 res 3","83006afffffffff",82.8309561390628,11889.6862842439
"H3 res 3","830009fffffffff",82.7481064667546,12486.5095317395
"H3 res 3","83004dfffffffff",83.3505419924034,11988.0165990212
"H3 res 3","830371fffffffff",82.6610826540106,11937.9232594465
"H3 res 3","8303a4fffffffff",83.0762488417675,14071.1819021308
"H3 res 3","830073fffffffff",82.9552871580104,12256.9655973031
"H3 res 3","8300d5fffffffff",83.2926303814399,13799.761744543
"H3 res 3","8300f1fffffffff",83.3774440917923,13456.5349052615
"H3 res 3","83000bfffffffff",82.9716761664361,12694.2081059093
"H3 res 3","8300e4fffffffff",83.036680369416,12892.8115084303
"H3 res 3","83056bfffffffff",83.5309236758648,14183.9978362935
"H3 res 3","8303a5fffffffff",83.6247530412717,13900.5138479727
"H3 res 3","830318fffffffff",83.9474891154098,13096.647598448
"H3 res 3","830544fffffffff",83.7182289427536,14423.182952178
"H3 res 3","830054fffffffff",83.4450921156388,12479.448662282
"H3 res 3","830319fffffffff",83.5530740820523,12870.489538871
"H3 res 3","830046fffffffff",83.3887263208444,12229.6201052597
"H3 res 3","8303acfffffffff",83.1446221716574,13577.4668068596
"H3 res 3","8300c6fffffffff",83.9770709399937,13642.7064027975
"H3 res 3","83056afffffffff",83.8047013797988,14280.639987452
"H3 res 3","8300e2fffffffff",83.7649671302337,13282.385579131
"H3 res 3","830309fffffffff",83.6985451822743,12437.2228208267
"H3 res 3","83031efffffffff",84.1691211616245,13313.7688104589
"H3 res 3","83030afffffffff",84.111956529314,12781.8423892811
"H3 res 3","830313fffffffff",84.1913170501174,13520.8074885746
"H3 res 3","830372fffffffff",83.7671509267418,12318.8668906692
"H3 res 3","8300dafffffffff",83.6015629840193,14262.9872081527
"H3 res 3","830545fffffffff",83.8701183520968,14360.5299603515
"H3 res 3","830569fffffffff",84.2293925680665,14019.6163675259
"H3 res 3","830575fffffffff",83.9873808531009,14369.4525927061
"H3 res 3","8300e5fffffffff",83.9786108961449,12900.2665058238
"H3 res 3","830049fffffffff",83.933089858291,12148.1906468136
"H3 res 3","830312fffffffff",84.0056274703537,13716.7276845863
"H3 res 3","8300c4fffffffff",84.5102772758306,13472.5552480169
"H3 res 3","8300c2fffffffff",84.4206204270168,13816.4691021087
"H3 res 3","830055fffffffff",84.0152716385795,12458.3059278968
"H3 res 3","830562fffffffff",84.5041020380167,14333.8173853525
"H3 res 3","830050fffffffff",84.5162817685401,12679.6997279124
"H3 res 3","830563fffffffff",84.8069230908309,14280.6399874525
"H3 res 3","830310fffffffff",85.1012829588287,13650.8980814344
"H3 res 3","83004efffffffff",84.6017932690358,12311.9632671294
"H3 res 3","83030dfffffffff",84.6773052481687,12564.6206178992
"H3 res 3","830374fffffffff",84.3740332604606,12298.1753469626
"H3 res 3","830042fffffffff",84.4199058397657,12423.2004262324
"H3 res 3","830048fffffffff",84.3625365404262,12236.4469400915
"H3 res 3","8300e1fffffffff",84.96579290274,13096.647598449
"H3 res 3","830376fffffffff",84.6327131517906,12437.2228208262
"H3 res 3","83031cfffffffff",85.0348045728235,13235.5413119978
"H3 res 3","830316fffffffff",84.7683942157044,13841.5934237779
"H3 res 3","83056dfffffffff",85.3782256032634,13951.3505291039
"H3 res 3","83005cfffffffff",85.4450455854712,12607.5705620414
"H3 res 3","83030efffffffff",85.207680523737,12915.1980700094
"H3 res 3","830568fffffffff",84.6571776089791,14123.0642841474
"H3 res 3","830052fffffffff",84.8469727890655,12892.8115084303
"H3 res 3","8300dcfffffffff",84.6627111133201,13976.8851745827
"H3 res 3","8300d8fffffffff",84.6700864912821,14123.0642841474
"H3 res 3","8300d9fffffffff",85.5510037247036,14105.7347835163
"H3 res 3","8300e3fffffffff",84.8507853840146,13290.2198209552
"H3 res 3","8300c0fffffffff",85.1221781324583,13650.8980814339
"H3 res 3","830043fffffffff",84.6224650028269,12374.3289180596
"H3 res 3","8300eefffffffff",85.9093197476374,13282.3855791315
"H3 res 3","830561fffffffff",85.8551376194476,14123.0642841478
"H3 res 3","83004afffffffff",85.380290238749,12479.4486622817
"H3 res 3","830314fffffffff",85.9049935871101,13766.4478582002
"H3 res 3","830329fffffffff",85.4042569194637,12543.2369987643
"H3 res 3","8300c5fffffffff",85.6393464403938,13472.555248018
"H3 res 3","830051fffffffff",85.084559005691,12650.7657365232
"H3 res 3","830303fffffffff",85.7712338283431,13142.674559184
"H3 res 3","8300ddfffffffff",85.6917385474944,13968.3649782323
"H3 res 3","83032bfffffffff",85.606269945178,12679.6997279134
"H3 res 3","830564fffffffff",86.2759388505782,14071.1819021308
"H3 res 3","83005efffffffff",86.1608558936536,12833.4290869397
"H3 res 3","830301fffffffff",86.3045364965547,13035.6948282138
"H3 res 3","830302fffffffff",86.1137992914893,13361.0759361555
"H3 res 3","830315fffffffff",86.1651141082591,13569.348415776
"H3 res 3","830059fffffffff",86.3962144179214,12716.0226081528
"H3 res 3","83032dfffffffff",86.0207979934801,12636.3399763604
"H3 res 3","830053fffffffff",85.5974931070468,12870.4895388711
"H3 res 3","83032afffffffff",86.5449644754802,12915.198070011
"H3 res 3","83056cfffffffff",85.7630759296736,14045.3596984801
"H3 res 3","83030cfffffffff",85.5385722643011,12803.9085831809
"H3 res 3","830332fffffffff",86.5208377818587,13866.7939745317
"H3 res 3","8300eafffffffff",86.7593516953367,13456.5349052613
"H3 res 3","8300cafffffffff",86.637193569072,13942.8562517608
"H3 res 3","830058fffffffff",86.4484351388255,12781.8423892796
"H3 res 3","8300e8fffffffff",86.9116280773589,13258.928969433
"H3 res 3","830328fffffffff",86.4390742765874,12781.8423892808
"H3 res 3","830306fffffffff",87.1653386472534,13472.5552480167
"H3 res 3","83032efffffffff",87.4666884849687,13012.9593183167
"H3 res 3","8300ccfffffffff",87.408504457205,13618.1804532103
"H3 res 3","8300cefffffffff",86.6311130879729,13799.7617445422
"H3 res 3","830305fffffffff",87.3938720533571,13142.674559184
"H3 res 3","83032cfffffffff",87.0843195716452,12870.4895388711
"H3 res 3","83005bfffffffff",87.3913193003253,12945.1477482068
"H3 res 3","830565fffffffff",86.7404200002866,14019.6163675257
"H3 res 3","830336fffffffff",86.8305667269573,13951.3505291036
"H3 res 3","830333fffffffff",87.0298806198186,13675.5223643171
"H3 res 3","830300fffffffff",86.8898850176116,13258.9289694321
"H3 res 3","8300ebfffffffff",87.8559121088853,13424.5892963938
"H3 res 3","830304fffffffff",88.0119155076265,13361.0759361585
"H3 res 3","830334fffffffff",87.8096130877275,13841.5934237768
"H3 res 3","8300c8fffffffff",87.6680058053911,13766.4478582007
"H3 res 3","8300cbfffffffff",87.4067693778271,13900.5138479732
"H3 res 3","830331fffffffff",88.1294738152142,13569.3484157773
"H3 res 3","830325fffffffff",88.3028711141713,13165.7892266988
"H3 res 3","830330fffffffff",87.6534240157686,13766.4478582012
"H3 res 3","8300cdfffffffff",88.5432460382016,13577.466806858
"H3 res 3","8300c9fffffffff",88.5263327807557,13716.7276845875
"H3 res 3","8300e9fffffffff",87.7809749496343,13219.9877071718
"H3 res 3","830321fffffffff",88.159579285516,13096.6475984499
"H3 res 3","830323fffffffff",88.4448275616112,13235.5413119979
"H3 res 3","830324fffffffff",88.8626579792923,13376.9072615343
"H3 res 3","830335fffffffff",88.7616679458184,13650.8980814334
"H3 res 3","830320fffffffff",89.2415240263114,13313.7688104585
"H3 res 3","830326fffffffff",89.619043013052,13520.8074885869
"H3 res 3","830322fffffffff",89.1255662304069,13448.5366349367
"1 x 1 degree","-90",-89.5,107.896478815107
"1 x 1 degree","-89",-88.5,323.656570132721
"1 x 1 degree","-88",-87.5,539.318072523774
"1 x 1 degree","-87",-86.5,754.815293405346
"1 x 1 degree","-86",-85.5,970.082590236481
"1 x 1 degree","-85",-84.5,1185.05439051337
"1 x 1 degree","-84",-83.5,1399.6652117429
"1 x 1 degree","-83",-82.5,1613.84968139011
"1 x 1 degree","-82",-81.5,1827.54255679057
"1 x 1 degree","-81",-80.5,2040.67874502466
"1 x 1 degree","-80",-79.5,2253.19332274427
"1 x 1 degree","-79",-78.5,2465.0215559508
"1 x 1 degree","-78",-77.5,2676.09891971197
"1 x 1 degree","-77",-76.5,2886.36111781843
"1 x 1 degree","-76",-75.5,3095.7441023675
"1 x 1 degree","-75",-74.5,3304.18409327388
"1 x 1 degree","-74",-73.5,3511.61759769715
"1 x 1 degree","-73",-72.5,3717.98142938223
"1 x 1 degree","-72",-71.5,3923.21272790712
"1 x 1 degree","-71",-70.5,4127.24897783002
"1 x 1 degree","-70",-69.5,4330.0280277327
"1 x 1 degree","-69",-68.5,4531.48810915227
"1 x 1 degree","-68",-67.5,4731.56785539634
"1 x 1 degree","-67",-66.5,4930.20632023576
"1 x 1 degree","-66",-65.5,5127.34299647017
"1 x 1 degree","-65",-64.5,5322.91783435809
"1 x 1 degree","-64",-63.5,5516.87125990959
"1 x 1 degree","-63",-62.5,5709.14419303196
"1 x 1 degree","-62",-61.5,5899.67806552751
"1 x 1 degree","-61",-60.5,6088.41483893283
"1 x 1 degree","-60",-59.5,6275.29702219843
"1 x 1 degree","-59",-58.5,6460.26768920083
"1 x 1 degree","-58",-57.5,6643.27049608323
"1 x 1 degree","-57",-56.5,6824.24969841747
"1 x 1 degree","-56",-55.5,7003.15016818585
"1 x 1 degree","-55",-54.5,7179.91741057181
"1 x 1 degree","-54",-53.5,7354.49758056116
"1 x 1 degree","-53",-52.5,7526.83749934273
"1 x 1 degree","-52",-51.5,7696.88467050813
"1 x 1 degree","-51",-50.5,7864.58729604119
"1 x 1 degree","-50",-49.5,8029.89429209808
"1 x 1 degree","-49",-48.5,8192.75530456635
"1 x 1 degree","-48",-47.5,8353.1207244036
"1 x 1 degree","-47",-46.5,8510.94170274992
"1 x 1 degree","-46",-45.5,8666.17016580613
"1 x 1 degree","-45",-44.5,8818.75882947877
"1 x 1 degree","-44",-43.5,8968.66121378274
"1 x 1 degree","-43",-42.5,9115.83165699959
"1 x 1 degree","-42",-41.5,9260.22532958683
"1 x 1 degree","-41",-40.5,9401.79824783259
"1 x 1 degree","-40",-39.5,9540.50728725496
"1 x 1 degree","-39",-38.5,9676.31019573667
"1 x 1 degree","-38",-37.5,9809.16560639611
"1 x 1 degree","-37",-36.5,9939.03305018846
"1 x 1 degree","-36",-35.5,10065.8729682322
"1 x 1 degree","-35",-34.5,10189.6467238592
"1 x 1 degree","-34",-33.5,10310.3166143852
"1 x 1 degree","-33",-32.5,10427.845882592
"1 x 1 degree","-32",-31.5,10542.198727926
"1 x 1 degree","-31",-30.5,10653.3403174031
"1 x 1 degree","-30",-29.5,10761.2367962181
"1 x 1 degree","-29",-28.5,10865.8552980588
"1 x 1 degree","-28",-27.5,10967.1639551157
"1 x 1 degree","-27",-26.5,11065.1319077904
"1 x 1 degree","-26",-25.5,11159.7293140958
"1 x 1 degree","-25",-24.5,11250.9273587455
"1 x 1 degree","-24",-23.5,11338.6982619314
"1 x 1 degree","-23",-22.5,11423.0152877863
"1 x 1 degree","-22",-21.5,11503.8527525273
"1 x 1 degree","-21",-20.5,11581.1860322796
"1 x 1 degree","-20",-19.5,11654.9915705769
"1 x 1 degree","-19",-18.5,11725.2468855375
"1 x 1 degree","-18",-17.5,11791.9305767116
"1 x 1 degree","-17",-16.5,11855.0223316012
"1 x 1 degree","-16",-15.5,11914.5029318463
"1 x 1 degree","-15",-14.5,11970.35425908
"1 x 1 degree","-14",-13.5,12022.559300447
"1 x 1 degree","-13",-12.5,12071.1021537859
"1 x 1 degree","-12",-11.5,12115.9680324734
"1 x 1 degree","-11",-10.5,12157.1432699281
"1 x 1 degree","-10",-9.5,12194.615323774
"1 x 1 degree","-9",-8.5,12228.3727796603
"1 x 1 degree","-8",-7.5,12258.4053547391
"1 x 1 degree","-7",-6.5,12284.7039007969
"1 x 1 degree","-6",-5.5,12307.260407042
"1 x 1 degree","-5",-4.5,12326.068002544
"1 x 1 degree","-4",-3.5,12341.1209583271
"1 x 1 degree","-3",-2.5,12352.4146891151
"1 x 1 degree","-2",-1.5,12359.9457547284
"1 x 1 degree","-1",-0.5,12363.7118611313
"1 x 1 degree","0",0.5,12363.7118611313
"1 x 1 degree","1",1.5,12359.9457547284
"1 x 1 degree","2",2.5,12352.4146891151
"1 x 1 degree","3",3.5,12341.1209583271
"1 x 1 degree","4",4.5,12326.068002544
"1 x 1 degree","5",5.5,12307.260407042
"1 x 1 degree","6",6.5,12284.7039007969
"1 x 1 degree","7",7.5,12258.4053547391
"1 x 1 degree","8",8.5,12228.3727796603
"1 x 1 degree","9",9.5,12194.615323774
"1 x 1 degree","10",10.5,12157.1432699281
"1 x 1 degree","11",11.5,12115.9680324734
"1 x 1 degree","12",12.5,12071.1021537859
"1 x 1 degree","13",13.5,12022.559300447
"1 x 1 degree","14",14.5,11970.35425908
"1 x 1 degree","15",15.5,11914.5029318463
"1 x 1 degree","16",16.5,11855.0223316012
"1 x 1 degree","17",17.5,11791.9305767116
"1 x 1 degree","18",18.5,11725.2468855375
"1 x 1 degree","19",19.5,11654.9915705769
"1 x 1 degree","20",20.5,11581.1860322796
"1 x 1 degree","21",21.5,11503.8527525273
"1 x 1 degree","22",22.5,11423.0152877863
"1 x 1 degree","23",23.5,11338.6982619314
"1 x 1 degree","24",24.5,11250.9273587455
"1 x 1 degree","25",25.5,11159.7293140958
"1 x 1 degree","26",26.5,11065.1319077904
"1 x 1 degree","27",27.5,10967.1639551157
"1 x 1 degree","28",28.5,10865.8552980588
"1 x 1 degree","29",29.5,10761.2367962181
"1 x 1 degree","30",30.5,10653.3403174031
"1 x 1 degree","31",31.5,10542.198727926
"1 x 1 degree","32",32.5,10427.845882592
"1 x 1 degree","33",33.5,10310.3166143852
"1 x 1 degree","34",34.5,10189.6467238592
"1 x 1 degree","35",35.5,10065.8729682322
"1 x 1 degree","36",36.5,9939.03305018846
"1 x 1 degree","37",37.5,9809.16560639611
"1 x 1 degree","38",38.5,9676.31019573667
"1 x 1 degree","39",39.5,9540.50728725496
"1 x 1 degree","40",40.5,9401.79824783259
"1 x 1 degree","41",41.5,9260.22532958683
"1 x 1 degree","42",42.5,9115.83165699959
"1 x 1 degree","43",43.5,8968.66121378274
"1 x 1 degree","44",44.5,8818.75882947877
"1 x 1 degree","45",45.5,8666.17016580613
"1 x 1 degree","46",46.5,8510.94170274992
"1 x 1 degree","47",47.5,8353.1207244036
"1 x 1 degree","48",48.5,8192.75530456635
"1 x 1 degree","49",49.5,8029.89429209808
"1 x 1 degree","50",50.5,7864.58729604119
"1 x 1 degree","51",51.5,7696.88467050813
"1 x 1 degree","52",52.5,7526.83749934273
"1 x 1 degree","53",53.5,7354.49758056116
"1 x 1 degree","54",54.5,7179.91741057181
"1 x 1 degree","55",55.5,7003.15016818585
"1 x 1 degree","56",56.5,6824.24969841747
"1 x 1 degree","57",57.5,6643.27049608323
"1 x 1 degree","58",58.5,6460.26768920083
"1 x 1 degree","59",59.5,6275.29702219843
"1 x 1 degree","60",60.5,6088.41483893283
"1 x 1 degree","61",61.5,5899.67806552751
"1 x 1 degree","62",62.5,5709.14419303196
"1 x 1 degree","63",63.5,5516.87125990959
"1 x 1 degree","64",64.5,5322.91783435809
"1 x 1 degree","65",65.5,5127.34299647017
"1 x 1 degree","66",66.5,4930.20632023576
"1 x 1 degree","67",67.5,4731.56785539634
"1 x 1 degree","68",68.5,4531.48810915227
"1 x 1 degree","69",69.5,4330.0280277327
"1 x 1 degree","70",70.5,4127.24897783002
"1 x 1 degree","71",71.5,3923.21272790712
"1 x 1 degree","72",72.5,3717.98142938223
"1 x 1 degree","73",73.5,3511.61759769715
"1 x 1 degree","74",74.5,3304.18409327388
"1 x 1 degree","75",75.5,3095.7441023675
"1 x 1 degree","76",76.5,2886.36111781843
"1 x 1 degree","77",77.5,2676.09891971197
"1 x 1 degree","78",78.5,2465.0215559508
"1 x 1 degree","79",79.5,2253.19332274427
"1 x 1 degree","80",80.5,2040.67874502466
"1 x 1 degree","81",81.5,1827.54255679057
"1 x 1 degree","82",82.5,1613.84968139011
"1 x 1 degree","83",83.5,1399.6652117429
"1 x 1 degree","84",84.5,1185.05439051337
"1 x 1 degree","85",85.5,970.082590236481
"1 x 1 degree","86",86.5,754.815293405346
"1 x 1 degree","87",87.5,539.318072523774
"1 x 1 degree","88",88.5,323.656570132721
"1 x 1 degree","89",89.5,107.896478815107
