"cell_id","cell_cen_lon","cell_cen_lat","cell_area_km2","n_points","people","parent"
2230,34.7055605910353,30.8120452183023,69948.6590406032,253,6742113,249
2613,72.1251856749191,30.5144406640959,69948.6590406032,65,9016740,296
2338,46.6892665418868,28.8090752739593,69948.6590406032,71,2761452,258
2248,44.8816440507626,10.2129457399499,69948.6590406032,5,869299,246
2245,46.6241842116137,2.65305418990976,69948.6590406032,5,98989,245
2339,45.9552179996489,31.1496413008536,69948.6590406032,16,1743270,259
2281,43.1358858009545,23.0406597352581,69948.6590406032,2,49223,257
2287,38.1987616010255,36.9231412301871,69948.6590406032,53,5785453,259
2258,36.8394023231952,32.7220233985042,69948.6590406032,278,8092208,250
2369,47.0558168489854,37.6237064708296,69948.6590406032,18,3196176,269
2419,55.475937121596,26.2737303357979,69948.6590406032,11,2632403,267
2231,33.7410127278522,33.0865645799365,69948.6590406032,92,2294516,250
2259,35.9163895572898,35.0207803897408,69948.6590406032,57,5260352,250
2221,42.1174133873512,10.5265043635558,69948.6590406032,10,413723,246
2364,50.4351595465757,25.9472914622466,69948.6590406032,70,3997795,267
2587,69.1303832146257,34.6205060250237,69948.6590406032,26,4118560,287
2367,48.2749811175642,32.8514659758393,69948.6590406032,16,1701716,268
2331,51.3080607932168,11.9707471425757,69948.6590406032,4,29740,256
2250,43.3884784467935,14.5490262450386,69948.6590406032,17,4234877,247
2314,41.3933528355334,36.4463222136459,69948.6590406032,28,1489369,259
2313,42.1688586856913,34.0975626119249,69948.6590406032,9,543387,259
2341,44.5398444641006,35.8835386446341,69948.6590406032,23,5671767,259
2277,46.2033697657486,14.1917268830986,69948.6590406032,7,210343,256
1972,34.3029357885665,17.8888857823349,69948.6590406032,5,271654,226
1617,11.25,37.2799862178575,69948.6590406032,63,2749067,180
1588,6.18976273114499,35.8055961573416,69948.6590406032,76,5120273,179
1560,2.84508549236091,35.9201492698695,69948.6590406032,104,7510330,179
1532,-0.469419170272256,35.9056848194344,69948.6590406032,49,2830958,170
1559,1.44411211871671,33.8171496403195,69948.6590406032,8,484892,179
1589,7.78723181445643,37.7554237162576,69948.6590406032,17,835870,180
2310,44.4872843002305,27.0867960776565,69948.6590406032,11,693041,258
1616,9.56173138337538,35.4953296951706,69948.6590406032,113,2790475,180
1664,4.70268270583601,18.8003523891213,69948.6590406032,1,66455,187
1612,3.64561847177746,27.4600069047125,69948.6590406032,1,51599,178
1558,0.125586966382374,31.6733574093471,69948.6590406032,2,79028,178
1587,4.68120320284162,33.7863919410966,69948.6590406032,15,825467,179
1523,-9.89360828400395,15.9122994593509,69948.6590406032,3,101338,167
1561,4.33326708465932,37.9750603886164,69948.6590406032,11,327962,179
2247,45.616292651451,8.09502443572739,69948.6590406032,1,4411,246
2246,46.1281220197184,5.36689171804728,69948.6590406032,2,18042,246
2275,47.4797531262218,9.36752744800011,69948.6590406032,3,120555,255
2418,55.9624793166327,23.705049405514,69948.6590406032,12,1098965,267
2309,45.2572063822658,24.7906850710371,69948.6590406032,17,310294,258
2253,41.06604853364,21.2557405970578,69948.6590406032,10,2140712,248
945,-9.33590357978012,44.0871252178969,69948.6590406032,32,848628,109
973,-6.90147177315866,42.0664130975052,69948.6590406032,105,1995942,109
972,-10.4243471260815,41.8486481663404,69948.6590406032,46,632078,109
1000,-8.07076240888406,39.8465102800413,69948.6590406032,228,2926115,118
26,11.2499997284725,65.0900302577558,69948.6590406032,29,60039,10
1484,4.66556893753958,52.5833589719163,69948.6590406032,295,12518443,172
1513,11.25,54.0016986553918,69948.6590406032,105,4405675,172
1486,8.86059210607889,56.4413273435722,69948.6590406032,172,1703171,172
1511,7.0517610057402,50.2962348934044,69948.6590406032,1018,21603001,172
1538,9.23650484810595,47.9629056967783,69948.6590406032,647,10464167,172
2214,15.8263351505874,54.5394081890503,69948.6590406032,30,1158306,253
2296,26.8954871409728,57.424484801077,69948.6590406032,457,773944,262
1483,2.8152974926234,50.5790759973755,69948.6590406032,456,10918141,171
2969,26.0535504172805,62.3322791751188,69948.6590406032,101,972658,334
324,-45.7788103224392,59.898237318394,69948.6590406032,22,5957,37
211,-55.537667258601,71.8129567395067,69948.6590406032,12,3831,26
1537,7.3499006707332,46.0896876709168,69948.6590406032,533,8965116,171
239,-53.276864299519,69.138429591914,69948.6590406032,17,11130,27
2942,24.18428639551,59.7585568689826,69948.6590406032,539,2803801,334
1621,19.0719017502905,46.3603099765387,69948.6590406032,619,6442089,181
1770,7.60216848030692,4.68790069765825,69948.6590406032,44,5324093,195
2366,48.959730154197,30.4910166186816,69948.6590406032,21,4714170,268
2421,54.4404343897713,31.4736356593735,69948.6590406032,8,813708,268
2211,21.3956718426704,48.5318802648771,69948.6590406032,369,3850061,252
1311,-49.2549148984385,-2.74630381613962,69948.6590406032,9,403656,150
4412,-57.0028827070234,-26.0835407552217,69948.6590406032,123,2716429,491
1744,7.54992873471229,9.35561819569793,69948.6590406032,27,2949477,195
1771,8.80084461415004,7.01678574047287,69948.6590406032,33,1702806,195
3010,89.8423906429572,53.2388717151237,69948.6590406032,10,580510,338
1691,6.23292395754298,16.4586786810991,69948.6590406032,2,22918,187
2262,32.9243471268717,41.8486481646676,69948.6590406032,45,788652,251
1273,-73.8522634670858,-13.2269110044709,69948.6590406032,13,345519,137
1565,11.25,45.5739942767419,69948.6590406032,231,6778890,181
1479,-3.34552076617605,42.179413456767,69948.6590406032,73,2748727,170
6786,176.833106289907,-2.38733093839069,69948.6590406032,2,2131,751
1385,-64.0382200196333,-18.6391916297657,69948.6590406032,25,1554162,157
1505,-2.49348574635488,37.9696885480637,69948.6590406032,108,3273866,170
2344,42.6009959704367,42.9054110750468,69948.6590406032,86,2094355,260
3389,144.538800811369,44.7135123133065,69948.6590406032,6,250517,375
3692,-100.356614318497,20.7783298065027,69948.6590406032,84,5103244,413
2343,43.2176527536992,40.5934199859558,69948.6590406032,355,3059900,260
2620,73.9448945220137,49.3704239420401,69948.6590406032,24,802645,298
836,-8.88409459280592,52.5676550137599,69948.6590406032,98,937543,100
363,-122.690816575294,49.9021737513466,69948.6590406032,30,2480046,41
1594,17.3249995244099,48.3542078558565,69948.6590406032,480,6679259,181
2457,53.1688214155141,53.3016389186772,69948.6590406032,15,709523,280
1858,19.8822269966304,14.2619046816592,69948.6590406032,3,106806,206
1057,-74.0242999371572,6.05255156292624,69948.6590406032,214,2490749,119
1631,-3.24568728628251,7.19887659715108,69948.6590406032,16,693139,185
1715,3.92569404347954,7.05861533782651,69948.6590406032,63,21934287,195
837,-4.34547201658096,52.74000838193,69948.6590406032,169,6695755,100
783,-0.226874133363194,57.1483531553561,69948.6590406032,6,242199,91
6342,140.890806309327,-1.36770948937727,69948.6590406032,3,215518,711
1539,11.25,49.7678966991201,69948.6590406032,165,4549314,172
2252,41.8535210411061,18.9978148669941,69948.6590406032,18,1096227,248
2396,50.1848976930972,36.9157094930202,69948.6590406032,23,2627186,269
2803,88.832269000131,22.2321373668935,69948.6590406032,78,18055671,314
1630,-4.38646074350652,4.80149108836139,69948.6590406032,10,4286045,184
3358,141.268203482477,35.7135378019801,69948.6590406032,119,21880547,373
668,-100.652251427391,31.4913263908978,69948.6590406032,2,202031,80
865,-1.44175426942911,50.6768705225158,69948.6590406032,211,16059825,100
2318,38.2804237632093,45.6719094997935,69948.6590406032,44,2327367,261
2195,38.6296963863189,13.1041858643709,69948.6590406032,16,688982,247
1864,30.6653217836345,26.8955790581662,69948.6590406032,22,2206700,208
2203,31.6531124995499,31.1242808843616,69948.6590406032,86,19154477,249
1743,6.3574977183418,7.03248649002041,69948.6590406032,69,7310995,195
2640,74.6438472952817,29.0839723866901,69948.6590406032,21,2518370,296
1658,-2.02367091257158,4.76750231354365,69948.6590406032,15,812278,185
1687,1.5110230107385,7.09511407433935,69948.6590406032,33,3357959,185
2194,39.3871444893811,10.8792909854809,69948.6590406032,15,497661,246
1826,12.4666132567435,4.68219898510079,69948.6590406032,23,1858804,205
2642,74.1331306971366,34.5361283601757,69948.6590406032,15,1735106,297
894,-76.1884262833965,19.1016444811421,69948.6590406032,47,2146252,101
810,-2.8924346194516,54.8075546417572,69948.6590406032,216,9231474,91
1030,-73.9816268452052,8.45935074307682,69948.6590406032,77,1074457,110
1507,0.275207186572444,42.2381061950333,69948.6590406032,66,2564680,170
1452,-35.9851204890703,-8.10265787914578,69948.6590406032,42,5447338,161
3781,-81.3717068410007,21.4194388720681,69948.6590406032,10,456206,424
1029,-76.3757263096998,7.24027666821132,69948.6590406032,72,3723510,110
922,-73.6618204277746,17.9084243343989,69948.6590406032,43,731260,101
2210,22.9835992366973,46.4466190798222,69948.6590406032,207,3731658,252
1566,13.2634951503156,47.9629056982689,69948.6590406032,193,3901013,181
2251,42.6270457208491,16.7610235259388,69948.6590406032,21,426171,247
1998,33.1956931255646,13.6888289881551,69948.6590406032,34,1709960,226
2391,53.3053984429284,25.0034416865076,69948.6590406032,1,619316,267
1997,31.2375776099482,11.7321212997687,69948.6590406032,6,141343,226
2363,51.2094567503767,23.80700767032,69948.6590406032,6,11908,267
1969,28.4947631072058,11.9549110513534,69948.6590406032,7,240876,225
6073,120.377295805096,14.0216237682627,69948.6590406032,232,23893809,675
1466,-16.1296963868241,13.1041858645355,69948.6590406032,226,1876246,166
1686,0.360242194539104,4.73912065945308,69948.6590406032,18,3172212,185
6127,124.766460037304,11.8056977011063,69948.6590406032,53,1098883,684
1084,-74.0526247043712,3.63561187769696,69948.6590406032,97,8961901,119
3719,-100.261458968387,18.157541878418,69948.6590406032,68,2907335,413
1339,-47.0267488469823,-4.10489967719815,69948.6590406032,3,198610,150
3720,-98.0138341512459,19.2512830618614,69948.6590406032,220,25087929,413
3832,-88.6102797872012,13.1561176970719,69948.6590406032,156,3103146,432
3776,-93.4543896948181,15.9834233825359,69948.6590406032,32,1120518,423
3751,-88.9626640344051,20.4034870779943,69948.6590406032,30,1268047,423
1001,-78.7500000002693,8.41731465221901,69948.6590406032,101,1448957,110
720,-105.101687587657,23.737881101402,69948.6590406032,11,632562,79
1369,-40.9438783019381,-2.73714864651759,69948.6590406032,8,500465,151
1300,-73.7648953799552,-15.5801910035253,69948.6590406032,7,69177,146
1059,-69.2019252981048,8.46536579454106,69948.6590406032,6,692693,120
3804,-91.2970938049276,14.1315990936675,69948.6590406032,258,6323696,423
3691,-102.606602331565,19.6368390904156,69948.6590406032,95,5987017,412
3748,-95.7085806878648,17.6648932107889,69948.6590406032,44,1401356,422
4494,-54.2928689721898,-33.0362044454052,69948.6590406032,27,221652,500
1619,14.9098954136335,41.9121859606621,69948.6590406032,166,6311993,181
1083,-76.4020722364318,2.4172439312939,69948.6590406032,101,4321077,119
1329,-68.6813852781195,-15.4356356726313,69948.6590406032,17,2145908,147
2665,77.2651984038362,22.2642809364196,69948.6590406032,14,3480396,295
2232,32.7340537763054,35.3528910087676,69948.6590406032,321,1005863,250
3224,126.279512226658,45.3061671060719,69948.6590406032,25,5970339,356
1482,1.10432815663628,48.5318802651194,69948.6590406032,350,12161786,171
1512,9.07191170508072,52.1807312933471,69948.6590406032,247,10806727,172
3038,91.5479059937332,55.6555098759672,69948.6590406032,10,1337450,339
2590,69.8573576484893,42.7907116277172,69948.6590406032,25,1155118,288
2371,46.0974812916831,42.2922467698582,69948.6590406032,69,3376942,269
3860,-86.0532874458065,12.0356013275503,69948.6590406032,100,2922984,433
1645,14.7127681846269,37.7554237173251,69948.6590406032,87,3706128,189
2261,33.9635716257244,39.5885182896239,69948.6590406032,57,5378112,251
2614,71.8439087350713,33.2310696141976,69948.6590406032,70,7378208,296
2206,28.3644255327354,37.809610283017,69948.6590406032,93,5145560,250
1245,-76.3223595144686,-12.0292429703417,69948.6590406032,38,8858260,137
1825,11.2500000009998,2.34465021180513,69948.6590406032,24,414034,204
1396,-40.5717655707321,-5.44728213635165,69948.6590406032,9,253370,160
5182,44.1395020620248,-12.3652649221984,69948.6590406032,171,570448,576
1592,13.1323093978578,43.7807391343837,69948.6590406032,104,2950769,181
1646,16.5865966973841,39.9747255363998,69948.6590406032,104,3268966,190
1564,9.3676906008765,43.7807391331161,69948.6590406032,93,3905455,180
593,-78.749999831629,44.4260054777907,69948.6590406032,88,8152614,73
567,-72.9413403271182,45.5580433531158,69948.6590406032,104,4393458,64
1425,-36.3540430695597,-5.42399119816033,69948.6590406032,9,1334674,161
923,-70.9833453875177,18.9603701766078,69948.6590406032,230,7172369,102
895,-73.5425007799561,20.208317784586,69948.6590406032,31,622334,101
695,-100.551447065869,28.7745540182676,69948.6590406032,10,489554,80
1824,10.0454759503333,-1.8309340107047e-08,69948.6590406032,10,648204,204
28,11.2499998238798,60.5296014877242,69948.6590406032,179,1446013,10
2445,58.570132472815,22.4735734347191,69948.6590406032,26,1472777,276
4415,-50.141242906288,-22.5156857271877,69948.6590406032,34,2249916,492
1729,24.9934857452616,37.9696885498831,69948.6590406032,183,4128377,199
1593,15.1500993278178,46.0896876724289,69948.6590406032,508,4075472,181
4004,-129.564840281196,-25.947291383675,69948.6590406032,1,51,445
2260,34.9592527447071,37.3110923836578,69948.6590406032,44,3782840,250
2238,25.4448213233768,48.5726145428202,69948.6590406032,188,2936412,252
2234,30.5707624098404,39.8465102781668,69948.6590406032,78,4607866,251
2223,40.6110220414307,14.9470826515315,69948.6590406032,4,146099,247
2196,37.8535461186245,15.3407537630651,69948.6590406032,9,715097,247
2080,37.4141132979701,8.99644107525845,69948.6590406032,17,3224483,235
1134,-16.0983193471224,28.1169369989877,69948.6590406032,39,1616911,127
1551,-7.16484242528326,16.136513524633,69948.6590406032,6,135395,176
6247,138.370903352916,-34.4973233728193,69948.6590406032,7,1147724,697
2173,27.4486399140544,-33.5920209438352,69948.6590406032,9,811837,239
2249,44.1395019931834,12.3652649582603,69948.6590406032,8,1335554,247
1702,23.6524006514924,40.1198005421474,69948.6590406032,344,2290062,190
2053,36.6757064601568,11.1980174266833,69948.6590406032,10,461550,235
2664,77.3933976685856,19.6368390871958,69948.6590406032,19,2764031,295
2342,43.8652636830223,38.2484478620644,69948.6590406032,28,2131613,260
2585,69.8056247360296,29.2085521113545,69948.6590406032,30,1807472,287
2776,86.5433994545054,23.9467984446058,69948.6590406032,35,5486373,314
5927,108.366091344697,-7.26849384038188,69948.6590406032,102,12103503,663
2237,26.8481494569716,46.4333983134412,69948.6590406032,326,4643245,252
2077,32.6898456244128,2.44051705125408,69948.6590406032,11,529913,234
952,-66.2887371602727,19.5528066160802,69948.6590406032,46,1382833,102
665,-107.679173802087,27.8298862877187,69948.6590406032,4,122310,79
692,-107.514769532827,25.1664778927221,69948.6590406032,12,881766,79
2662,77.6265968453427,14.4093294929267,69948.6590406032,24,2959967,294
1504,-3.75639773561596,35.7923018019388,69948.6590406032,39,2136685,169
1584,0.673290774277301,27.4078945066353,69948.6590406032,3,154178,178
2589,69.5400588284712,40.1048994544814,69948.6590406032,79,4135311,288
1886,22.1996041548989,14.4463806550341,69948.6590406032,2,182814,216
2209,24.462726895779,44.3277506768631,69948.6590406032,338,6198047,251
6649,168.684910938921,4.93669987145778,69948.6590406032,10,2468,741
2970,21.2205000913328,62.0652734182597,69948.6590406032,79,857325,334
3192,125.707131029115,33.036204444721,69948.6590406032,3,459293,354
7255,-148.44780649008,-18.1478464337512,69948.6590406032,27,198987,808
2205,29.5185141382316,35.5952685595452,69948.6590406032,19,247279,250
6977,-172.514628636548,-14.0253201889234,69948.6590406032,197,163949,779
2217,44.7857189436924,1.3205763658439,69948.6590406032,7,3247784,245
2189,42.9674744149649,-3.00540798321455e-09,69948.6590406032,4,491353,245
1424,-38.2894302497848,-6.78114939891482,69948.6590406032,15,808587,161
7005,-170.009359308236,-13.977168592416,69948.6590406032,36,58707,779
2288,37.314276077087,39.2341611085873,69948.6590406032,52,2035765,260
1719,8.71048751399067,16.3282062160746,69948.6590406032,3,117784,196
1474,-9.15311250001709,31.1242808845164,69948.6590406032,6,2077663,168
1716,5.09786058368985,9.3906818631691,69948.6590406032,29,1966015,195
3833,-86.182971731106,14.3789486757697,69948.6590406032,202,1662055,433
3432,144.774247051557,13.3718699022951,69948.6590406032,28,87490,380
2370,46.5396182843171,39.9832130747714,69948.6590406032,169,1780380,269
2079,35.3919542451695,7.13006320657591,69948.6590406032,7,261614,235
2831,91.1363505052272,23.116773827511,69948.6590406032,64,15870244,315
1535,3.9235979723272,42.1621685722064,69948.6590406032,59,1423157,171
1508,1.79861416883339,44.3199060791264,69948.6590406032,49,1452700,171
3331,138.562710329356,37.2515467881608,69948.6590406032,143,9980145,373
2458,52.5107237824458,55.8961350776885,69948.6590406032,23,2388834,280
2236,28.1635964280328,44.2633364376799,69948.6590406032,135,2641090,251
2233,31.6793257090462,37.607426989578,69948.6590406032,52,3077051,250
3330,138.370903351294,34.4973233766864,69948.6590406032,124,17734698,373
1688,2.66747305512758,9.44309106737536,69948.6590406032,17,1171569,186
1659,-0.88113851163931,7.14190198292796,69948.6590406032,26,2408178,185
2604,73.5823761675989,6.74338301821385,69948.6590406032,76,79738,293
6074,120.446207722694,16.6327724006289,69948.6590406032,134,3561649,676
55,5.94925934860463,61.6455077113747,69948.6590406032,131,483452,10
2667,77.1012583914511,27.6062111313342,69948.6590406032,47,22434952,296
3754,-81.440206080291,23.713539942313,69948.6590406032,29,3172055,424
1701,21.594475572622,38.0321722379092,69948.6590406032,215,1133826,190
2398,49.5758184750099,41.5435043034158,69948.6590406032,45,915636,269
3805,-88.8186147218805,15.4356356726312,69948.6590406032,315,2260866,423
3943,-81.1242736903381,7.24027667317262,69948.6590406032,65,232751,442
3749,-93.4617799803668,18.6391916297656,69948.6590406032,21,1086735,423
610,-110.460687649229,31.8950999380018,69948.6590406032,8,1056742,69
1056,-76.392218692844,4.83161937224,69948.6590406032,129,3877146,119
4416,-47.9153536394165,-21.2651830335291,69948.6590406032,61,4451040,492
1027,-9.17932570814461,37.6074269914531,69948.6590406032,117,2988061,118
1451,-37.9622433091278,-9.45303686475495,69948.6590406032,8,451341,161
4493,-56.628808106812,-34.2425755362411,69948.6590406032,75,1997525,500
1446,-48.314614656774,-16.0014119893028,69948.6590406032,17,5033924,159
4051,-81.0979277635682,-2.41724393129386,69948.6590406032,18,2683413,451
3664,-102.734801596325,22.264280939652,69948.6590406032,32,1632569,412
1085,-71.6920556087689,4.85560675391826,69948.6590406032,25,176411,120
3303,136.236671137593,35.9556360218725,69948.6590406032,179,24695555,364
1718,7.48537117823361,14.0253201399051,69948.6590406032,17,849536,196
1477,-5.86442553324995,37.8096102831898,69948.6590406032,117,3348804,169
6099,122.49266837664,10.3465228713068,69948.6590406032,135,3948597,684
1003,-73.9243814131971,10.8520755047974,69948.6590406032,73,3851714,110
1358,-64.045610305182,-15.9834233825359,69948.6590406032,7,226117,148
2235,29.4014717741787,42.0664130956309,69948.6590406032,36,11351428,251
7257,-146.80430670525,-13.6888287075745,69948.6590406032,2,1290,809
2104,33.8495008915289,2.84097328284411e-07,69948.6590406032,60,1564160,234
1531,-1.76418427963729,33.7457914645125,69948.6590406032,18,1263364,169
6995,172.981486369553,-35.5952687957072,69948.6590406032,26,94005,776
2610,72.6412430191524,22.5156855304236,69948.6590406032,34,11684557,295
2636,75.1711845216087,18.4579072421847,69948.6590406032,15,7056362,295
6922,-176.165121649499,-11.7842342390786,69948.6590406032,18,9650,769
664,-109.978331262664,26.5479673150452,69948.6590406032,17,786136,78
3663,-104.983148719327,21.0836326425829,69948.6590406032,35,1005869,412
3834,-83.7351046200448,15.5801910035253,69948.6590406032,13,30255,433
638,-107.874814159312,30.5144404635895,69948.6590406032,5,99650,70
1674,20.1325609853316,40.1195791908632,69948.6590406032,153,1448676,190
979,-66.2496934267083,16.8594205004166,69948.6590406032,27,461095,111
6119,124.664689552766,-9.20593093746491,69948.6590406032,16,338291,682
6651,170.545709932528,9.56570096539945,69948.6590406032,15,2182,742
2269,22.7268741295484,57.148353155035,69948.6590406032,100,1534679,253
3275,133.36961698783,34.6205062027888,69948.6590406032,102,9344877,364
3246,130.374814491654,30.5144408574468,69948.6590406032,18,1269130,363
6263,135.458135989062,8.13449394999645,69948.6590406032,13,15301,703
393,-112.468961602193,51.9882495447861,69948.6590406032,27,240756,42
6369,143.220338680078,-2.72275537352729,69948.6590406032,3,25185,711
1536,5.58171979105816,44.1541501102297,69948.6590406032,131,4804318,171
2859,93.4445935361554,23.9435230112976,69948.6590406032,7,815482,324
1563,7.59010458519994,41.9121859593754,69948.6590406032,6,127661,180
1753,20.5749178535756,29.5775257613693,69948.6590406032,4,165189,198
6678,172.126786927901,7.3428734222839,69948.6590406032,37,26937,742
2639,74.7794712138781,26.4022978042984,69948.6590406032,16,4977618,296
2208,25.8455207656063,42.1794134565733,69948.6590406032,149,2667120,251
2645,75.6097747929448,42.657997171909,69948.6590406032,19,2555488,298
6543,174.336403895909,-44.2633363995965,69948.6590406032,3,4913,724
2618,72.9663380064984,44.0906280689255,69948.6590406032,11,119503,298
2393,52.0065794688973,29.826498762683,69948.6590406032,14,2209624,268
2316,39.8387826831904,41.1093168620521,69948.6590406032,56,1437104,260
2619,73.4332413250595,46.7378985328795,69948.6590406032,9,112830,298
2480,58.2494304013075,42.1208796814891,69948.6590406032,14,629507,279
2943,19.7123917424688,59.4068320520731,69948.6590406032,33,1798316,334
1965,23.2897336040864,2.37430192210278,69948.6590406032,3,177706,224
2401,47.2768673556359,49.3505611466433,69948.6590406032,8,128430,270
3332,138.44995492294,39.9669494545174,69948.6590406032,4,422181,374
1772,10.0151699632655,9.33804883739448,69948.6590406032,33,1669932,196
2931,71.2493435482806,53.3543580940966,69948.6590406032,12,300790,330
2455,54.2676894220578,48.1306538479187,69948.6590406032,9,86499,279
2289,36.4058373613872,41.528675429384,69948.6590406032,49,1786397,260
146,-133.214736061996,69.1206435859223,69948.6590406032,3,4678,14
2536,64.0520867322976,45.2682811957227,69948.6590406032,7,286604,288
2268,25.3924346194516,54.8075546417572,69948.6590406032,84,2152688,253
189,-21.8432445476366,64.3151992247905,69948.6590406032,46,234035,28
136,-8.50066498871739,62.4358517822228,69948.6590406032,115,50836,19
757,7.10875190484673,58.9110347622037,69948.6590406032,126,581472,91
620,-80.5643404786321,42.0052082193204,69948.6590406032,56,2647562,73
2456,53.7494370925386,50.7134130267779,69948.6590406032,6,630568,280
2346,41.4777386893991,47.3841920206159,69948.6590406032,30,2574810,261
2700,81.2992071911237,42.2539228708713,69948.6590406032,1,362266,307
2957,78.4672079875923,53.123277496011,69948.6590406032,8,491023,330
2958,75.2177495919343,54.5923948363624,69948.6590406032,7,1212628,330
2955,84.3189892522202,49.9751480222773,69948.6590406032,17,491085,329
2561,66.6871425188317,38.7138697479518,69948.6590406032,42,1613579,288
2426,52.0100061381377,43.6678661966602,69948.6590406032,11,299253,270
2647,76.873227509451,47.93482886712,69948.6590406032,3,12166,298
2674,79.6240843178338,46.4292702658008,69948.6590406032,5,92068,298
3247,130.656091451232,33.2310698061534,69948.6590406032,112,9768809,363
162,-16.4983986892459,64.6893967930167,69948.6590406032,21,28434,19
2858,93.2782823686277,21.1896109396044,69948.6590406032,4,394190,324
2927,83.1792006993389,47.4513520057908,69948.6590406032,5,48348,329
2107,38.1300266250538,6.81375299084076,69948.6590406032,21,861838,235
6100,122.58002298408,12.9430588721501,69948.6590406032,77,1678880,684
6125,124.566782397024,6.60667231808885,69948.6590406032,100,3881849,684
2315,40.6166232505531,38.7864003205762,69948.6590406032,59,3041964,260
1533,0.905524426324328,38.0321722363421,69948.6590406032,45,1645938,170
4394,-37.6414544052271,-12.1080980865121,69948.6590406032,26,5301674,494
2997,23.0099603776312,64.7223937079881,69948.6590406032,47,533116,334
2941,28.7694285783707,59.9566394324683,69948.6590406032,91,5507837,333
3888,-83.5756185869254,10.8520755095011,69948.6590406032,105,1836808,433
1468,-14.5562114910003,17.5867763326429,69948.6590406032,8,865019,166
2804,88.8862802213045,24.908258415492,69948.6590406032,57,6063770,315
498,-121.260413725509,36.8869414863805,69948.6590406032,47,6146817,59
3693,-98.0803531166049,21.879144427839,69948.6590406032,36,1500796,413
1136,-78.7500000002625,-3.61254423121578,69948.6590406032,25,959826,128
2689,79.9199770148728,12.9430588683751,69948.6590406032,28,8192231,303
3915,-83.518373154889,8.45935074779233,69948.6590406032,68,376366,442
2934,60.1546496286499,56.8198674117692,69948.6590406032,32,3078029,331
2633,75.5708507199962,10.6152548919119,69948.6590406032,21,2821700,294
1506,-1.1524006526657,40.1198005403359,69948.6590406032,81,2564702,170
1109,-78.7500000002602,-1.20452405114055,69948.6590406032,44,2996120,119
512,-72.4194777402553,49.7299449009699,69948.6590406032,9,75360,64
1591,11.25,41.4134078722017,69948.6590406032,51,4044465,180
6027,118.397096859695,-33.7399801323927,69948.6590406032,1,24338,669
417,-122.038800166419,44.7135120761302,69948.6590406032,13,1584490,50
3672,-83.7225895200074,30.2250517675613,69948.6590406032,4,403466,415
594,-75.0037445996462,43.7827144261523,69948.6590406032,17,628244,73
868,-73.406315106189,22.4767950763725,69948.6590406032,4,884,92
893,-78.7500000003088,17.9259318937287,69948.6590406032,56,412119,101
739,-63.2081616271979,45.8181578987576,69948.6590406032,33,528287,85
2148,27.7279607126578,-27.1212070381391,69948.6590406032,46,10056087,240
1201,-53.3087346282352,5.37796105891467,69948.6590406032,13,198417,131
5344,56.4278602961774,-21.1336065014934,69948.6590406032,73,1614214,594
612,-105.866869112433,34.5361281493316,69948.6590406032,4,671937,70
6329,146.250000231784,-35.2643897927104,69948.6590406032,11,294858,707
1478,-4.64289675258238,40.0054817792117,69948.6590406032,103,6777966,170
2319,37.5003642506505,47.8971749569,69948.6590406032,163,6593724,261
1534,2.36743901353253,40.1195791893068,69948.6590406032,61,4187585,170
3257,125.644526532095,59.7688861411591,69948.6590406032,1,24326,367
1082,-78.7500000002597,1.20452404594214,69948.6590406032,58,1151287,119
838,0.17471870453975,52.7418821037112,69948.6590406032,273,12380488,100
4467,-54.4873775090547,-30.3057892331985,69948.6590406032,9,762726,500
6153,126.810374260438,8.00177205438435,69948.6590406032,49,1016340,684
2377,39.8169605507998,57.3581115442398,69948.6590406032,33,2741470,271
1648,20.701385829798,44.3199060809186,69948.6590406032,202,4023139,190
2962,59.8309634618632,59.4708869483391,69948.6590406032,13,493360,331
2345,42.0195288861054,45.1725080444613,69948.6590406032,32,1904472,261
2213,17.8344310616547,52.5833589716271,69948.6590406032,92,3585820,253
2593,70.832217596143,50.725293892103,69948.6590406032,8,392205,289
2347,40.202101082966,49.9792452825214,69948.6590406032,23,488578,261
2349,37.2563395040839,55.045940728137,69948.6590406032,98,16570450,262
4445,-43.283544277133,-21.3075946642328,69948.6590406032,38,2916049,493
1254,-55.6488591667096,-1.36352513902497,69948.6590406032,3,88659,140
6488,167.995360419617,-46.0460435499985,69948.6590406032,30,100839,724
1810,28.5769467220103,31.3730885178335,69948.6590406032,3,3956460,208
782,-4.39548714482157,57.4244848012637,69948.6590406032,29,698753,91
676,-77.0602250855558,37.7871440324392,69948.6590406032,30,3550463,82
698,-93.3818339368352,32.0340909176371,69948.6590406032,4,377675,81
2292,33.5046540448543,48.2585202825972,69948.6590406032,100,4579198,261
2207,27.1428967520428,40.0054817790295,69948.6590406032,66,1822921,251
2956,81.4961426743384,51.58031032757,69948.6590406032,12,561308,329
4444,-45.4859812281438,-22.6149487563052,69948.6590406032,50,5431785,492
2483,57.3091830333364,49.9021738694163,69948.6590406032,13,501853,280
1590,9.47412163289497,39.6272840287641,69948.6590406032,20,775628,180
7023,176.243602785101,-35.7923019969835,69948.6590406032,10,21948,776
553,-118.118610257283,33.0225567418079,69948.6590406032,109,17251267,59
2451,55.9129552866352,37.8348670624299,69948.6590406032,8,601274,278
6224,134.514018788355,-22.6149487483965,69948.6590406032,1,26178,690
812,-78.7500000003612,24.9099698401068,69948.6590406032,5,235547,92
3226,124.899938320718,50.5486507933734,69948.6590406032,2,198870,356
1520,-12.1925229161384,9.29406726672796,69948.6590406032,56,3532979,166
1938,22.1397578072403,4.73912065947209,69948.6590406032,7,130687,215
1,11.2499998615778,58.2825256887022,69948.6590406032,68,1208307,1
2641,74.4562706803271,31.7920339159334,69948.6590406032,95,17214837,296
2805,88.9545473707329,27.5878361324637,69948.6590406032,25,1189946,315
2147,26.6378845765835,-29.3480961893879,69948.6590406032,18,1347915,240
1008,-61.7914193136382,17.6648932082119,69948.6590406032,42,83913,112
2721,81.8540194752868,24.5181592750872,69948.6590406032,12,2603957,305
2885,96.0425007798548,20.2083177863991,69948.6590406032,12,1122601,324
670,-95.8970965388494,33.7399796455419,69948.6590406032,13,2623940,80
722,-100.497117048244,26.0835402878502,69948.6590406032,24,4730870,80
649,-75.2714871563385,39.5762280019909,69948.6590406032,31,3908106,73
946,-5.66359642693883,44.2633364395538,69948.6590406032,26,951658,109
4420,-39.3293883019151,-16.0527636873455,69948.6590406032,10,809448,493
3916,-81.1475103703484,9.6404035398758,69948.6590406032,38,233278,442
4442,-49.9852302080735,-25.1664782909853,69948.6590406032,26,3745685,492
566,-76.7869462273278,46.1870089629865,69948.6590406032,30,1126173,64
7031,-170.036529120443,-18.6215209699769,69948.6590406032,13,1764,779
5876,103.597927763575,2.41724393426239,69948.6590406032,40,6511259,655
5850,101.249999999733,6.01748597541363,69948.6590406032,55,3709571,655
6449,150.702202578329,-9.33778783443099,69948.6590406032,2,14212,720
1494,-13.4126604169142,13.415849652647,69948.6590406032,109,244856,166
3753,-84.0936848940958,22.476795080968,69948.6590406032,16,582390,424
3052,17.9007670925397,68.4282025112669,69948.6590406032,57,104161,343
3051,25.1014510713224,69.1587036321682,69948.6590406032,8,28216,343
1335,-55.3353104471135,-9.20593094065636,69948.6590406032,2,70316,149
4436,-64.118165784126,-32.0340914479245,69948.6590406032,6,1857640,490
1060,-66.6950261002641,9.60898411393876,69948.6590406032,40,6561060,120
2979,95.4413406001414,45.5580438262991,69948.6590406032,1,18908,328
1310,-51.242446697762,-4.08531505382881,69948.6590406032,2,99003,150
3700,-81.6042186115117,28.2223412925082,69948.6590406032,28,2403325,415
2954,86.95111009808,48.3185224949961,69948.6590406032,2,145651,329
1540,13.4280882929731,52.1807312950679,69948.6590406032,110,7837508,172
4440,-54.6012582551862,-27.6062113503465,69948.6590406032,32,862918,491
478,-99.5193998747547,49.031299276298,69948.6590406032,16,77212,52
648,-78.7499998181824,40.232103055651,69948.6590406032,7,616702,73
1368,-42.8381783517966,-4.10205670083017,69948.6590406032,14,1396975,151
2290,35.4704238177839,43.8010837332089,69948.6590406032,8,161171,260
27,11.2499997800916,62.7992349416619,69948.6590406032,75,255240,10
4468,-52.14384714467,-29.0839725935679,69948.6590406032,40,4874487,500
2663,77.5135258485632,17.0190896080466,69948.6590406032,26,7907422,295
6255,135.919913792841,-13.4372400128012,69948.6590406032,1,1286,700
1885,21.0714883454143,11.8833550419817,69948.6590406032,1,29533,215
6176,128.757553302019,-4.08531505054398,69948.6590406032,2,415764,692
2718,82.0537922759626,16.6327723967417,69948.6590406032,15,1797503,304
2637,75.0168512808683,21.083632639354,69948.6590406032,20,3957845,295
866,-78.7500000003239,20.2709349089995,69948.6590406032,10,641970,92
2539,64.0409259243769,53.1478836053279,69948.6590406032,17,489324,289
3864,-140.1647537746,-17.1848864213342,69948.6590406032,2,317,425
2695,79.4485527955957,28.774554254933,69948.6590406032,34,4767084,305
4393,-39.6768552429705,-13.4441441740199,69948.6590406032,20,791137,493
641,-100.871191543741,34.2425750723855,69948.6590406032,2,396882,71
7225,-153.084897468139,-22.8374218219865,69948.6590406032,3,745,807
1742,5.17695682956879,4.69929774491025,69948.6590406032,13,928331,195
5372,58.9785641693624,-19.8969092753976,69948.6590406032,65,381630,604
2668,76.9873776626383,30.3057890147707,69948.6590406032,50,10354391,296
2686,80.1776421165995,5.16800371474209,69948.6590406032,5,190059,302
5233,46.0255915411106,-22.528784238306,69948.6590406032,5,112453,584
5237,48.8561441635641,-13.3271420547159,69948.6590406032,5,172076,586
5955,110.694100475722,-6.06938090744119,69948.6590406032,27,2895574,663
1480,-1.96272689638412,44.3277506770704,69948.6590406032,54,1579949,170
2609,72.7996996904953,19.8712371347178,69948.6590406032,25,21899057,295
5208,45.4472878019866,-16.3498561347409,69948.6590406032,3,214211,585
5234,46.792368538926,-20.3086577089337,69948.6590406032,13,724480,585
5235,47.5574490036947,-18.1372195528537,69948.6590406032,9,1703178,585
1509,3.42809824822255,46.3603099747591,69948.6590406032,79,2563177,171
6544,173.098528528647,-42.0664130640863,69948.6590406032,30,156350,724
2748,84.2203651181584,22.9362399295584,69948.6590406032,9,1934885,305
1218,-76.3524896296515,-9.64040353987571,69948.6590406032,18,496519,137
5232,45.2572065369054,-24.7906850274348,69948.6590406032,5,186539,584
5263,50.2735391136203,-17.2500322866866,69948.6590406032,7,393901,585
5982,113.130802105425,-7.25798731523319,69948.6590406032,71,7768850,663
6368,143.64595692997,-5.42399119486386,69948.6590406032,8,90211,711
4443,-47.7202588270927,-23.9026603285039,69948.6590406032,78,23900126,492
589,-93.0964599390629,41.5914812078995,69948.6590406032,6,559852,71
619,-84.1263733198415,41.3602905720655,69948.6590406032,27,2953437,72
2193,40.1281632564211,8.66818106905864,69948.6590406032,20,789938,246
2423,53.2501082001557,36.1280626290773,69948.6590406032,22,1976384,269
5882,103.759405671143,16.7624087506981,69948.6590406032,40,1367004,657
1510,5.17500047396858,48.3542078540922,69948.6590406032,67,1826401,171
538,-78.7499998470151,48.5865918821008,69948.6590406032,15,110779,63
5849,101.249999999738,3.61254422897403,69948.6590406032,53,8483240,655
2714,82.3349757764839,6.19659264151983,69948.6590406032,5,150265,303
513,-68.3663015063351,49.0717112994433,69948.6590406032,22,129487,64
2582,70.4153537477025,21.265182848341,69948.6590406032,15,3044969,286
2105,34.9868119471965,2.46291899845906,69948.6590406032,11,172772,235
6012,115.230413133447,-1.22206669923396,69948.6590406032,1,59034,673
7143,-159.441749918886,-18.7532201868874,69948.6590406032,1,278,798
3336,138.465469480948,50.5212274237383,69948.6590406032,2,319113,375
7283,-145.697063989095,-17.8888854882212,69948.6590406032,1,455,809
1088,-64.3314630312803,8.36424229302434,69948.6590406032,5,670614,121
3194,125.1877565246,38.4942875762774,69948.6590406032,40,5303390,355
2746,84.2914193121825,17.6648932075605,69948.6590406032,8,1700856,304
1756,26.2563977345927,35.7923018037657,69948.6590406032,55,304462,199
3302,135.621350728858,33.2234452567905,69948.6590406032,48,4042652,364
2265,29.4845461425152,48.4820559656489,69948.6590406032,102,1941811,252
1312,-47.363556824641,-1.37881114558773,69948.6590406032,12,2385837,150
2504,61.8813895389915,33.022556886434,69948.6590406032,8,455783,278
7280,-148.364308897673,-24.6448360526327,69948.6590406032,3,959,808
7200,-153.066332187614,-16.3203845103314,69948.6590406032,5,10060,799
6022,115.956600543449,23.9467984487262,69948.6590406032,20,5525416,676
3222,127.504005640196,39.9845377790617,69948.6590406032,43,2554533,355
1745,8.75919973858439,11.6697823516016,69948.6590406032,45,5457260,196
115,-148.999334607447,62.4358515957237,69948.6590406032,1,279428,12
4515,-73.3736259587256,-41.3602908574239,69948.6590406032,9,450412,498
4379,-71.3154259948705,-29.3975299744053,69948.6590406032,7,481871,489
5264,50.7999553052474,-14.6043727044163,69948.6590406032,4,113275,586
646,-85.6252956353723,38.9133342773502,69948.6590406032,18,2193599,72
5262,49.7332061991964,-19.9297371071123,69948.6590406032,4,117290,585
2533,63.9372899057502,37.2515466386779,69948.6590406032,4,112055,287
2617,72.5114996694459,41.4214444407572,69948.6590406032,47,2535330,297
5236,48.3207230637543,-16.0206445538585,69948.6590406032,3,59574,585
3221,128.204001990541,37.2818801917629,69948.6590406032,69,28427394,355
595,-71.3554429488945,43.1334600101407,69948.6590406032,45,3575812,73
4387,-52.5168511791257,-21.0836328537427,69948.6590406032,6,267409,491
2320,36.7201302954712,50.0766587651922,69948.6590406032,79,3231857,261
2266,28.2057188294918,50.6301843190582,69948.6590406032,74,1632661,252
2212,19.6847025066301,50.5790759971114,69948.6590406032,230,8672182,252
6622,167.108045839452,7.13006351012103,69948.6590406032,2,208,732
2264,30.6917714091213,46.2996628979177,69948.6590406032,71,2811555,252
5854,101.249999999698,15.5662293528092,69948.6590406032,52,1558620,656
3197,122.875915953611,46.4292704956375,69948.6590406032,13,2426585,356
3090,105.70960360779,52.109705601853,69948.6590406032,10,1410876,347
2215,13.6394078929793,56.4413273432212,69948.6590406032,100,2719780,253
1481,-0.483599237343552,46.4466190800456,69948.6590406032,52,1814823,171
5152,39.8352462039888,-17.1848864339911,69948.6590406032,1,76412,575
4460,-73.7367041249177,-37.1280761368573,69948.6590406032,19,1291160,498
967,-27.3084395865725,39.2776132542766,69948.6590406032,3,24590,107
6650,169.872212845901,7.42959108362817,69948.6590406032,15,1767,742
2583,70.2202589519774,23.9026601443514,69948.6590406032,12,600972,286
5941,108.879913461263,26.6750850979466,69948.6590406032,7,637883,667
2972,106.222589624169,30.2250520671594,69948.6590406032,16,6076522,326
1717,6.28282743644118,11.7128500590766,69948.6590406032,33,891074,195
3000,108.571419933723,32.1149188171687,69948.6590406032,3,454599,335
3054,113.464937099626,30.2927737905277,69948.6590406032,31,8851979,335
1145,-57.593076695273,7.75528644234258,69948.6590406032,6,252138,131
980,-64.0382200211249,18.6391916271343,69948.6590406032,31,95429,112
2478,58.7395860328455,36.8869416129229,69948.6590406032,12,4136524,278
1675,22.224792812163,42.2381061968358,69948.6590406032,194,5070246,190
3109,118.290132632945,30.9913589421465,69948.6590406032,18,7690638,344
3111,117.897673514205,36.4268845167579,69948.6590406032,35,7129679,345
1063,-59.6227041949875,14.0216237650598,69948.6590406032,23,145620,121
3195,124.41059088018,41.1638482147033,69948.6590406032,38,10858360,355
5914,106.495500628981,27.4768479347361,69948.6590406032,5,2198771,658
1301,-71.317028268894,-14.3789486757698,69948.6590406032,14,440818,147
4385,-57.0444431779121,-23.4101139958719,69948.6590406032,23,127485,491
1135,-13.132447064702,28.5328626645663,69948.6590406032,10,207923,127
867,-76.1282931591266,21.4194388671654,69948.6590406032,24,1415726,92
1409,-70.9445935363648,-23.9435230146575,69948.6590406032,2,324778,156
809,-6.76912520577554,55.0270917656106,69948.6590406032,66,1338172,91
1005,-68.8897202131324,13.1561176929508,69948.6590406032,30,195128,111
6070,120.165024223125,6.19659264495215,69948.6590406032,15,253864,674
2687,80.0930766945891,7.75528644199469,69948.6590406032,52,3017316,303
3026,111.126380099445,28.5178369985484,69948.6590406032,11,1549845,335
3084,114.707397157475,37.354845572912,69948.6590406032,21,8145724,345
3011,86.9852058720601,54.9528750844025,69948.6590406032,15,1822163,339
2907,98.8757263096833,7.24027667021785,69948.6590406032,11,389793,322
3250,129.988500580952,41.42144463606,69948.6590406032,26,1190857,364
3135,120.651896281547,27.2004746273434,69948.6590406032,11,2025689,344
5994,113.667730998016,22.2321373708885,69948.6590406032,36,16660226,667
3360,141.273355145557,41.1106925741299,69948.6590406032,20,1654222,374
1777,16.786145900409,20.9826393488939,69948.6590406032,1,1922,197
6102,122.761458966742,18.1575418792393,69948.6590406032,12,327755,685
7284,-144.877391517046,-15.6471306888674,69948.6590406032,8,4717,809
3023,30.9342513077804,67.4252297528079,69948.6590406032,10,239791,343
1485,6.67366484854159,54.5394081893683,69948.6590406032,23,838616,172
562,-91.9199478578737,44.1402915978521,69948.6590406032,9,764048,62
554,-115.870902927982,34.497323068728,69948.6590406032,13,934076,60
563,-88.2953305588214,44.8891975773902,69948.6590406032,5,323583,63
2317,39.0599827566621,43.406997521393,69948.6590406032,8,510352,260
4414,-52.398312178604,-23.7378815241561,69948.6590406032,16,1688203,491
2560,66.2633290816266,35.9556358598595,69948.6590406032,21,1157569,287
1469,-13.7349702520432,19.8399308956053,69948.6590406032,2,42053,167
1443,-54.8933976684351,-19.6368390904156,69948.6590406032,4,836382,158
1397,-38.6526937628701,-4.08713792923094,69948.6590406032,27,3805027,161
2749,84.1930673316679,25.5855675261862,69948.6590406032,30,7207967,305
2284,40.7341155819785,29.9496523976752,69948.6590406032,5,334294,258
4446,-41.1138420771151,-19.9849445144852,69948.6590406032,16,2547003,493
4419,-41.4281734559656,-17.3800544522622,69948.6590406032,5,213306,493
1365,-48.8441703397289,-8.10098455850119,69948.6590406032,3,210025,150
4389,-48.1137989609311,-18.6302344857743,69948.6590406032,11,1357781,492
2395,50.690524514599,34.5127683972984,69948.6590406032,27,12483604,268
2857,93.4833453873848,18.9603701781654,69948.6590406032,1,60809,323
2509,60.9179419978708,46.3485420172365,69948.6590406032,5,93303,279
2010,15.6022497415629,-23.1595897966497,69948.6590406032,6,111910,221
1357,-66.2496934254982,-16.8594205032546,69948.6590406032,14,1003700,147
2038,18.4383222509282,-23.1528904725361,69948.6590406032,4,319177,230
5853,101.24999999971,13.1936355374347,69948.6590406032,58,8697498,656
1580,-3.55588681504268,18.5362727451869,69948.6590406032,1,4014,177
4470,-47.5216684523856,-26.5479676875767,69948.6590406032,12,1171246,501
4469,-49.8208259039539,-27.829886684287,69948.6590406032,23,2152446,501
6301,143.760414206345,-36.8869417338864,69948.6590406032,14,479084,697
2777,86.5604123404291,26.6096361711358,69948.6590406032,39,3525572,315
1423,-40.2612946123901,-8.13105173949208,69948.6590406032,6,542410,160
4472,-43.0067347581797,-23.9200972263584,69948.6590406032,20,11543381,502
1058,-71.6339086553473,7.2684938388658,69948.6590406032,61,2489991,120
6505,154.509586424476,-6.67848528638886,69948.6590406032,3,43866,729
4417,-45.721095994412,-19.9899639382333,69948.6590406032,24,1228136,492
6596,165.824293672595,11.1980177452005,69948.6590406032,3,242,733
1002,-76.3524896297027,9.64040353491998,69948.6590406032,53,2354086,110
471,-121.484609527278,39.5210998613121,69948.6590406032,25,2392560,50
2422,53.733202167773,33.7221022741213,69948.6590406032,2,42403,268
1328,-71.1627389156347,-16.6887436394137,69948.6590406032,16,1095009,147
1917,30.668429724638,20.3911617317828,69948.6590406032,3,31476,217
1689,3.83487819716466,11.7842341427361,69948.6590406032,23,662983,186
1355,-70.9833453871582,-18.9603701809366,69948.6590406032,2,479254,147
1089,-61.9232528170073,9.76038160113253,69948.6590406032,24,1680062,121
1306,-59.7643645416879,-8.81004894097864,69948.6590406032,1,29464,148
1305,-61.9232528162352,-9.76038160409529,69948.6590406032,4,216199,148
2375,42.5883691497549,52.2951096966471,69948.6590406032,16,834508,271
2565,67.3404381048634,49.356911774845,69948.6590406032,2,54710,289
2994,38.9983980912025,64.6893968463261,69948.6590406032,4,596705,333
669,-98.2790018967428,32.6370574397543,69948.6590406032,17,2179854,80
590,-89.6927333566733,42.4255733624199,69948.6590406032,21,1536065,72
1692,7.51684658415114,18.8250388419686,69948.6590406032,1,87819,187
4473,-40.7960403054508,-22.584506322717,69948.6590406032,8,831471,502
2201,33.5961995130688,26.6174318444945,69948.6590406032,11,1155203,249
3690,-104.828815478572,18.4579072454034,69948.6590406032,6,251150,412
6386,150.493420727789,-29.8264988500311,69948.6590406032,6,60310,708
364,-119.437812583595,51.5736716547847,69948.6590406032,10,106369,41
2291,34.5046399256868,46.0460435544657,69948.6590406032,64,1364348,261
769,-54.373227511819,47.9348288658916,69948.6590406032,21,206370,86
995,-24.5558168488119,37.6237064715788,69948.6590406032,8,67217,117
3279,132.343742907337,45.4495005218388,69948.6590406032,18,2201503,365
2431,48.3705015997354,56.5358167780891,69948.6590406032,13,2263432,271
323,-50.3830738287697,61.2123658670958,69948.6590406032,7,3153,37
840,-76.0597939198545,23.713539937427,69948.6590406032,5,8301,92
4466,-56.8477482610234,-31.4913268568136,69948.6590406032,20,443995,500
2121,25.8812993743217,-25.0709161686317,69948.6590406032,43,953006,240
2397,49.8084395866401,39.2776132537647,69948.6590406032,65,2159151,269
3278,132.642642622702,42.7907118092139,69948.6590406032,11,1117581,365
2049,30.3693640659541,2.42044582823702,69948.6590406032,8,321160,234
1999,35.1226082911338,15.6471309927878,69948.6590406032,5,561429,226
2660,77.8353104472339,9.2059309374649,69948.6590406032,30,4550400,294
2159,37.2581734512591,-2.48764127921172,69948.6590406032,31,3963518,244
7256,-147.606391517577,-15.9122991901823,69948.6590406032,6,4392,809
558,-105.004005179899,39.9845373561302,69948.6590406032,20,2631204,61
3033,103.213053785864,46.1870094609356,69948.6590406032,1,20940,337
2403,45.3192901310155,54.4717087231704,69948.6590406032,12,1236771,271
2615,71.3251694006634,35.9866632610514,69948.6590406032,10,479700,297
2368,47.6372997509346,35.2378220218485,69948.6590406032,21,2844281,268
3361,141.420303208557,43.7349289073946,69948.6590406032,22,3392000,374
6840,179.11886157823,-7.14190213978089,69948.6590406032,3,6020,760
2222,41.3710565851543,12.7267323645376,69948.6590406032,6,137894,247
1190,-78.7500000002725,-8.41731465741406,69948.6590406032,28,1506136,128
2485,56.517249533251,55.1122765425453,69948.6590406032,11,1308906,280
6516,170.664096743276,-44.0871251975741,69948.6590406032,33,461971,724
702,-82.0025582644466,35.3305931864427,69948.6590406032,9,1066783,82
2666,77.1858548578595,24.9282830111258,69948.6590406032,12,1817980,296
3012,83.8844008693142,56.6225546233828,69948.6590406032,7,762242,339
2267,26.8454720177189,52.7400083802375,69948.6590406032,36,2897733,253
1728,22.9694191692913,35.9056848210114,69948.6590406032,32,169472,199
2052,34.692522915571,9.29406726845496,69948.6590406032,6,187540,235
1476,-7.018514138726,35.5952685597103,69948.6590406032,18,2245110,169
449,-106.055105149937,49.3704237323119,69948.6590406032,6,213583,52
4413,-54.6858547378973,-24.9282832305694,69948.6590406032,47,1415385,491
1295,-23.7033697652274,14.1917268845773,69948.6590406032,8,155372,145
2400,48.0991305089055,46.7773682189614,69948.6590406032,4,544842,270
3747,-97.9462077241191,16.632772399952,69948.6590406032,22,335894,422
1891,31.6356907806266,24.6448363144409,69948.6590406032,6,648788,217
2644,74.9959945901237,39.9845375712139,69948.6590406032,2,300026,297
6951,-172.450071143879,-9.3556182438682,69948.6590406032,3,489,770
295,-51.1031099817296,63.8377905289644,69948.6590406032,10,15969,36
2592,70.4738767720959,48.0919666494716,69948.6590406032,5,49538,289
2566,67.5310380091419,51.9882497208481,69948.6590406032,9,90485,289
366,-112.237307112607,54.6204182206496,69948.6590406032,17,899970,42
7050,177.506514820444,-37.9696887271679,69948.6590406032,35,303196,785
729,-83.6029402383242,32.9485705520489,69948.6590406032,7,959318,82
6364,145.193142390931,-15.9690508269675,69948.6590406032,5,212842,709
1830,17.4802773288894,14.1207774152591,69948.6590406032,2,40146,206
507,-93.0488897594255,48.3185220138758,69948.6590406032,2,11642,62
7170,-157.66728862155,-20.8809456153623,69948.6590406032,4,683,798
2402,46.3588180029076,51.9140840234556,69948.6590406032,13,1669165,271
1035,-61.8339199659039,15.0364406422954,69948.6590406032,65,804085,112
2089,17.8187972931853,-33.7863918558209,69948.6590406032,12,4315576,229
1411,-66.3322690001926,-22.2321373701777,69948.6590406032,3,54847,156
1644,12.9382686158727,35.4953296960078,69948.6590406032,66,383203,189
482,-83.2096032877012,52.1097050892372,69948.6590406032,1,1383,54
2661,77.7335399616911,11.8056976973066,69948.6590406032,40,12247625,294
3783,-137.882586527739,-10.5265043295911,69948.6590406032,3,3037,416
2427,51.4351541124497,46.2421951110012,69948.6590406032,2,166213,270
390,-122.350724959816,47.3061744210336,69948.6590406032,18,1958308,41
728,-86.0714196962409,32.1149182315532,69948.6590406032,7,832511,82
7022,174.135575021257,-37.8096105048615,69948.6590406032,40,1569893,776
2928,80.4805998865637,49.0312997127308,69948.6590406032,10,86585,329
2240,22.3252812969901,52.7418821018481,69948.6590406032,79,4432054,253
6559,159.648018659725,-8.34891698935659,69948.6590406032,4,66011,729
2694,79.5028828293853,26.0835405247447,69948.6590406032,26,6791825,305
892,-2.94482132209711,48.5726145446918,69948.6590406032,59,1286983,100
6098,122.406923304829,7.75528644552236,69948.6590406032,44,1288853,684
618,-87.5982716072477,40.6811080553186,69948.6590406032,33,5069455,72
696,-98.181011576697,29.9039519119136,69948.6590406032,8,2359827,80
6000,115.881834224971,-32.0340914237281,69948.6590406032,7,1617091,669
2833,91.3736200106644,28.5178367130172,69948.6590406032,10,143538,315
7142,-160.441755723696,-20.9542457020692,69948.6590406032,1,13645,798
7228,-150.33515736987,-16.1365132889042,69948.6590406032,23,22657,808
7253,-150.26101628929,-22.6376993639884,69948.6590406032,6,4091,808
2944,15.3912479353817,58.9110346792032,69948.6590406032,29,965160,334
582,-113.121350336154,33.223444918538,69948.6590406032,13,3414377,69
1696,12.8016207707767,27.2564984384326,69948.6590406032,2,84911,188
2532,64.1290968599313,34.4973232261287,69948.6590406032,7,162810,287
4078,-81.107781307156,-4.83161937224002,69948.6590406032,29,1113944,460
2588,69.1160682221639,37.3781040066119,69948.6590406032,55,1861440,288
3205,111.309923056598,66.4571616251578,69948.6590406032,2,30214,358
2722,81.8481038443984,27.200474387028,69948.6590406032,24,4632471,305
1634,0.300395844851393,14.4463806542892,69948.6590406032,4,95235,186
6390,148.170779714448,-19.8121568463725,69948.6590406032,2,20406,709
1773,11.2500000005151,11.6553865102236,69948.6590406032,33,1261244,196
1475,-8.11256477103341,33.3657678075364,69948.6590406032,16,5869108,169
1503,-4.94863943807315,33.5920211519217,69948.6590406032,18,2497184,169
4519,-60.0787193453667,-38.0375139537939,69948.6590406032,5,374499,499
6892,178.304844721207,-16.4654366968813,69948.6590406032,9,84989,768
2340,45.2376596205754,33.5125270426222,69948.6590406032,29,7907448,259
1495,-12.622608291824,15.6471309908683,69948.6590406032,14,198637,166
1799,11.2500000007592,7.01154823919621,69948.6590406032,16,467513,205
2158,36.0614727596777,-4.99268804727358,69948.6590406032,18,311278,243
2372,45.7376154136752,44.5296219655451,69948.6590406032,9,407024,270
5967,111.363649492813,23.116773831509,69948.6590406032,19,2685506,667
5912,106.593684893979,22.4767950791439,69948.6590406032,5,297654,658
5911,106.457499220191,20.2083177873969,69948.6590406032,19,3320498,657
5906,106.018373154852,8.45935074602686,69948.6590406032,3,339156,656
1367,-44.7889738808391,-5.45572463976601,69948.6590406032,6,240269,151
3778,-89.0618284360714,17.6622482386763,69948.6590406032,17,388385,423
6075,120.513834149567,19.2512830626571,69948.6590406032,6,161915,676
1031,-71.5522208034763,9.66368236631341,69948.6590406032,13,2882055,111
6072,120.307018904632,11.4153525272635,69948.6590406032,11,153175,675
2557,67.503351659191,27.8801597915649,69948.6590406032,58,2921495,286
3223,126.890225458577,42.6579973827055,69948.6590406032,24,4041099,355
2575,71.7549148987812,2.74630381280442,69948.6590406032,12,7999,283
2556,67.7494042661408,25.2430111899648,69948.6590406032,47,15108088,286
2227,37.3896868640254,23.9742499084767,69948.6590406032,3,275101,248
1798,10.0333867450161,4.68219898509874,69948.6590406032,55,4166178,204
1493,-14.1757064608185,11.1980174247342,69948.6590406032,14,158329,166
1660,0.266874578010741,9.51262591374415,69948.6590406032,16,963028,185
1522,-10.6956931261639,13.6888289864595,69948.6590406032,3,135191,166
2448,57.2469930329713,30.1620853505881,69948.6590406032,7,1054402,277
1801,13.7408002624472,11.6697823516135,69948.6590406032,28,2361590,205
3887,-85.9477791966936,9.66368237076778,69948.6590406032,23,232455,433
2750,84.2199016155173,28.2761084074172,69948.6590406032,17,2124512,306
2635,75.3138664203456,15.8396036251861,69948.6590406032,21,3752247,294
2185,38.1300267052316,-6.81375265155488,69948.6590406032,29,4191509,243
2884,96.1618204276882,17.908424336201,69948.6590406032,17,5807134,323
540,-70.734116083176,47.3238016129763,69948.6590406032,50,936575,64
2531,64.5895279504678,31.8079668248486,69948.6590406032,7,567605,287
1163,-78.7500000002666,-6.01748597765919,69948.6590406032,32,1229019,128
4518,-63.2666271742138,-39.0182856425752,69948.6590406032,2,334583,499
4024,-81.0946502090232,2.4840082249963e-09,69948.6590406032,12,540859,451
2226,38.2271957230535,21.701476266325,69948.6590406032,5,3027781,248
1855,16.1425022831811,7.03248649003347,69948.6590406032,6,112722,205
2926,85.7081617218127,45.8181581111002,69948.6590406032,2,277070,328
3225,125.626772789076,47.9348290838757,69948.6590406032,14,1435547,356
6731,173.324068102509,-2.32243170937944e-07,69948.6590406032,7,55783,751
6328,146.587044964247,-37.8348671694581,69948.6590406032,15,3948345,706
3081,115.883678517068,29.3077011162735,69948.6590406032,14,4042623,344
2974,104.50255850043,35.3305937981628,69948.6590406032,6,2165840,326
3006,99.2869465281854,46.1870094520621,69948.6590406032,1,23456,337
1647,18.5764020264442,42.1621685737507,69948.6590406032,53,1278236,190
2512,60.3662603335361,54.1928576789724,69948.6590406032,21,2428870,280
2646,76.2204880475559,45.3061668923792,69948.6590406032,4,46134,298
526,-118.768203028451,35.7135375267064,69948.6590406032,9,1048134,59
2293,32.4661222178461,50.433827237758,69948.6590406032,88,4535293,261
5954,110.79807470196,-8.46536579581232,69948.6590406032,62,4610947,663
134,-14.2353940643674,67.2811722865494,69948.6590406032,4,809,19
2106,36.0614726999592,4.99268836209083,69948.6590406032,3,64622,235
1567,15.4482389924859,50.2962348951493,69948.6590406032,554,6712344,181
2218,44.2925533926245,4.07094592253718,69948.6590406032,8,277405,245
6016,115.668536969021,8.36424229583443,69948.6590406032,2,17916,674
2692,79.64338568162,20.7783298032784,69948.6590406032,13,3629786,304
5848,101.24999999974,1.20452404890082,69948.6590406032,6,1004673,654
2181,35.1226084829647,-15.6471306889499,69948.6590406032,16,896046,242
2404,44.1271416393791,57.0245996381261,69948.6590406032,15,2110303,271
3777,-91.2503065745018,16.8594205032546,69948.6590406032,30,465834,423
2747,84.2533189473404,20.296929669498,69948.6590406032,6,783419,305
5900,105.975700062869,-6.05255156468606,69948.6590406032,53,21661284,654
2775,86.5365923080631,21.2914368449108,69948.6590406032,14,2612303,314
2936,51.7549077247572,58.4975318439499,69948.6590406032,7,743840,332
6039,117.593401604538,-2.4370232284296,69948.6590406032,1,440687,673
6367,144.014879510499,-8.10265787587483,69948.6590406032,1,3697,710
6126,124.66468955199,9.20593094114342,69948.6590406032,82,3817786,684
2452,55.5513725152487,40.4056226627951,69948.6590406032,3,133880,278
6414,152.817378292295,-28.1819045633077,69948.6590406032,17,2698645,717
808,-10.7349622810069,55.1088057300242,69948.6590406032,1,10230,90
2175,29.6473655708569,-29.1396137682625,69948.6590406032,19,4749086,240
25,11.2499996665493,67.4004992077299,69948.6590406032,18,53777,9
2611,72.4852303374822,25.1664780950348,69948.6590406032,10,2208946,295
1366,-46.7924671251612,-6.79111161022936,69948.6590406032,5,368500,150
2241,20.579628773015,54.7631434899891,69948.6590406032,61,2667296,253
1549,-8.73757761044763,11.7321212982955,69948.6590406032,5,1450344,175
1911,20.9889769907969,7.09511407436594,69948.6590406032,4,90137,215
1467,-15.3535461191137,15.3407537632247,69948.6590406032,15,649055,166
3251,129.533662267503,44.0906282664642,69948.6590406032,19,2069450,365
2909,98.822359514505,12.0292429674141,69948.6590406032,8,389769,323
2908,98.8524896296803,9.64040353693292,69948.6590406032,12,373854,322
5883,103.811573716664,19.1016444840055,69948.6590406032,4,46501,657
2910,98.7851416112579,14.4041102378127,69948.6590406032,20,773748,323
2911,98.7405943288675,16.7624087498522,69948.6590406032,18,1242641,323
1550,-7.97528932994739,13.924126526588,69948.6590406032,4,150784,176
2879,96.5242999371313,6.05255156468605,69948.6590406032,6,459543,322
2905,98.9020722364264,2.41724393329275,69948.6590406032,18,3699389,321
6015,115.451288997146,6.04130899006561,69948.6590406032,11,968503,674
2330,51.7977974990738,9.33778774814699,69948.6590406032,2,25164,256
1606,-2.49566808488157,14.2931788715301,69948.6590406032,8,164923,176
1934,17.3230432314295,-4.69929766605215,69948.6590406032,2,158569,214
1797,8.83072743856456,2.34583736883003,69948.6590406032,11,430909,204
392,-115.965468721916,50.521227117318,69948.6590406032,18,1119247,42
1604,-4.41530736441515,9.70186105494532,69948.6590406032,6,528911,176
6014,115.304448684638,3.65224582266506,69948.6590406032,3,51172,674
6066,120.112240928245,-3.53320012215407,69948.6590406032,8,551122,673
1575,-7.8732131629503,7.34287317773461,69948.6590406032,13,573735,175
1910,19.7383038307375,4.71637740214848,69948.6590406032,7,884364,215
1643,11.25,33.1679172213331,69948.6590406032,24,1125911,189
1670,12.8650333999926,31.3763227731361,69948.6590406032,7,748250,189
2832,91.2462123172551,25.8183430182246,69948.6590406032,28,2370921,315
1661,1.42851165563575,11.883355041932,69948.6590406032,6,190126,186
1620,16.9182802076092,44.1541501117593,69948.6590406032,337,3498697,181
6011,115.30444868454,-3.65224582045737,69948.6590406032,5,871420,673
2152,31.55219350993,-18.1478464338358,69948.6590406032,29,2542785,241
5908,106.147736532854,13.2269110026893,69948.6590406032,8,159567,656
2914,98.5597939197881,23.7135399395067,69948.6590406032,2,181519,324
2638,74.8983122953809,23.7378813159622,69948.6590406032,15,3871740,295
3107,118.306932780875,25.5855677825009,69948.6590406032,20,4364912,344
6009,115.668536968805,-8.36424229379552,69948.6590406032,16,1434019,672
3112,116.733372824157,39.0182856412898,69948.6590406032,21,15933633,345
3001,107.782779458698,34.7032289207393,69948.6590406032,10,6271424,335
6068,119.875892484495,1.21916723218019,69948.6590406032,1,45156,674
1547,-10.1277872447088,7.42959081153312,69948.6590406032,34,1482108,175
2973,106.102940467512,32.9485711545389,69948.6590406032,3,421219,326
3058,110.098271947351,40.6811086290376,69948.6590406032,5,2323218,336
3110,118.397096854834,33.7399801537266,69948.6590406032,22,3497613,345
2690,79.8305494905705,15.5462647420231,69948.6590406032,18,3171813,304
2283,41.5471316435035,27.6316048596338,69948.6590406032,3,333274,258
1970,30.4752893294276,13.924126528045,69948.6590406032,2,428254,226
2985,79.4307234858962,55.6845135627278,69948.6590406032,2,79325,330
839,-78.7500000003413,22.5995008901097,69948.6590406032,31,1416424,92
2295,29.2691252025948,55.0270917654875,69948.6590406032,25,1476216,262
4418,-43.5586941915269,-18.693688685993,69948.6590406032,25,5797766,493
2176,30.6653221414566,-26.8955788083363,69948.6590406032,44,1520799,240
1061,-64.0472482082455,10.5993221747557,69948.6590406032,6,1163572,121
2190,42.2727676127068,2.13704373706701,69948.6590406032,4,70088,245
1782,25.4850697446639,31.5580919752717,69948.6590406032,1,9397,199
1829,16.2171725645945,11.7128500591007,69948.6590406032,8,1305345,206
20,11.2499989619138,79.1899782199453,69948.6590406032,5,1876,8
2131,34.9868119744975,-2.46291869813754,69948.6590406032,19,407978,243
4516,-69.9017276949989,-40.6811083911927,69948.6590406032,1,96804,498
2132,36.1599698414878,3.11627462176809e-07,69948.6590406032,44,1078723,244
2119,23.6151701403982,-29.4961435619645,69948.6590406032,6,214048,239
2984,82.6221890418968,54.1108367875666,69948.6590406032,17,2479985,330
736,-69.9017282254099,40.6811083442787,69948.6590406032,9,607475,84
864,-5.70571882844596,50.6301843207482,69948.6590406032,23,720469,100
1032,-69.0632165159138,10.8302606707207,69948.6590406032,18,3638070,111
1388,-57.3305494904613,-15.5462647452245,69948.6590406032,6,978733,158
1417,-52.8138664201786,-15.8396036283974,69948.6590406032,1,53269,158
1217,-78.7500000002804,-10.8100218830046,69948.6590406032,11,244547,137
1164,-76.3922186928189,-4.83161937720504,69948.6590406032,4,104441,128
1420,-46.3895031926777,-12.0950715081636,69948.6590406032,1,167866,159
365,-115.959073656403,53.1478834485284,69948.6590406032,14,88887,42
1144,-59.8349757769566,6.19659264172961,69948.6590406032,1,11311,130
672,-90.3080435392556,35.6719138978909,69948.6590406032,5,846179,81
3115,113.092014483967,46.6202375060342,69948.6590406032,1,15930,346
2430,49.2875889009651,53.9596596976799,69948.6590406032,16,3235063,271
6103,122.856614316594,20.7783298074455,69948.6590406032,1,7411,685
1530,-2.98506974552401,31.5580919736762,69948.6590406032,2,227399,169
5880,103.677640485503,12.0292429683203,69948.6590406032,8,2071006,656
5875,103.594650209023,4.86231674496355e-10,69948.6590406032,7,813945,654
1883,18.5743059580487,7.05861533784625,69948.6590406032,5,126658,215
6356,149.249892040813,-36.1280627227387,69948.6590406032,6,390375,707
514,-64.4511099260823,48.3185220640502,69948.6590406032,14,50874,64
6357,148.766798054547,-33.7221023702235,69948.6590406032,13,169183,707
1632,-2.09636091549814,9.59899916425057,69948.6590406032,5,146748,185
54,5.59181859308675,63.8813783717605,69948.6590406032,11,25404,10
726,-90.9649368514391,30.2927732415437,69948.6590406032,5,999861,81
1854,14.8978315214548,4.68790069766445,69948.6590406032,8,234527,205
3078,26.5968352106718,71.4055877005181,69948.6590406032,9,17527,343
2715,82.2643645417739,8.81004893777732,69948.6590406032,4,261443,303
591,-86.1445567051738,43.1334599834828,69948.6590406032,12,1439788,72
5873,103.607781307167,-4.83161937424163,69948.6590406032,5,377235,654
6093,122.3223578834,-5.16800371474209,69948.6590406032,3,378336,682
6147,126.810374261176,-8.00177205066197,69948.6590406032,6,47021,682
2399,48.851185692747,44.184800274177,69948.6590406032,2,8628,270
1633,-0.924293900102391,12.0094275699561,69948.6590406032,21,1624208,185
2929,77.6000620364666,50.5486507589932,69948.6590406032,4,13077,329
1453,-34.0386023619112,-6.74695130197748,69948.6590406032,6,999258,161
2257,37.7322141499828,30.4192678459574,69948.6590406032,5,160638,249
2484,56.9346323703233,52.5036487061986,69948.6590406032,10,787432,280
622,-73.3736263238242,41.3602905917359,69948.6590406032,63,12751757,73
2506,61.3367883158106,38.4561168060609,69948.6590406032,4,276904,278
697,-95.790132350799,30.9913584331153,69948.6590406032,9,2664104,80
2118,22.3744134853768,-31.6733572654588,69948.6590406032,2,52045,239
725,-93.3836782664582,29.307700586891,69948.6590406032,4,293792,81
479,-95.6810105706861,49.9751475473903,69948.6590406032,17,690932,53
337,-119.633739217562,54.1928575430726,69948.6590406032,7,55730,41
1837,29.6473651752216,29.1396140055401,69948.6590406032,19,1440336,208
1856,17.4021394175934,9.3906818631921,69948.6590406032,10,256843,206
5939,109.22171763163,21.1896109423222,69948.6590406032,8,1472527,667
1828,14.9500712665662,9.35561819571161,69948.6590406032,17,593171,205
3168,121.20079303628,42.2539231085326,69948.6590406032,11,2992160,355
5123,36.2349703710033,-19.8399309087396,69948.6590406032,1,545724,575
2150,29.7389837107221,-22.637699364074,69948.6590406032,13,329610,241
756,2.78760807999435,59.4068321155776,69948.6590406032,2,2435,91
2529,65.2238113175558,26.5356038255098,69948.6590406032,2,33897,286
2691,79.7385410317258,18.157541875206,69948.6590406032,20,2490189,304
2906,98.8922186928332,4.83161937424162,69948.6590406032,9,799707,322
1827,13.6991553873695,7.01678574047939,69948.6590406032,6,381435,205
2149,28.7601770962651,-24.8826994145472,69948.6590406032,22,3941251,240
4464,-61.6029031468163,-33.7399801544743,69948.6590406032,7,1518451,499
1442,-57.143385681503,-20.7783298065027,69948.6590406032,3,32586,158
1191,-76.3757263096619,-7.2402766731726,69948.6590406032,17,374820,128
645,-88.9526015626824,38.1855115483818,69948.6590406032,3,470528,72
588,-96.3948717960351,40.654222713317,69948.6590406032,4,770838,71
3254,127.973808155316,51.9932843157194,69948.6590406032,3,147174,366
2983,85.5790925660795,52.4760273293592,69948.6590406032,6,378766,329
5207,44.6847178631918,-18.547150414945,69948.6590406032,3,73670,585
3017,63.9508013809536,63.750052849811,69948.6590406032,1,19129,341
2321,35.0669127252091,52.6179102510941,69948.6590406032,25,1763852,262
3015,72.8830736057601,61.2123662083685,69948.6590406032,7,599372,340
5907,106.075618586877,10.8520755077284,69948.6590406032,21,5721534,656
1726,19.2397280159931,31.7070933014599,69948.6590406032,5,759210,198
5846,101.249999999739,-3.61254422825945,69948.6590406032,2,372304,654
1931,13.7408004153963,-11.6697823192616,69948.6590406032,4,420180,213
2048,29.1759318952012,2.27028400273865e-07,69948.6590406032,13,518494,234
1502,-6.07694672291885,31.3730885159915,69948.6590406032,7,499598,169
1996,29.1837745820533,9.82080498224319,69948.6590406032,3,111386,225
1603,-5.57784707793531,7.2659146473639,69948.6590406032,24,1957984,175
2294,31.3840945928059,52.5676550137599,69948.6590406032,36,1632521,262
2963,55.391792297278,60.373224810106,69948.6590406032,4,315907,332
1439,-64.0433994545223,-23.9467984478688,69948.6590406032,5,526699,157
2507,61.2266451308117,41.110692439928,69948.6590406032,14,712613,279
738,-65.580051931106,44.1402918703647,69948.6590406032,14,128041,85
2930,74.526192209525,51.9932842859156,69948.6590406032,9,210778,330
1384,-66.2887371588034,-19.5528066187773,69948.6590406032,14,459873,156
2037,17.2015416850651,-25.3213437077049,69948.6590406032,3,26802,230
5205,43.1358859431616,-23.0406597050091,69948.6590406032,3,172708,584
1548,-9.45429018510043,9.56570070149081,69948.6590406032,9,259726,175
2454,54.7351075658585,45.5524429134309,69948.6590406032,2,23288,279
2350,35.4803234972341,57.5346712254349,69948.6590406032,12,827298,262
2634,75.4464898510472,13.2263851001882,69948.6590406032,15,2225388,294
2720,81.919646883474,21.8791444246062,69948.6590406032,10,2802757,305
2229,35.6324470654544,28.5328626626799,69948.6590406032,7,672032,249
1062,-61.8792895166022,12.4056406918548,69948.6590406032,15,40953,121
6287,136.757090570145,-1.37445851412364,69948.6590406032,1,41308,702
394,-108.750656040967,53.354357734705,69948.6590406032,9,60227,42
2075,30.3693640937023,-2.42044558388897,69948.6590406032,35,2149813,234
2612,72.3208260507736,27.8298864892039,69948.6590406032,4,736007,296
6652,171.262422535184,11.7321215534525,69948.6590406032,1,8,742
6568,163.112855636558,10.879291337639,69948.6590406032,4,941,732
3307,135.320432403344,46.7221631168899,69948.6590406032,3,56417,365
188,-25.726579334178,66.4175213621072,69948.6590406032,11,6246,28
2603,73.7424466979812,4.08531505054398,69948.6590406032,62,133509,293
2239,23.9417542708246,50.6768705206472,69948.6590406032,95,3089369,252
475,-109.843742311942,45.4495001487064,69948.6590406032,1,101249,51
1748,12.5365293718248,18.6215209532224,69948.6590406032,1,2285,197
6416,151.290543408273,-23.8070077535994,69948.6590406032,4,114753,718
727,-88.5265217023606,31.2291377053069,69948.6590406032,4,355705,81
6037,118.051068642398,-7.06636585817778,69948.6590406032,1,68030,672
1937,20.8986909589593,2.36363383182218,69948.6590406032,4,166756,215
2097,26.9336678123934,-16.3203845104183,69948.6590406032,12,262263,232
621,-76.9356591699149,42.0052082263555,69948.6590406032,5,419240,73
1690,5.0197226719016,14.1207774152206,69948.6590406032,17,911945,186
5986,112.930515138677,2.43928302696592,69948.6590406032,3,384073,664
5940,109.055406461765,23.9435230153034,69948.6590406032,9,2033698,667
1615,7.95227999907166,33.6091490765274,69948.6590406032,21,749422,179
1912,22.2331254232875,9.51262591378664,69948.6590406032,2,15782,215
2477,59.1023695346647,34.1759118336603,69948.6590406032,7,576956,278
2932,67.762692414654,54.6204185484079,69948.6590406032,10,245950,330
1662,2.61777300416796,14.2619046816041,69948.6590406032,9,950726,186
1746,9.99064050685113,13.9771685760078,69948.6590406032,9,512250,196
3280,132.026123553404,48.0919668340151,69948.6590406032,3,242047,365
505,-100.375915410563,46.4292700284231,69948.6590406032,1,56927,61
1857,18.6651218038776,11.7842341427727,69948.6590406032,3,53211,206
6123,124.351140833077,1.36352513916324,69948.6590406032,5,756125,683
1800,12.4848300380104,9.33804883739902,69948.6590406032,26,1562528,205
3025,17.3491347032705,66.1431121566132,69948.6590406032,10,32300,343
3050,32.7224741438338,69.564839474259,69948.6590406032,12,446697,343
675,-80.4397745379971,37.7871440256346,69948.6590406032,5,287994,82
6389,148.672109682159,-22.4014356887953,69948.6590406032,4,102960,709
3253,128.555105804966,49.3704241443173,69948.6590406032,4,414373,365
534,-94.2918381369513,45.8181576359411,69948.6590406032,12,1031138,62
420,-112.659561541368,49.3569115998176,69948.6590406032,16,130299,51
564,-84.5586593440768,45.5580433321312,69948.6590406032,3,67518,63
2120,24.7826883947231,-27.2928889997949,69948.6590406032,12,346659,240
161,-20.0312907414506,66.9456879631841,69948.6590406032,16,9323,19
592,-82.4962550600426,43.7827144123514,69948.6590406032,59,1261620,72
1733,-7.16484221990253,-16.1365137618887,69948.6590406032,1,123,192
616,-94.2333724527179,39.0182851194051,69948.6590406032,12,1497017,71
1171,-59.8877590717952,3.53320012189645,69948.6590406032,2,244981,130
1882,17.323043172197,4.69929774492063,69948.6590406032,4,103356,214
2122,26.9151025318716,-22.8374218220734,69948.6590406032,50,286313,240
3727,-81.517533712609,25.9818316482642,69948.6590406032,38,3415730,415
951,-68.438171564393,17.6622482346683,69948.6590406032,20,823901,102
3721,-95.746681052701,20.2969296727331,69948.6590406032,8,678597,413
4391,-43.8349239621885,-16.0751816969945,69948.6590406032,5,499743,493
3174,113.929875900286,57.4037717939615,69948.6590406032,1,15738,357
3808,-81.3115737167137,19.1016444860593,69948.6590406032,5,51115,424
1936,19.6673146537236,1.0660546923006e-07,69948.6590406032,1,32800,214
2883,96.264895380065,15.5801910006462,69948.6590406032,8,437614,323
2092,21.8267096060943,-27.407894369753,69948.6590406032,5,83177,230
2348,38.8128109047611,52.5288295228973,69948.6590406032,19,2247664,262
473,-115.937569566055,42.6297725680226,69948.6590406032,4,359280,51
2940,33.4234469359121,59.9939207924666,69948.6590406032,9,279622,333
2971,16.5507402259067,61.6455075569582,69948.6590406032,10,278593,334
1907,16.0856938409296,-2.34939823205283,69948.6590406032,3,83458,214
1448,-44.0800862068697,-13.4372400160412,69948.6590406032,2,64873,160
1878,12.4666133160878,-4.68219896934488,69948.6590406032,10,1444830,213
2076,31.5209349104489,2.55878731525664e-07,69948.6590406032,37,2209259,234
1519,-12.8919542457237,7.13006320483335,69948.6590406032,20,152653,165
3861,-83.6477365329142,13.2269110044708,69948.6590406032,11,110024,433
1966,24.5236709143601,4.76750231356715,69948.6590406032,2,31691,224
3752,-86.7217176316296,21.1896109423222,69948.6590406032,6,743088,424
3806,-86.3372610843653,16.6887436394136,69948.6590406032,45,281058,424
6040,117.534040267508,1.25189501131514e-09,69948.6590406032,3,678630,673
6065,120.165024223516,-6.19659264151984,69948.6590406032,7,1779336,673
1852,12.4545240474269,1.30640138541429e-08,69948.6590406032,5,48897,204
2068,23.3083923688643,-18.6659485675684,69948.6590406032,5,61796,231
3065,96.303317988491,56.2483676152087,69948.6590406032,5,246894,339
1605,-3.21301098291643,12.1614849712904,69948.6590406032,13,357049,176
2960,68.011257222228,57.2582941567011,69948.6590406032,5,692774,331
2394,51.3054204333692,32.1297677350825,69948.6590406032,24,3297972,268
3171,118.181011043099,49.9751480832875,69948.6590406032,6,525429,356
2303,49.3769291872207,10.660509903377,69948.6590406032,5,144864,256
5913,106.747444226389,24.7110118162764,69948.6590406032,2,196447,658
6833,167.113175608087,-22.0977926725747,69948.6590406032,14,187653,758
1576,-6.68377458244358,9.82080498099267,69948.6590406032,4,302316,175
501,-113.112377656502,41.4138764681958,69948.6590406032,9,740536,60
6553,164.272804427395,-21.7014762816442,69948.6590406032,14,41326,727
673,-87.0631218629097,36.4507391474769,69948.6590406032,7,928435,81
6384,151.809475716769,-34.5127684779203,69948.6590406032,9,4861467,707
785,-78.7500000003837,27.2007651562251,69948.6590406032,10,464701,83
1412,-64.0365923080684,-21.2914368481671,69948.6590406032,9,376996,157
3083,116.010978225382,34.7976457068536,69948.6590406032,34,6140286,345
3092,101.250000106522,56.8320830294019,69948.6590406032,3,301280,348
1906,14.8978315807618,-4.68790065027073,69948.6590406032,5,9554479,213
2117,21.0558883738685,-33.8171495133183,69948.6590406032,7,528600,239
1106,-18.2341155814693,29.9496523991174,69948.6590406032,4,51957,127
1283,-51.4849460884233,-1.37930150764342,69948.6590406032,4,187889,141
6326,147.339354852682,-42.9777834352974,69948.6590406032,4,234473,706
643,-95.3976731696344,36.4268840046279,69948.6590406032,6,685743,71
6275,140.618610667518,-33.0225570225399,69948.6590406032,1,17033,698
1200,-55.5305202875333,4.00091812427666,69948.6590406032,3,9251,131
6044,118.07674718304,9.76038160439784,69948.6590406032,10,286658,675
6088,122.761458968274,-18.157541875206,69948.6590406032,1,13415,680
723,-98.1518960317471,27.2004741393305,69948.6590406032,15,2510447,80
4392,-41.7410936941208,-14.7675596355456,69948.6590406032,6,437591,493
1162,-14.0258979777463,26.2524728806542,69948.6590406032,2,229262,136
1586,3.26027198328319,31.7070933003535,69948.6590406032,4,239554,179
6704,172.130635965904,2.42044607272227,69948.6590406032,5,12196,742
6758,174.47240521345,-2.40271460044389,69948.6590406032,3,3693,751
1465,-16.8871444899053,10.8792909856516,69948.6590406032,1,9972,165
6415,152.064840625911,-25.9472915415584,69948.6590406032,14,662661,717
4492,-58.9578475716549,-35.4075791460527,69948.6590406032,8,12679620,499
4433,-72.2172205396973,-34.7032289223657,69948.6590406032,24,1321953,489
2074,29.2247239197664,-4.84104955340726,69948.6590406032,10,959627,233
2072,26.91530748726,-9.70186085353829,69948.6590406032,3,512673,233
2047,28.0275948444647,-2.40271416970884,69948.6590406032,4,344706,233
2130,33.8150891801216,-4.93669929875545,69948.6590406032,28,894713,243
5847,101.24999999974,-1.20452404818191,69948.6590406032,8,1418854,654
2103,32.6898456519492,-2.44051677855561,69948.6590406032,33,1269356,234
2959,71.7353845244052,55.9751458175939,69948.6590406032,3,104032,330
2123,27.88794605044,-20.5994102697644,69948.6590406032,24,895829,241
3061,105.317655529556,47.957800281048,69948.6590406032,5,997617,337
7049,175.357103850947,-40.0054819856247,69948.6590406032,57,796579,785
6395,145.96139763761,-6.74695129870198,69948.6590406032,7,150847,711
1962,19.738303889858,-4.71637729207461,69948.6590406032,4,385435,223
5935,108.55328744573,12.0356013260197,69948.6590406032,7,1047550,665
2050,31.5352594483193,4.88613544938423,69948.6590406032,6,289927,234
5131,42.2727676169582,-2.13704371311279,69948.6590406032,2,29182,577
2198,36.234970251577,19.8399308954527,69948.6590406032,4,527605,248
768,-57.1240843200737,46.4292702645088,69948.6590406032,4,13773,86
2146,25.4850701897937,-31.5580917902663,69948.6590406032,12,342903,239
5881,103.714858388751,14.4041102386909,69948.6590406032,19,507477,656
4390,-45.9589895780376,-17.3638118274058,69948.6590406032,7,397250,492
703,-78.7499998061918,35.9983010996279,69948.6590406032,13,1630564,82
6327,146.948627757476,-40.4056227680211,69948.6590406032,4,121752,706
308,-126.831178130955,53.3016388252367,69948.6590406032,2,5523,32
2602,73.9849460888423,1.37930150428073,69948.6590406032,33,30906,292
2365,49.682621895207,28.181904487866,69948.6590406032,5,495062,267
5999,116.010978230048,-34.7976456845691,69948.6590406032,1,10097,669
1993,25.6668937402246,2.38733075259884,69948.6590406032,1,46375,224
2174,28.576947157304,-31.3730882938339,69948.6590406032,9,244848,240
2534,64.0500453363137,39.9669493044148,69948.6590406032,20,988322,288
2938,42.7418767929465,59.5722333928118,69948.6590406032,2,44601,332
1958,15.0146290077709,-14.0253200909996,69948.6590406032,4,88064,222
4406,-71.4285800685628,-32.114918817967,69948.6590406032,17,6349770,489
691,-109.779740922765,23.9026599538721,69948.6590406032,3,252310,78
609,-112.770208620447,30.5355662598066,69948.6590406032,3,97914,69
6152,126.691265371914,5.37796106214777,69948.6590406032,4,36689,684
4441,-52.2794710806534,-26.4022980118818,69948.6590406032,18,1007683,491
1332,-61.8792895155857,-12.4056406946714,69948.6590406032,3,121284,148
2503,62.283896217613,30.3887926749838,69948.6590406032,7,226715,277
1410,-68.6363505053562,-23.1167738308298,69948.6590406032,1,145288,156
1112,-71.7268628631114,2.43080114844775,69948.6590406032,7,42721,120
6128,124.873403153421,14.4093294968521,69948.6590406032,2,22476,685
2090,19.2397284732555,-31.7070931967208,69948.6590406032,2,23279,230
1932,14.9500713879755,-9.35561814763143,69948.6590406032,3,43305,213
1079,-17.4063869432536,32.2749198764726,69948.6590406032,10,187789,127
1987,18.6651219572163,-11.7842340465198,69948.6590406032,1,19347,222
4495,-51.9562705111104,-31.7920341218314,69948.6590406032,5,619680,500
693,-105.220528652699,26.4022975903166,69948.6590406032,3,151033,79
1228,-53.4492679594458,2.72573848169163,69948.6590406032,2,7746,140
335,-126.250562496239,50.7134129298605,69948.6590406032,6,78255,41
3750,-91.2112628411967,19.5528066187772,69948.6590406032,7,432285,423
1450,-39.9703108784438,-10.794636787899,69948.6590406032,9,321405,160
1219,-73.981626845111,-8.4593507477924,69948.6590406032,2,334096,137
450,-102.399937670594,50.5486503454758,69948.6590406032,18,54374,52
5886,104.017533712533,25.9818316461711,69948.6590406032,6,671504,658
740,-60.6792006246503,47.4513518008727,69948.6590406032,6,55637,86
4496,-49.6251855095873,-30.5144408581368,69948.6590406032,6,492234,501
3433,145.193142369108,15.9690508238618,69948.6590406032,13,41800,380
4386,-54.7651982988003,-22.2642811618712,69948.6590406032,7,391965,491
565,-80.7130534494819,46.1870089556278,69948.6590406032,17,234185,63
1356,-68.4381715626405,-17.6622482382234,69948.6590406032,7,240216,147
4488,-71.8747036713772,-38.9133346098534,69948.6590406032,15,600309,498
4465,-59.220997789335,-32.6370579275593,69948.6590406032,17,569336,499
5975,113.613719778696,-24.908258415492,69948.6590406032,1,7502,661
477,-103.126772191428,47.9348286428621,69948.6590406032,2,10759,52
423,-101.532791750878,53.1232770385832,69948.6590406032,5,13851,52
499,-118.663211432769,38.4561166645135,69948.6590406032,1,58350,59
1111,-74.0667499627873,1.21255255947595,69948.6590406032,9,69915,119
1422,-42.2691136327883,-9.46953543990385,69948.6590406032,2,57588,160
503,-107.033661718996,44.0906278641416,69948.6590406032,1,51808,61
391,-119.25452466791,48.9599242949205,69948.6590406032,16,306814,41
1959,16.2171727176898,-11.7128499945547,69948.6590406032,6,394934,222
4381,-66.4545472612623,-27.5878364095663,69948.6590406032,1,193326,489
1904,12.4848301594143,-9.33804882140343,69948.6590406032,2,2904125,213
2015,21.0714884990941,-11.8833549147305,69948.6590406032,4,36336,223
3034,101.250000146929,48.5865923785549,69948.6590406032,1,19305,337
3665,-100.455556714621,23.4101137627923,69948.6590406032,9,1015958,413
6385,151.19457977994,-32.1297678188526,69948.6590406032,13,695562,707
2474,60.3751430036446,26.4043884471348,69948.6590406032,2,188524,277
2154,33.1956932947579,-13.6888287076582,69948.6590406032,13,956205,242
1527,-6.26017676617758,24.8826996389819,69948.6590406032,1,10856,168
2124,28.8034175393125,-18.3636297190707,69948.6590406032,10,313202,241
2186,38.8253942101751,-4.65240639406065,69948.6590406032,42,1580617,244
2101,30.3732132538089,-7.34287293335585,69948.6590406032,9,231556,233
2155,33.9611767951516,-11.4814896906408,69948.6590406032,14,341409,242
2558,67.2297912042552,30.5355664342758,69948.6590406032,13,1167650,287
2099,28.4947632585227,-11.9549108289826,69948.6590406032,12,2877636,233
5909,106.235104619972,15.5801910017339,69948.6590406032,9,348420,657
3196,123.659720707856,43.807941428762,69948.6590406032,14,4693894,355
3134,120.64598063628,24.5181595210032,69948.6590406032,82,13226637,344
2925,88.0800520439574,44.1402920892924,69948.6590406032,3,1842352,328
3140,118.894872207429,40.6542232166666,69948.6590406032,12,3508661,346
3053,113.54545274111,27.5878364086256,69948.6590406032,15,5570736,335
3220,128.366869493368,34.5361285638121,69948.6590406032,33,11167311,354
3056,112.808043839663,35.6719144515148,69948.6590406032,16,7299651,336
3137,120.779002212272,32.6370579267991,69948.6590406032,29,8452398,345
6076,120.580353114663,21.8791444287549,69948.6590406032,14,3543645,676
2428,50.7998937342808,48.8138668853756,69948.6590406032,5,42820,270
511,-76.6067553940915,50.3394943457643,69948.6590406032,2,3804,63
537,-82.8176551847077,47.9577997693449,69948.6590406032,4,47552,63
2562,66.8876220766987,41.4138766408103,69948.6590406032,3,72288,288
730,-80.3341724352008,33.5256330508419,69948.6590406032,5,409347,82
6362,146.072139964238,-21.1336067246371,69948.6590406032,1,9766,709
3217,127.720528921044,26.4022980109842,69948.6590406032,13,1037179,353
541,-66.9079856196598,46.6202370182537,69948.6590406032,18,129911,64
701,-85.2827792045453,34.703228330452,69948.6590406032,7,644997,82
2688,80.0073316225478,10.3465228676567,69948.6590406032,18,1760813,303
3281,131.667782760324,50.7252940784053,69948.6590406032,1,14710,366
2945,103.743324294618,30.9988053281557,69948.6590406032,15,5393846,326
5938,109.016654612709,18.9603701793791,69948.6590406032,4,351560,666
5995,113.613719776544,24.9082584196025,69948.6590406032,11,1801506,667
3063,101.250000128591,52.7200140328868,69948.6590406032,2,70983,338
2939,38.0975849378447,59.8661435071033,69948.6590406032,4,670393,333
2935,56.045823548687,57.7295057423862,69948.6590406032,12,1465852,331
617,-90.9604564809907,39.9013626686007,69948.6590406032,9,656403,72
309,-123.482749990013,55.1122764291252,69948.6590406032,5,76804,32
5856,101.249999999668,20.2709349118717,69948.6590406032,9,278669,657
2912,98.6884262833471,19.101644483196,69948.6590406032,18,691548,324
2098,27.7456600720444,-14.123882222049,69948.6590406032,5,264987,232
5121,34.508460670933,-24.3578347624717,69948.6590406032,5,416448,574
3141,117.870794595738,43.248394963804,69948.6590406032,2,417901,346
666,-105.356152553839,29.0839721733618,69948.6590406032,7,916384,79
2125,29.6648426301383,-16.1365132889899,69948.6590406032,11,1473834,241
2128,31.9542903027394,-9.565700437751,69948.6590406032,15,339639,242
2156,34.6925230281843,-9.29406696994066,69948.6590406032,32,1027577,243
2179,33.4507517617059,-20.1379754810531,69948.6590406032,7,434002,241
2508,61.0796970953731,43.73492877411,69948.6590406032,3,92129,279
1272,-76.2851416112137,-14.4041102407217,69948.6590406032,13,580886,137
2608,72.9779490004523,17.2449266567129,69948.6590406032,6,890547,294
2151,30.6684299869244,-20.3911614821227,69948.6590406032,12,336878,241
483,-78.749999865027,52.720013536222,69948.6590406032,1,3536,54
3145,112.657609616491,53.2388717568574,69948.6590406032,1,305492,347
5127,39.3871445488308,-10.8792909792886,69948.6590406032,27,577533,576
2160,38.45076515756,3.38417465092057e-07,69948.6590406032,8,153956,244
2183,36.6757065942473,-11.198017104431,69948.6590406032,7,252940,243
2177,31.6356911023411,-24.6448360527173,69948.6590406032,9,410863,241
3193,126.10317942758,35.8042188982129,69948.6590406032,27,4013481,354
2584,70.0216685946655,26.5479675044878,69948.6590406032,15,340301,286
3136,120.681011858092,29.9039523997561,69948.6590406032,29,21202000,344
6300,143.984610054706,-39.5211001063279,69948.6590406032,4,36610,697
237,-67.9375759560738,70.8215417447926,69948.6590406032,1,1054,26
1251,-62.2314640710765,-4.81100296532443,69948.6590406032,1,53186,139
1275,-69.0632165156432,-10.8302606748857,69948.6590406032,2,32690,138
510,-80.8932443153659,50.3394943379623,69948.6590406032,3,15907,63
896,-70.7782823687824,21.1896109380382,69948.6590406032,2,985,102
841,-73.2525557739343,24.711011811713,69948.6590406032,1,883,92
419,-115.960047736738,47.8962634469394,69948.6590406032,3,242603,51
6413,153.540270049508,-30.4910166903934,69948.6590406032,6,161513,717
4570,-72.9413399848491,-45.5580436203288,69948.6590406032,1,46077,507
4461,-70.4368778496515,-36.4507397268169,69948.6590406032,5,142426,498
3143,115.548890207412,48.3185225470737,69948.6590406032,1,44880,347
3088,109.265883987512,47.323802106384,69948.6590406032,3,98705,346
1362,-55.2335399615651,-11.805697700501,69948.6590406032,2,129798,149
1110,-76.4053497909768,-2.48403230787547e-09,69948.6590406032,15,176390,119
6291,137.730886365722,9.46953544088307,69948.6590406032,8,5011,703
647,-82.2285124771359,39.5762279889288,69948.6590406032,5,950377,73
4599,-66.9079852536635,-46.6202373024104,69948.6590406032,1,141991,508
1387,-59.5537922758809,-16.6327723999521,69948.6590406032,4,40995,157
663,-112.250595596313,25.2430110127181,69948.6590406032,3,61074,78
671,-93.5109779109233,34.7976451783722,69948.6590406032,4,378695,81
6200,131.500070236527,-13.3734110256613,69948.6590406032,6,145788,691
1436,-71.1200865365682,-26.6750850971906,69948.6590406032,2,148599,156
741,-57.9805998335141,49.0312995161778,69948.6590406032,6,33079,86
4411,-59.3481037204763,-27.2004746282844,69948.6590406032,14,903494,490
1172,-57.6776421170537,5.16800371497368,69948.6590406032,10,131450,131
1415,-57.238541031613,-18.157541878418,69948.6590406032,3,121498,158
4395,-35.6340490965831,-10.7625311738547,69948.6590406032,9,1344535,494
1386,-61.7914193121351,-17.6648932107889,69948.6590406032,11,100898,157
1086,-69.3058995243236,6.0693809061757,69948.6590406032,2,9038,120
1220,-71.633908655221,-7.2684938433382,69948.6590406032,1,46821,138
5125,37.8535462073384,-15.340753766343,69948.6590406032,3,234316,575
694,-102.898741472158,27.6062109058876,69948.6590406032,1,9451,79
721,-102.814145022084,24.92828278529,69948.6590406032,14,1064772,79
581,-115.410471859993,31.8079666649397,69948.6590406032,14,1273409,69
3252,129.066758974374,46.7378987326876,69948.6590406032,11,2085808,365
5877,103.60778130717,4.83161937520327,69948.6590406032,6,828812,655
1340,-45.0970635629676,-2.7459845923528,69948.6590406032,11,1265361,151
4489,-68.5473981152224,-38.1855121137658,69948.6590406032,3,368093,498
5937,108.837261084253,16.6887436378652,69948.6590406032,4,864120,666
1521,-11.4611766553265,11.4814899786648,69948.6590406032,10,167485,166
1642,9.6349665994737,31.3763227725084,69948.6590406032,3,90701,188
1297,-18.1110220407636,14.9470826534694,69948.6590406032,9,2975598,145
3032,104.996255427171,43.7827149233311,69948.6590406032,1,15269,337
2530,64.925828776542,29.1609394150723,69948.6590406032,3,74803,286
6387,149.729701003817,-27.6545607341918,69948.6590406032,2,15363,708
5858,101.249999999628,24.9099698429354,69948.6590406032,9,1971138,658
3167,122.089771418555,39.6199684531965,69948.6590406032,13,4123980,355
2933,64.0635232953886,55.7795908276269,69948.6590406032,8,533727,331
422,-105.473807439973,51.9932838980025,69948.6590406032,19,270205,52
3306,135.464475591048,44.0777818576408,69948.6590406032,2,54732,365
921,-76.2405943289095,16.7624087478102,69948.6590406032,7,33711,101
1774,12.5093594939301,13.9771685760153,69948.6590406032,5,114709,196
2693,79.5444432855008,23.4101137595538,69948.6590406032,7,1871386,305
3027,111.026521946178,31.2291382730616,69948.6590406032,11,1986311,335
6154,126.92914927904,10.6152548957462,69948.6590406032,2,18785,684
2420,54.9657270122029,28.8487123675023,69948.6590406032,6,520331,268
1754,22.374413032819,31.6733574106971,69948.6590406032,3,259673,199
6339,142.037756690483,-9.45303686149031,69948.6590406032,2,18023,710
2586,69.5393121697858,31.8951001249477,69948.6590406032,12,355850,287
2723,81.8189882835026,29.9039521595101,69948.6590406032,3,48714,306
3085,113.460456839083,39.9013632169784,69948.6590406032,3,1397696,345
3082,115.881834217791,32.0340914471154,69948.6590406032,13,2255231,344
451,-98.5038571090048,51.5803098604924,69948.6590406032,2,9597,52
310,-119.845349775245,56.819867157071,69948.6590406032,5,33516,32
3003,104.728512864578,39.5762284993351,69948.6590406032,2,213214,336
2286,39.0619926607902,34.6014159234265,69948.6590406032,9,509911,259
700,-88.5266264753256,33.9767835113974,69948.6590406032,2,134881,81
2067,22.3327113784562,-20.8809456154508,69948.6590406032,7,19501,231
1990,22.1397578662121,-4.73912051856488,69948.6590406032,4,581203,223
5855,101.249999999684,17.9259318966198,69948.6590406032,20,676852,657
3055,113.459455393606,33.0298590660121,69948.6590406032,21,5700692,335
3139,119.921280653218,38.0375139527138,69948.6590406032,11,1679334,345
2511,60.5621870095972,51.5736717918049,69948.6590406032,5,352853,280
2429,50.0898619711123,51.3858823894054,69948.6590406032,9,339361,271
2322,33.234962277833,55.108805730016,69948.6590406032,10,720105,262
2096,26.0558870569518,-18.5362725545798,69948.6590406032,8,197999,232
6919,179.191608124595,-18.6659488802139,69948.6590406032,8,272737,768
2017,23.3811386030552,-7.14190182619697,69948.6590406032,5,1284361,223
2888,96.0044993684794,27.4768479306407,69948.6590406032,2,212265,325
5884,103.871706840943,21.4194388700016,69948.6590406032,8,387512,657
2860,93.6200865363396,26.6750850938484,69948.6590406032,9,724648,324
6101,122.669450508143,15.5462647459258,69948.6590406032,8,75686,685
2392,52.7702991778513,27.6545606429613,69948.6590406032,5,242520,267
1879,13.6692725919779,-2.34583733742076,69948.6590406032,9,142629,213
1578,-5.24565989199668,14.1238824338478,69948.6590406032,10,368392,176
1440,-61.7203651181237,-22.9362399328041,69948.6590406032,1,5274,157
2157,35.3919543309089,-7.13006289971037,69948.6590406032,9,445030,243
2026,35.9126604162396,13.415849654581,69948.6590406032,6,425868,226
2191,41.5691137729106,4.29521996713355,69948.6590406032,5,115504,245
4520,-56.9642364839895,-36.9643715495054,69948.6590406032,2,581837,500
5910,106.338179572354,17.9084243372458,69948.6590406032,4,183270,657
3138,121.042152429719,35.4075791453765,69948.6590406032,8,2564234,345
5966,111.462664032851,20.4034870785607,69948.6590406032,7,1519562,667
6207,130.975255599674,5.44090332740044,69948.6590406032,1,20,693
6049,118.279634879892,22.9362399336915,69948.6590406032,1,73029,676
2701,82.2061518564454,44.8639434380831,69948.6590406032,2,263728,307
480,-91.6792565127713,50.7925388421103,69948.6590406032,2,10789,53
6358,148.059565815821,-31.4736357590367,69948.6590406032,1,29149,707
2374,43.7325406139751,49.7386376463622,69948.6590406032,17,1790083,270
3125,87.130183284528,68.3312052953013,69948.6590406032,4,234755,350
2282,42.3471937586257,25.3266877615723,69948.6590406032,5,117068,258
2095,25.1093356870738,-20.762675525952,69948.6590406032,10,53329,231
535,-90.5920140554718,46.6202369763694,69948.6590406032,1,84472,62
6515,171.808228937977,-46.2996628732042,69948.6590406032,9,121772,724
5129,40.8548428372866,-6.47285961506659,69948.6590406032,4,37188,577
813,-75.9824662875562,25.981831643397,69948.6590406032,4,10158,92
2094,24.0909785752568,-22.9901087971866,69948.6590406032,4,9408,231
6372,143.645956928974,5.42399119920042,69948.6590406032,1,115,712
6623,167.807477195896,9.29406756368084,69948.6590406032,8,10728,733
4806,-12.4592524841342,-37.3110923591206,69948.6590406032,1,267,541
642,-98.5421520763193,35.4075786606343,69948.6590406032,8,1000827,71
1985,16.2670762620715,-16.4586786159297,69948.6590406032,3,16341,222
1055,-78.7500000002611,3.61254422601776,69948.6590406032,3,14922,119
639,-105.543729149996,31.7920337035089,69948.6590406032,3,2134024,70
2202,32.6459439864159,28.8738569662538,69948.6590406032,4,580919,249
6400,145.96139763641,6.74695130315723,69948.6590406032,3,900,712
1338,-49.0247443994733,-5.44090332684528,69948.6590406032,5,325964,150
2373,44.7668362047626,47.1569440974553,69948.6590406032,2,123167,270
637,-110.194375102842,29.2085519230328,69948.6590406032,6,795885,69
5119,32.6459441728249,-28.8738570017419,69948.6590406032,7,469990,573
6092,122.406923305411,-7.75528644199469,69948.6590406032,2,127780,682
6595,165.08588680741,8.99644140241824,69948.6590406032,3,744,732
2968,31.0006644927668,62.4358517609554,69948.6590406032,29,231774,333
2999,108.684574007615,29.3975299735397,69948.6590406032,2,168795,335
3540,152.619916460324,8.00306529921489,69948.6590406032,18,41778,389
159,-29.539671474142,71.1873389467955,69948.6590406032,1,138,18
3086,112.192733738435,42.4255739204841,69948.6590406032,1,16554,346
3079,18.6035880331637,70.7337203854745,69948.6590406032,13,60994,343
3359,141.163211934991,38.4561169409302,69948.6590406032,69,4973710,374
2673,78.8402795422829,43.8079412024828,69948.6590406032,13,342631,298
2505,61.2317967440939,35.7135376678938,69948.6590406032,10,260895,278
6082,123.371191897868,-34.2425755184266,69948.6590406032,1,7781,678
421,-109.167782045799,50.7252936984137,69948.6590406032,9,92881,51
4105,-81.1242736903002,-7.24027666821135,69948.6590406032,6,116988,460
3567,154.509586393489,6.67848527415248,69948.6590406032,2,926,398
1880,14.8625442275119,4.43953113407797e-08,69948.6590406032,4,48265,214
2302,49.8800835808115,8.00306523317066,69948.6590406032,1,19282,255
6319,140.029689119855,10.7946367890219,69948.6590406032,1,289,703
338,-115.936476169498,55.7795905347507,69948.6590406032,7,23732,42
3919,-138.933951319676,-21.255740568374,69948.6590406032,2,402,434
6867,-179.733125300533,-9.51262605595744,69948.6590406032,1,314,760
2280,43.9146333781791,20.7790606099111,69948.6590406032,4,119810,257
5261,48.9612344141365,-22.0539586164994,69948.6590406032,4,123359,585
6373,144.014879509246,8.10265788030726,69948.6590406032,3,1633,712
2574,72.1783527781908,-2.02401812071104e-09,69948.6590406032,10,20166,283
506,-96.8207991125922,47.4513515488908,69948.6590406032,2,140591,62
584,-108.674830390661,35.986663064129,69948.6590406032,1,44278,70
1831,18.6280508569981,16.6697104628162,69948.6590406032,1,13701,206
6806,166.265029992795,-19.8399312129297,69948.6590406032,1,4462,758
1470,-12.8868246692122,22.0977923653081,69948.6590406032,2,51098,167
458,-67.342390510134,53.2388712683757,69948.6590406032,2,13493,55
4388,-50.2996995927334,-19.8712373378796,69948.6590406032,13,915291,492
2601,73.9849460888403,-1.37930150794525,69948.6590406032,6,17089,292
1441,-59.4196468833951,-21.879144427839,69948.6590406032,4,24838,157
6423,147.877735760441,-5.38925030449302,69948.6590406032,1,1077,720
583,-110.869616582457,34.6205058402065,69948.6590406032,2,99922,69
396,-100.569276238135,55.6845131020743,69948.6590406032,2,7302,43
1395,-42.5354205976564,-6.79815090462933,69948.6590406032,3,128741,160
1618,13.0258783661115,39.6272840298143,69948.6590406032,5,77698,180
145,-137.468708968825,66.9456877935067,69948.6590406032,1,1085,13
282,-123.954175797759,57.729505529088,69948.6590406032,1,4210,32
1851,11.2500000295542,-2.3446502118954,69948.6590406032,9,79750,204
198,-137.258122427167,59.5722333199233,69948.6590406032,2,2466,22
3219,128.043729490161,31.7920341211442,69948.6590406032,1,26434,354
2025,33.9611766547441,11.4814899803761,69948.6590406032,5,277097,226
6256,135.687834565281,-10.792323990074,69948.6590406032,1,1343,700
2274,47.9904136396899,6.67848521969612,69948.6590406032,2,75180,255
1823,8.83072746710624,-2.34583740042166,69948.6590406032,2,11859,204
3198,122.019400463137,49.0312997513083,69948.6590406032,3,307822,356
3080,115.939587772217,26.6096364375455,69948.6590406032,3,554027,344
1635,1.06198483082131,16.5760984138443,69948.6590406032,1,38706,186
2188,40.7203986114696,3.64421107667861e-07,69948.6590406032,1,70871,244
1695,11.25,24.9858092398436,69948.6590406032,1,25172,188
2559,66.8786494674027,33.2234450911414,69948.6590406032,5,61687,287
5885,103.940206080225,23.7135399402333,69948.6590406032,7,665333,658
1413,-61.7533189472989,-20.2969296727331,69948.6590406032,2,2248,157
4463,-63.989021776312,-34.7976457075877,69948.6590406032,1,58210,499
3199,121.00385761149,51.5803103980296,69948.6590406032,1,74201,356
1596,-14.9141131919389,-8.99644140438285,69948.6590406032,1,533,173
6001,115.883678526958,-29.3077010929286,69948.6590406032,1,27531,669
509,-85.0805219626159,49.7299448783503,69948.6590406032,7,19944,63
2643,74.2959982201033,37.2818799873268,69948.6590406032,4,46539,297
2192,40.8548428059143,6.47285963030368,69948.6590406032,2,52108,246
6532,156.883707420545,-8.0950244900493,69948.6590406032,1,6293,729
1995,28.0778470794993,7.26591464741258,69948.6590406032,3,189001,225
1445,-50.4779490002442,-17.2449266599338,69948.6590406032,8,395736,159
2479,58.5153902057004,39.5210999864593,69948.6590406032,1,19936,278
4683,-58.9961422088879,-51.5803102306245,69948.6590406032,3,2391,518
6095,122.155157447053,1.44924081831309e-09,69948.6590406032,2,196901,683
4861,-8.07076212598354,-39.8465102265712,69948.6590406032,1,4,541
1579,-4.4336676020214,16.3203847120556,69948.6590406032,2,15239,176
4438,-59.31898814373,-29.9039524006046,69948.6590406032,2,163257,490
560,-98.700792581932,42.2539226257471,69948.6590406032,1,45052,62
557,-107.989286314208,38.7213826659744,69948.6590406032,1,46350,61
447,-112.820431760311,46.7221627756572,69948.6590406032,2,120299,51
1173,-55.433217603093,6.60667231489502,69948.6590406032,8,266367,131
2012,17.7973175465517,-18.8003523041236,69948.6590406032,3,41614,222
4797,-37.8662598849738,-54.1928578085792,69948.6590406032,1,22,538
1304,-64.0472482070086,-10.5993221779464,69948.6590406032,2,71120,148
3070,79.0621357042295,64.9357280261759,69948.6590406032,2,39082,340
1473,-10.1459439868756,28.8738569664057,69948.6590406032,3,220361,168
1496,-11.8029357892753,17.8888857804293,69948.6590406032,3,111955,167
608,-115.074171054396,29.160939253327,69948.6590406032,1,11738,69
5968,111.253787680476,25.8183430223279,69948.6590406032,6,1628713,667
2877,96.5667499627822,1.2125525612297,69948.6590406032,1,25075,321
1392,-48.6740979865877,-10.7419749163378,69948.6590406032,5,387467,159
2376,41.2968624701403,54.8341429471197,69948.6590406032,16,1052217,271
2501,62.9720715662542,25.1816346565104,69948.6590406032,4,180262,277
2153,32.3936084824325,-15.9122991902665,69948.6590406032,3,148697,242
2279,44.6847177531744,18.5471504546876,69948.6590406032,2,277619,257
2134,38.8253941557067,4.65240674141554,69948.6590406032,6,165587,244
3030,108.125295937459,38.9133348651132,69948.6590406032,5,697150,336
3755,-139.871836668669,-8.6681810458563,69948.6590406032,6,5840,416
1761,-4.43366739120372,-16.3203849150692,69948.6590406032,5,2489,192
2951,93.8554432306229,43.1334604760306,69948.6590406032,1,139579,328
6273,141.163211931023,-38.4561169395701,69948.6590406032,4,71231,697
845,-64.1181659217224,32.0340911852531,69948.6590406032,2,2700,94
3029,109.563122148677,36.4507397252291,69948.6590406032,2,166686,336
4120,-109.978331252229,-26.5479673303525,69948.6590406032,1,584,456
3891,-140.958533167147,-19.4373324809476,69948.6590406032,1,1211,434
432,-60.1221889959592,54.1108363815949,69948.6590406032,1,6034,55
2220,42.8519814139605,8.3489169495548,69948.6590406032,2,150861,246
1602,-6.72472385964799,4.84104978360468,69948.6590406032,5,342950,175
6206,130.745085100931,2.74630381657971,69948.6590406032,1,10,693
7002,-174.286145615554,-20.982639420885,69948.6590406032,7,40618,778
487,-61.8189891248194,49.9751476063328,69948.6590406032,1,2976,55
2308,46.0255914033616,22.5287842865939,69948.6590406032,5,65733,257
284,-116.000329355221,61.082680197333,69948.6590406032,1,3064,33
2255,39.4408407836985,25.8194007742213,69948.6590406032,3,36340,249
2616,72.01071345773,38.721382865912,69948.6590406032,3,47557,297
555,-113.736670698449,35.9556356902475,69948.6590406032,5,912752,60
1983,14.016651660309,-20.9662290835901,69948.6590406032,3,19112,221
3890,-143.765029609946,-19.8399308928534,69948.6590406032,1,72,434
2698,79.4642366783738,36.9643713191878,69948.6590406032,1,114259,306
311,-115.95815727929,58.428135346093,69948.6590406032,2,5164,33
6976,-173.76707582338,-16.4586787463965,69948.6590406032,1,817,778
3863,-142.943788384368,-17.5867763255346,69948.6590406032,4,1220,425
6964,-154.890664313442,20.7626755271228,69948.6590406032,1,43466,774
3189,125.314145264038,24.9282832295832,69948.6590406032,2,79570,353
6517,169.575653175095,-41.8486481518014,69948.6590406032,1,3364,724
6936,-157.667288621973,20.8809456163827,69948.6590406032,1,386345,774
21,11.249999203393,76.8063645632565,69948.6590406032,1,7,8
6274,141.268203482308,-35.713537800901,69948.6590406032,1,12874,697
3512,150.229505338621,6.69869132095405,69948.6590406032,2,790,389
3005,101.250000162575,44.4260059740299,69948.6590406032,1,28301,337
2066,21.2659827172924,-23.0954929649786,69948.6590406032,8,14040,231
1278,-61.9489313567111,-7.06636586067949,69948.6590406032,1,32934,139
1697,14.4044553983327,29.4578684988196,69948.6590406032,1,19373,189
3108,118.280098511149,28.2761086582432,69948.6590406032,9,959969,344
615,-97.4212802728928,38.0375134582819,69948.6590406032,4,487823,71
2996,28.2558915044547,64.8877733025361,69948.6590406032,31,217277,334
474,-112.964475005286,44.077781517863,69948.6590406032,2,102927,51
2184,37.4141134046651,-8.99644074433134,69948.6590406032,7,167159,243
212,-48.0297923866743,70.6184487433998,69948.6590406032,3,530,27
297,-41.4996703995722,61.082680318155,69948.6590406032,1,4,37
5128,40.1281633016989,-8.66818105829713,69948.6590406032,3,30329,576
1667,8.2355675294146,25.2700928771068,69948.6590406032,1,7021,188
132,-21.0907021580178,71.6379103091646,69948.6590406032,4,553,18
1909,18.4964314601156,2.35533135585838,69948.6590406032,3,60032,214
6363,145.624935990425,-18.5556985326487,69948.6590406032,3,157816,709
1114,-66.9942227470749,4.86349084318475,69948.6590406032,2,61220,120
1935,18.4964314885559,-2.3553312618152,69948.6590406032,2,82576,214
3018,58.9932004382756,64.8076079447751,69948.6590406032,3,127453,341
2129,32.6277873353277,-7.42959053960625,69948.6590406032,2,104395,243
320,-66.3895433116868,64.0336163383261,69948.6590406032,1,6364,36
1382,-70.7782823667842,-21.1896109417875,69948.6590406032,2,256796,156
1165,-74.0526247043314,-3.63561188242734,69948.6590406032,3,469453,128
2961,64.0418422264326,58.4281357405072,69948.6590406032,3,98499,331
1449,-42.0095570505201,-12.1239104234755,69948.6590406032,4,154795,160
2510,60.7454749626432,48.95992443299,69948.6590406032,2,34465,280
6834,169.049248745747,-20.137976046789,69948.6590406032,1,1468,758
2021,28.027594816529,2.40271438504037,69948.6590406032,2,146655,225
242,-36.4932009359637,64.8076077125155,69948.6590406032,7,3076,28
1253,-57.7614338695916,-2.58334687043354,69948.6590406032,3,135006,140
1281,-55.5305202869741,-4.00091812723286,69948.6590406032,1,64772,140
4439,-56.9485526571294,-28.7745544851296,69948.6590406032,4,250426,491
267,-52.0068073290867,66.4768085295266,69948.6590406032,7,9109,36
6228,133.610496807076,-12.0950715049249,69948.6590406032,3,4270,691
1416,-55.013525848422,-17.0190896112557,69948.6590406032,3,209211,158
699,-90.9594551158345,33.0298585169108,69948.6590406032,3,279179,81
732,-77.1658274639963,33.5256333636486,69948.6590406032,2,161298,83
3673,-81.243324194912,30.9988050206036,69948.6590406032,3,978259,415
2719,81.986165848834,19.2512830586409,69948.6590406032,4,282557,304
5874,103.597927763574,-2.41724393329276,69948.6590406032,5,1980071,654
2446,58.1473222782806,25.0425430169625,69948.6590406032,2,82030,276
1444,-52.6711845214283,-18.4579072454035,69948.6590406032,2,118053,158
2145,24.2641847653784,-33.7457912965563,69948.6590406032,8,1363738,239
2949,97.7714874938809,39.576228484719,69948.6590406032,3,283784,327
3057,111.452601883033,38.1855121122191,69948.6590406032,5,3308682,336
2975,102.939774921873,37.7871445304975,69948.6590406032,2,256958,327
2447,57.7073353244054,27.6050026473966,69948.6590406032,3,239743,277
1333,-59.6929810944296,-11.4153525268214,69948.6590406032,1,38777,148
2078,33.8150891224311,4.93669958506645,69948.6590406032,2,17314,235
2046,26.8864608038707,-4.80149088731614,69948.6590406032,5,201331,233
2018,24.5236709731469,-4.76750214229625,69948.6590406032,2,103821,224
2070,24.9956682695581,-14.2931786943053,69948.6590406032,5,41194,232
2042,22.1996043438954,-14.4463805126357,69948.6590406032,6,82043,232
6056,120.681011866519,-29.9039523803973,69948.6590406032,1,37806,670
2019,25.6668937683237,-2.38733056688222,69948.6590406032,2,195715,224
2102,31.535259506336,-4.88613519071876,69948.6590406032,8,198643,234
2242,18.6865859153328,56.7358597647074,69948.6590406032,3,73456,253
2044,24.5963610382944,-9.59899899208186,69948.6590406032,1,74103,232
5879,103.647510370326,9.64040353786272,69948.6590406032,3,201939,656
6450,150.229505369314,-6.69869132923779,69948.6590406032,2,20833,720
316,-91.1104565571063,64.0336162954279,69948.6590406032,1,2368,34
2071,25.7130111386396,-12.1614847850044,69948.6590406032,3,987803,232
2564,67.1795679174681,46.7221629498162,69948.6590406032,6,190740,289
2672,78.0894093498719,41.1638479918786,69948.6590406032,2,87808,298
2064,18.8543819126169,-27.4600068060523,69948.6590406032,3,28468,230
2312,42.9430570814539,31.7488542243044,69948.6590406032,5,1149920,259
6004,115.963407691937,-21.2914368449108,69948.6590406032,1,11868,670
2607,73.1419735054374,14.623005966289,69948.6590406032,4,324735,294
1933,16.1425023733783,-7.03248642646735,69948.6590406032,2,81487,213
2887,95.7525557737995,24.7110118135478,69948.6590406032,1,39214,324
2069,24.1951557090654,-16.465436361668,69948.6590406032,3,57557,232
6479,151.621877862462,-2.68049070243171,69948.6590406032,2,16555,721
2100,29.1837747053468,-9.82080475130262,69948.6590406032,6,71722,233
3024,23.9354493880167,66.9287973415055,69948.6590406032,14,157535,343
2913,98.628293159069,21.4194388692318,69948.6590406032,1,70438,324
418,-119.082057666232,46.3485418781766,69948.6590406032,4,245338,50
2563,67.0355247013109,44.0777816912532,69948.6590406032,5,211657,288
3308,135.159562247129,49.356911942683,69948.6590406032,1,576745,366
2093,22.9977697965259,-25.2086099152872,69948.6590406032,5,15209,231
2988,68.278810094047,59.8982376253341,69948.6590406032,1,60468,331
1971,32.3936082833852,15.9122994610312,69948.6590406032,9,6807372,226
2475,59.9829779367749,28.9821798459755,69948.6590406032,2,644301,277
2424,53.0602843658422,38.4492058580566,69948.6590406032,1,18078,269
3362,141.582058336099,46.3485421495033,69948.6590406032,6,328100,375
1636,1.94175016890641,18.7532203075863,69948.6590406032,1,11800,186
6533,156.371878037756,-5.36689177504479,69948.6590406032,2,4074,730
5903,105.933250037221,1.21255256245543,69948.6590406032,1,42530,655
2187,39.5019861693712,-2.51467346863409,69948.6590406032,7,179583,244
674,-83.7632951848033,37.1280758078915,69948.6590406032,3,490021,82
6550,166.867553129539,-28.532862664209,69948.6590406032,1,890,726
6698,163.112855637304,-10.8792913397456,69948.6590406032,1,1146,740
1992,24.4436355360119,1.67683187444451e-07,69948.6590406032,2,583605,224
280,-130.712410626654,53.9596596277691,69948.6590406032,3,45208,31
3622,158.923504647432,6.19633127253359,69948.6590406032,7,28711,398
6340,141.710569749805,-6.78114939562664,69948.6590406032,1,12311,710
3274,132.960688011543,31.8951003048342,69948.6590406032,7,505404,363
6235,133.207532873773,6.79111161092485,69948.6590406032,2,658,693
3093,98.6039238218794,58.5863750382049,69948.6590406032,1,15993,348
6422,148.300458703563,-8.05491689854684,69948.6590406032,2,36702,720
6478,152.134412420732,-5.34456511778949,69948.6590406032,2,35501,720
6921,-177.382226809097,-14.2619047936613,69948.6590406032,5,1730,769
2632,75.6896257388244,8.00177205066199,69948.6590406032,1,402652,293
1577,-5.99476310761813,11.9549110501182,69948.6590406032,4,280648,176
3013,80.5156704371641,58.233223637713,69948.6590406032,1,27690,339
5936,108.682971731012,14.3789486742304,69948.6590406032,4,411680,666
2967,36.0044840558418,62.3684846807138,69948.6590406032,3,315479,333
2755,86.9035398618371,41.5914814772851,69948.6590406032,1,182343,307
2965,45.9367235468298,61.7098756526775,69948.6590406032,4,162643,332
2937,47.308522299432,59.1143251174499,69948.6590406032,3,72075,332
6812,176.754312803419,-7.19887678397768,69948.6590406032,3,1276,760
5987,113.005777253045,4.86349084615025,69948.6590406032,3,304624,665
2727,83.6051279986898,40.6542229687283,69948.6590406032,1,69197,307
5958,110.590179712876,1.21846381065807,69948.6590406032,3,660373,664
6043,118.051068642798,7.06636586086552,69948.6590406032,1,33450,674
183,-55.4149839625128,74.5914632195167,69948.6590406032,3,897,26
6042,117.768535928873,4.81100296481224,69948.6590406032,6,958440,674
6172,129.358026494563,-14.623005966289,69948.6590406032,2,7111,690
6091,122.492668377452,-10.3465228676568,69948.6590406032,1,296521,681
1944,31.55219327988,18.1478466943358,69948.6590406032,3,42568,217
3388,144.250569891271,42.1208797985486,69948.6590406032,5,442693,374
3539,152.134412388715,5.34456510766857,69948.6590406032,2,1058,389
1914,24.995668084536,14.2931788725117,69948.6590406032,2,274785,216
2728,84.6292056263987,43.2483947115551,69948.6590406032,2,782205,307
1884,19.8325269461624,9.44309106740793,69948.6590406032,1,16541,215
3089,107.58052231967,49.7299453961602,69948.6590406032,3,62161,347
2886,95.9063151060717,22.4767950781967,69948.6590406032,9,2133735,324
3009,92.4796909361708,51.4938876713977,69948.6590406032,1,109678,338
742,-55.1000620067306,50.5486505718526,69948.6590406032,4,8975,86
3718,-102.486474151578,17.0190896112556,69948.6590406032,4,204567,412
4521,-53.8968205734839,-35.8042188988033,69948.6590406032,5,117351,500
4408,-66.5350629025501,-30.2927737913888,69948.6590406032,1,167592,489
395,-104.782250096145,54.5923943907161,69948.6590406032,2,6949,43
539,-74.6823445048821,47.9577997840818,69948.6590406032,1,9252,64
2856,93.6627389158312,16.6887436365939,69948.6590406032,3,327366,323
3045,63.9375257499611,66.4400288432954,69948.6590406032,4,161709,341
568,-69.2046691057753,44.8891976114437,69948.6590406032,3,11274,64
6780,167.377391899996,-15.6471312947885,69948.6590406032,5,20350,749
362,-125.732310204358,48.1306537479056,69948.6590406032,4,32147,41
527,-116.062709859289,37.2515464823053,69948.6590406032,3,776172,60
6726,165.824293673264,-11.198017747068,69948.6590406032,1,546,749
6891,176.444113427345,-18.5362729370675,69948.6590406032,3,119898,768
724,-95.7800982600228,28.2761081492116,69948.6590406032,5,305129,80
6593,163.674605897482,4.6524070849392,69948.6590406032,4,8016,732
3203,115.536268368145,61.5856240795524,69948.6590406032,2,63828,358
2023,30.3732131645249,7.34287317779125,69948.6590406032,3,55336,225
3066,93.4779293106977,58.0397715251231,69948.6590406032,2,85870,339
1194,-69.3751862153297,-3.65078715619783,69948.6590406032,4,67099,129
2576,71.5247443997091,5.44090332356376,69948.6590406032,2,2218,284
2182,35.9126605786808,-13.4158493413478,69948.6590406032,2,124532,242
3666,-98.145980524791,24.5181592783345,69948.6590406032,5,420993,413
3031,106.626373713089,41.3602910878105,69948.6590406032,1,170937,336
1991,23.2897336323243,-2.37430176652586,69948.6590406032,1,70555,224
6785,175.613539315057,-4.80149128952169,69948.6590406032,1,616,751
525,-120.897630247629,34.1759117050484,69948.6590406032,5,364762,59
3620,157.714281057975,1.32057640602202,69948.6590406032,1,698,398
6424,147.406057482425,-2.70375680145369,69948.6590406032,1,5782,720
767,-59.7061518585673,44.8639434367324,69948.6590406032,3,36910,86
2016,22.2331255447461,-9.51262577166196,69948.6590406032,1,18628,223
1930,12.5093596788436,-13.9771685596974,69948.6590406032,2,184952,212
1989,20.9889770808076,-7.09511394819688,69948.6590406032,2,296251,223
2036,15.8539142295313,-27.4317685481866,69948.6590406032,2,24289,230
5887,104.104218611512,28.2223412925082,69948.6590406032,7,1583160,658
1905,13.6991554776135,-7.01678570867475,69948.6590406032,3,226750,213
2278,45.4472877070557,16.3498561791378,69948.6590406032,1,16182,256
1117,-59.7643645424776,8.81004893810309,69948.6590406032,1,721,121
1256,-51.4849460892592,1.37930150458256,69948.6590406032,1,355725,141
6396,145.544518734339,-4.06358651005887,69948.6590406032,1,27333,711
3422,150.745092678457,58.4975318380025,69948.6590406032,1,93907,386
1331,-64.0533948191799,-13.3122140439,69948.6590406032,3,19490,148
2254,40.2625781270846,23.5309449400576,69948.6590406032,3,1032175,248
1562,5.91340330153942,39.9747255350971,69948.6590406032,1,28028,180
7227,-151.196582460697,-18.3636297189847,69948.6590406032,1,353,808
1004,-71.4467125544082,12.0356013231193,69948.6590406032,5,348272,111
3513,150.702202549974,9.33778782586578,69948.6590406032,5,1023,389
2024,31.9542901846197,9.5657007029798,69948.6590406032,1,171116,226
1960,17.4021395390132,-9.39068178328671,69948.6590406032,1,87994,222
6838,176.786989173122,-12.1614851586612,69948.6590406032,1,234,759
1252,-59.8877590710997,-3.53320012474548,69948.6590406032,2,1696627,139
3060,107.058659719778,45.5580438488064,69948.6590406032,1,15608,337
5929,108.273137136903,-2.43080114995592,69948.6590406032,2,97743,663
5956,110.624813784609,-3.65078715321449,69948.6590406032,1,19279,663
6260,134.417917218683,2.18038759799723e-09,69948.6590406032,1,54691,702
2073,28.0778471690071,-7.26591443142023,69948.6590406032,1,37831,233
1802,15.0146288225512,14.0253201399278,69948.6590406032,2,34188,206
5120,33.5961996819338,-26.6174318741076,69948.6590406032,2,1777107,574
5118,31.6531127041092,-31.1242809259815,69948.6590406032,4,137059,573
2022,29.224723861458,4.84104978363762,69948.6590406032,3,55733,225
3039,88.5701243155467,57.4037717480501,69948.6590406032,1,43188,339
2133,37.2581734242168,2.48764160637403,69948.6590406032,1,15583,244
1723,14.26443247029,25.2700928775391,69948.6590406032,1,44909,197
1671,14.547720000237,33.6091490773799,69948.6590406032,4,1498068,189
172,-135.656755145735,64.3151990583549,69948.6590406032,1,570,22
1246,-73.9243814130745,-10.8520755095012,69948.6590406032,4,36914,137
719,-107.358756867703,22.5156853273194,69948.6590406032,1,360102,79
1908,17.2674859739633,7.56027166809095e-08,69948.6590406032,1,185753,214
444,-121.750569304627,42.1208795579122,69948.6590406032,1,70717,50
3014,76.8554736770744,59.7688860558427,69948.6590406032,3,341273,340
4434,-68.9733732541275,-33.9767840799821,69948.6590406032,4,1593739,489
1986,17.4802775147187,-14.1207773343265,69948.6590406032,1,19103,222
5902,105.933250037218,-1.21255256122971,69948.6590406032,3,229618,654
6312,139.738705387251,-8.13105173621461,69948.6590406032,1,50463,701
4435,-66.5405446083607,-33.0298590667991,69948.6590406032,2,298164,489
2878,96.5526247043559,3.63561187945272,69948.6590406032,1,35531,321
924,-68.537335967028,20.4034870752198,69948.6590406032,3,22442,102
640,-103.207130682766,33.036204003946,69948.6590406032,3,233295,70
6302,143.397630684016,-34.1759119563918,69948.6590406032,2,57862,698
1419,-48.4999297632557,-13.3734110288883,69948.6590406032,4,118632,159
1267,-25.8207229708067,16.0206446185078,69948.6590406032,1,72143,144
2388,54.8101455932882,17.2232353931978,69948.6590406032,3,199963,266
1698,16.0727513799837,31.6324347254162,69948.6590406032,2,540699,189
1140,-69.4098202871448,1.21846380766368,69948.6590406032,1,6079,129
2126,30.4752895046429,-13.9241262809535,69948.6590406032,4,43210,242
2481,57.9611995101509,44.7135121980178,69948.6590406032,1,16651,279
5153,40.6110221275265,-14.9470826374775,69948.6590406032,3,686458,576
5124,37.0562115943955,-17.5867763406945,69948.6590406032,2,264129,575
2040,20.5582500811187,-18.7532201869765,69948.6590406032,3,69752,231
1282,-53.4492679588118,-2.72573848470197,69948.6590406032,3,236633,140
5126,38.6296964602369,-13.1041858628537,69948.6590406032,1,74011,576
181,-73.7038917021656,75.9673364279827,69948.6590406032,2,330,25
3035,99.1067556572107,50.3394948343624,69948.6590406032,1,28117,338
5206,43.9146335039405,-20.7790605748821,69948.6590406032,1,37839,584
6280,138.886157942047,-19.9849445106388,69948.6590406032,1,22561,699
2161,39.501986139869,2.51467382379161,69948.6590406032,3,92906,244
2127,31.2375777560918,-11.7321210433083,69948.6590406032,1,28948,242
4447,-38.9775425895523,-18.6513891336906,69948.6590406032,5,326359,493
2337,47.4367828459807,26.5045600758169,69948.6590406032,4,47769,258
3043,73.6031096780906,63.8377908755255,69948.6590406032,2,139248,340
1028,-78.7500000002642,6.0174859724623,69948.6590406032,1,3091,110
2043,23.4242940552798,-12.0094274126756,69948.6590406032,1,14493,232
2915,98.4824662874802,25.98183164549,69948.6590406032,1,92543,325
7013,-160.26169610837,4.71637729208926,69948.6590406032,2,1456,782
6259,134.902936436591,-2.74598458900677,69948.6590406032,1,45137,701
3071,74.5068069308039,66.4768088826172,69948.6590406032,2,140575,341
5851,101.249999999728,8.41731465516292,69948.6590406032,4,192499,655
3809,-141.370303514267,-13.1041858490865,69948.6590406032,1,226,425
154,-66.8674919883352,78.0709651529982,69948.6590406032,5,2410,16
3047,52.7968845081988,68.4123550946146,69948.6590406032,1,17856,342
7034,-166.259199584604,-11.6697823191714,69948.6590406032,2,119,780
3245,130.179174097503,27.8298866834872,69948.6590406032,1,41042,363
6975,-175.297317041577,-18.8003524746861,69948.6590406032,1,4348,778
3416,147.339354863473,42.9777834309304,69948.6590406032,1,30852,384
3172,116.920907705685,52.4760273859105,69948.6590406032,1,15240,356
3256,126.513723983308,57.1834987031333,69948.6590406032,1,66299,366
135,-11.1101904315019,64.8793185964084,69948.6590406032,1,1415,19
1796,7.6374557702464,-4.96425777320395e-08,69948.6590406032,6,207253,204
6201,131.325902013205,-10.7419749131036,69948.6590406032,1,1247,691
6227,133.818151409769,-14.7309649997204,69948.6590406032,1,944,691
6283,137.990442949161,-12.123910420227,69948.6590406032,1,3131,700
3337,138.459074492057,53.14788375491,69948.6590406032,1,26713,375
3166,123.035763514822,36.9643715486187,69948.6590406032,5,479626,354
1941,25.7130109825962,12.1614849722877,69948.6590406032,2,757752,216
3064,98.8844142788314,54.4698110837497,69948.6590406032,2,89604,338
1881,16.0856938124257,2.34939829487259,69948.6590406032,2,51997,214
201,-126.263668608688,65.7014700871412,69948.6590406032,1,1055,23
1215,-18.5660485330488,21.2557405987435,69948.6590406032,1,80984,136
470,-124.087044458343,37.8348669526359,69948.6590406032,6,461315,50
4491,-62.1023264844434,-36.4268845178798,69948.6590406032,1,34952,499
3566,154.016184360044,3.99517997078969,69948.6590406032,3,1501,398
3892,-138.146478825913,-18.9978148341551,69948.6590406032,4,502,434
2989,63.9996700945755,61.0826805915271,69948.6590406032,4,147137,331
2966,41.0034867316357,62.1264153988358,69948.6590406032,2,48178,333
1994,26.8864607453055,4.80149108838953,69948.6590406032,2,22791,225
2011,16.7861461854983,-20.9826392765325,69948.6590406032,5,67580,221
3365,142.133740111902,54.1928578077626,69948.6590406032,1,26102,376
2981,90.8663017033362,49.071711751201,69948.6590406032,2,58917,329
7119,-157.766874455257,-9.51262577157335,69948.6590406032,1,165,790
1984,14.9831536697109,-18.8250387934721,69948.6590406032,6,64436,221
6675,168.650499106154,-2.89349285993826e-07,69948.6590406032,1,111,741
261,-92.8698164021196,68.3312048136333,69948.6590406032,1,1140,34
529,-110.459940924304,40.1048992675316,69948.6590406032,3,290288,60
2998,16.9081808832113,63.8813782184653,69948.6590406032,3,145009,334
2323,31.1593713070657,57.5554590260105,69948.6590406032,5,388624,262
6554,163.458533439749,-19.437332518314,69948.6590406032,3,4498,728
950,-71.1627389159439,16.6887436350454,69948.6590406032,1,2707,102
5984,112.930515138638,-2.43928302498343,69948.6590406032,3,293328,664
1795,6.41430621808095,-2.34939835786833,69948.6590406032,1,4279,203
6067,119.87589248436,-1.2191672294621,69948.6590406032,2,343446,673
292,-68.6900771353517,66.4571611347143,69948.6590406032,1,1328,35
1274,-71.4467125541935,-12.0356013275503,69948.6590406032,1,6695,138
5859,101.249999999605,27.2007651590293,69948.6590406032,2,590935,658
4437,-61.7098673689237,-30.9913589429761,69948.6590406032,4,888087,490
5930,108.261548236431,7.407450292358e-10,69948.6590406032,4,645826,664
5154,41.3710566565672,-12.7267323458013,69948.6590406032,1,111342,576
3671,-86.1845738999254,29.3975296823989,69948.6590406032,1,53652,415
3503,159.911631296561,52.2951097189546,69948.6590406032,3,246506,395
3117,110.020309337385,51.4938877039911,69948.6590406032,1,19420,347
5857,101.249999999649,22.5995008929613,69948.6590406032,3,149145,657
6566,161.645157267121,6.47285999921465,69948.6590406032,1,549,732
3775,-95.6660800353538,15.0364406449876,69948.6590406032,2,87129,422
3485,148.300458674209,8.05491689212293,69948.6590406032,2,1428,389
1240,-25.0574488967611,18.1372196116612,69948.6590406032,3,11464,144
1360,-59.6227041937254,-14.0216237677036,69948.6590406032,2,95722,148
3363,141.754525404421,48.9599245641691,69948.6590406032,3,64194,375
6248,137.910472243756,-31.8079669736801,69948.6590406032,2,31218,698
2854,93.9467125543319,12.0356013246499,69948.6590406032,1,115105,322
6032,118.24668105266,-20.2969296694979,69948.6590406032,2,33718,671
6219,136.23667113731,-35.9556360163918,69948.6590406032,1,11182,688
6394,146.346269695743,-9.41048461703292,69948.6590406032,1,289861,710
486,-65.8207431940667,50.7925388875121,69948.6590406032,2,28175,55
1277,-64.3314630308936,-8.36424229660557,69948.6590406032,1,312847,139
4384,-59.354019365936,-24.5181595220408,69948.6590406032,1,1900,490
1389,-55.1265968452095,-14.4093294961272,69948.6590406032,1,81391,158
3862,-81.2148583887863,14.4041102407218,69948.6590406032,1,2482,433
3948,-133.974408443518,-22.5287842313534,69948.6590406032,2,1441,435
585,-105.704001570272,37.2818797757193,69948.6590406032,1,104659,70
3966,-90.4053865074694,2.00523902824685e-09,69948.6590406032,3,19630,441
1087,-66.869197894639,7.25798731421425,69948.6590406032,2,89801,120
1138,-74.066749962774,-1.21255256420923,69948.6590406032,1,9390,128
4545,-64.4035396598644,-41.5914817405459,69948.6590406032,2,115798,508
1302,-68.8897202127988,-13.1561176970718,69948.6590406032,2,78926,147
3837,-139.388977848892,-14.9470826255082,69948.6590406032,1,213,425
4680,-71.7789696806857,-53.8859908115838,69948.6590406032,1,117861,517
2774,86.5382200196371,18.6391916265097,69948.6590406032,1,174218,314
6926,-171.169272532894,-2.34583740033147,69948.6590406032,1,51,771
2947,101.250000188393,35.9983015954205,69948.6590406032,2,858037,326
336,-123.065367198295,52.5036485903257,69948.6590406032,2,28282,41
3042,77.8609849091756,62.3515322488423,69948.6590406032,1,47825,340
2311,43.7158836811431,29.4090182123492,69948.6590406032,1,47605,258
1967,25.7456872878363,7.19887659719211,69948.6590406032,1,3766,225
7091,-160.167472932404,-9.44309095601329,69948.6590406032,2,102,790
3999,-144.367552740305,-28.532862663037,69948.6590406032,1,480,443
504,-103.779511677871,45.3061666712927,69948.6590406032,1,62302,61
3836,-142.146453769278,-15.3407537518885,69948.6590406032,1,245,425
4572,-65.5800514297463,-44.1402919397312,69948.6590406032,2,121525,508
3893,-135.315282117116,-18.5471504067118,69948.6590406032,1,364,435
1192,-74.0242999370904,-6.05255156765076,69948.6590406032,1,20873,128
1330,-66.2029061940631,-14.1315990933008,69948.6590406032,6,70073,147
1268,-22.9472877065426,16.3498561806098,69948.6590406032,3,25617,145
1303,-66.4725645950747,-11.9038926172416,69948.6590406032,1,76823,147
1276,-66.6950260999392,-9.60898411782487,69948.6590406032,1,266362,138
4653,-69.9796904350625,-51.4938874877012,69948.6590406032,1,87366,517
2336,48.1949671463751,24.2489656254616,69948.6590406032,6,4595326,258
1414,-59.486165848754,-19.2512830618614,69948.6590406032,3,16395,157
6760,176.833106291939,2.38733093846592,69948.6590406032,1,1161,751
6064,120.235635458226,-8.81004893777733,69948.6590406032,2,84810,672
1724,15.8539138430043,27.4317686086472,69948.6590406032,1,130244,198
1727,21.0558878804266,33.8171496416589,69948.6590406032,3,253013,199
460,-58.9961425958327,51.5803099286904,69948.6590406032,1,3975,55
1229,-51.2424466986211,4.08531505095967,69948.6590406032,1,2828,141
3087,110.79533097209,44.8891981028731,69948.6590406032,1,29386,346
1438,-66.3862802213817,-24.9082584187769,69948.6590406032,1,523878,156
3889,-81.1776404855314,12.0292429703416,69948.6590406032,1,59816,433
4407,-68.9734780560525,-31.2291382738923,69948.6590406032,1,453641,489
636,-112.496648184985,27.8801596156373,69948.6590406032,3,42116,69
3028,111.02662674789,33.9767840792188,69948.6590406032,5,1258065,335
4490,-65.2926028409688,-37.3548455742408,69948.6590406032,1,113838,499
1364,-50.9389100600536,-9.3780762322873,69948.6590406032,1,28409,150
4382,-64.0604122301011,-26.6096364385204,69948.6590406032,2,1153984,490
1769,6.41430618957774,2.34939829486867,69948.6590406032,1,1214,195
2502,62.6376824450508,27.7805712576207,69948.6590406032,1,65422,277
2306,47.5574488971996,18.1372196104304,69948.6590406032,1,67260,257
1988,19.8325270675983,-9.44309095610255,69948.6590406032,1,40253,223
182,-64.0232284507062,75.4880136684277,69948.6590406032,1,84,26
3091,103.615585962079,54.4698110935661,69948.6590406032,2,78962,347
1090,-59.6929810954533,11.4153525240647,69948.6590406032,1,4631,121
2995,33.6101898181028,64.8793185994815,69948.6590406032,1,33074,333
1853,13.6692725634359,2.345837368832,69948.6590406032,1,3169,205
1248,-69.2019252978958,-8.46536579874132,69948.6590406032,1,21312,138
3435,146.072139947447,21.1336067210051,69948.6590406032,1,8,381
2263,31.8359035806202,44.0871252162198,69948.6590406032,1,330695,251
3146,110.952094238883,55.655509911576,69948.6590406032,1,25615,348
2671,77.3122436865998,38.4942873570804,69948.6590406032,1,83832,297
3163,123.051447344648,28.7745544842637,69948.6590406032,1,95253,353
2538,64.034530897411,50.5212272740774,69948.6590406032,2,6015,289
2591,70.1562573898859,45.4495003388581,69948.6590406032,1,2403,289
1497,-10.9507515083388,20.137975762933,69948.6590406032,1,4595,167
561,-95.3707941520765,43.2483944517257,69948.6590406032,2,226397,62
6069,120.112240928656,3.5332001248388,69948.6590406032,1,17690,674
281,-127.489275715911,55.8961349882001,69948.6590406032,1,5442,32
257,-116.049198002186,63.7500524558762,69948.6590406032,1,1196,33
6753,166.587339745518,-13.4158499659622,69948.6590406032,1,1196,749
6205,130.321647221809,2.02399048055235e-09,69948.6590406032,1,129079,692
2991,54.620367050544,63.0271978987057,69948.6590406032,2,131063,332
2063,17.5092229204685,-29.577969535566,69948.6590406032,1,10408,230
644,-92.2073968230036,37.3548450343297,69948.6590406032,1,150128,72
754,-6.26942877739616,59.9566394540827,69948.6590406032,1,290,90
6036,118.076747183717,-9.76038160082999,69948.6590406032,1,53487,672
3160,22.4925999664816,77.7317781248519,69948.6590406032,1,0,352
2964,50.7484476766843,61.1229709829913,69948.6590406032,1,230136,332
2449,56.7626364614964,32.7148721925598,69948.6590406032,1,53522,277
2498,63.9281735471535,17.3800543023744,69948.6590406032,1,786,276
6759,175.683770646331,-2.02807525388671e-07,69948.6590406032,1,1972,751
3227,124.032792289802,53.123277576431,69948.6590406032,1,61008,357
6545,171.929237872878,-39.846510252812,69948.6590406032,1,1224,725
1666,6.89775057672946,23.1595898531893,69948.6590406032,1,76060,187
6041,117.593401604656,2.43702323089273,69948.6590406032,2,150894,674
5260,48.1949672958639,-24.2489655636301,69948.6590406032,2,70528,584
1554,-4.41510222927593,22.8374220234779,69948.6590406032,1,3011,177
2986,75.9862762587794,57.1834986148706,69948.6590406032,1,27025,330
3865,-137.372954159366,-16.7610234890254,69948.6590406032,1,260,425
2197,37.0562114905241,17.5867763324873,69948.6590406032,1,22690,247
2256,38.5983193477417,28.1169369973191,69948.6590406032,1,27938,249
1223,-64.6955513153276,-3.65224582342596,69948.6590406032,1,44711,139
6225,134.278904024916,-19.9899639301053,69948.6590406032,1,3860,690
6178,128.51505391116,1.37930150794525,69948.6590406032,2,149570,692
508,-89.1336981885887,49.071711262693,69948.6590406032,2,100323,62
1609,0.167288900913083,20.8809457588061,69948.6590406032,1,2825,177
397,-96.1155988999631,56.622554149583,69948.6590406032,1,12261,43
6558,160.382586698222,-10.5265043994823,69948.6590406032,1,216,729
1557,-1.1151697280517,29.4961437216742,69948.6590406032,1,51735,178
1668,9.69837922888962,27.2564984380121,69948.6590406032,1,44058,188
5901,105.947375295644,-3.63561187945271,69948.6590406032,1,34285,654
1607,-1.69515549411227,16.4654365287482,69948.6590406032,1,32414,177
3007,97.1823447714627,47.9578002648397,69948.6590406032,2,36025,337
6230,133.207532874582,-6.79111160695224,69948.6590406032,1,40001,692
6947,-178.058249580769,-18.753220428997,69948.6590406032,1,576,769
207,-87.3505881330499,73.480802422753,69948.6590406032,1,865,25
2285,39.9063869437715,32.2749198750305,69948.6590406032,2,64549,259
2425,52.5390943991804,41.0828377114087,69948.6590406032,1,68519,269
3228,123.069276764577,55.6845136398303,69948.6590406032,1,36421,357
2535,64.062430147572,42.6297727249652,69948.6590406032,2,97761,288
1942,27.7456598915613,14.1238824350668,69948.6590406032,1,11204,216
1116,-61.9489313576805,7.06636585766188,69948.6590406032,1,54577,121
1359,-61.8339199646462,-15.0364406449877,69948.6590406032,1,3337,148
4708,-69.0479055874409,-55.6555096993652,69948.6590406032,1,60914,526
3120,103.896076370624,58.5863750487543,69948.6590406032,1,100124,348
3119,106.196682233835,56.2483676340169,69948.6590406032,2,75865,348
6624,168.538823484484,11.4814902668553,69948.6590406032,1,439,733
1968,26.9153073657318,9.701861055009,69948.6590406032,1,39428,225
2352,54.6222642407037,-5.38925030896778,69948.6590406032,1,22611,263
190,-18.503487205921,62.1264153269436,69948.6590406032,1,299,28
6807,168.197064433063,-17.8888860745431,69948.6590406032,1,37141,758
1725,17.5092224988674,29.5779696177127,69948.6590406032,1,28313,198
1918,32.5628533823095,22.3911068950979,69948.6590406032,1,15338,217
7076,176.654479889427,-42.1794136468721,69948.6590406032,1,1897,785
3304,135.812857723046,38.7138699125699,69948.6590406032,1,24262,364
1614,6.42724861938078,31.6324347245505,69948.6590406032,3,283982,179
199,-134.063275689164,61.7098753720163,69948.6590406032,1,20340,22
339,-111.988742348908,57.2582937422576,69948.6590406032,1,41554,42
2273,48.4838156579143,3.99517990783268,69948.6590406032,1,2058,255
3114,114.419948285159,44.1402921384499,69948.6590406032,1,123198,346
1337,-51.0823761674209,-6.74338302145878,69948.6590406032,1,27316,150
3113,115.59646033822,41.5914817390902,69948.6590406032,2,1119346,346
3285,129.616926595797,61.2123663062823,69948.6590406032,1,216588,367
6647,166.34003015618,-3.16901566088471e-07,69948.6590406032,1,4587,741
285,-111.416589333131,62.5455859021153,69948.6590406032,1,15748,33
2992,49.5715682535767,63.7588840204582,69948.6590406032,1,16293,332
3002,106.263295452268,37.1280764082683,69948.6590406032,1,480916,336
6168,130.014769805981,-25.1664782789705,69948.6590406032,1,4020,689
1913,23.4242939011608,12.0094275700195,69948.6590406032,1,29260,216
3255,127.282250678544,54.592394927228,69948.6590406032,1,26738,366
2948,99.5602254466839,37.7871445221112,69948.6590406032,1,96817,327
1189,-14.8896868633161,23.9742499103757,69948.6590406032,1,67468,136
2228,36.525897978475,26.2524728787623,69948.6590406032,2,57795,249
2360,52.784835287823,15.9045438310331,69948.6590406032,1,4543,266
1807,22.9977694520065,25.2086100682755,69948.6590406032,1,47919,207
2304,48.8561440904367,13.327142122989,69948.6590406032,1,307033,256
2332,50.7999552244634,14.6043727844767,69948.6590406032,1,69707,256
1472,-11.0961995135249,26.6174318446447,69948.6590406032,1,42056,168
2307,46.7923684172101,20.3086577618797,69948.6590406032,1,24689,257
